timestamp,hour,day_of_week,month,is_weekend,temperature,humidity,solar_radiation,cloud_cover,energy_demand,solar_generation,battery_soc,battery_power,grid_power
2023-01-01T00:00:00,0,6,1,1,6.89,68.0,0.0,38.87,13.162,0.0,36.76,-13.162,0.0
2023-01-01T01:00:00,1,6,1,1,3.42,66.99,0.35,29.57,12.337,0.01,24.59,-12.327,0.0
2023-01-01T02:00:00,2,6,1,1,5.62,67.29,0.65,36.42,11.86,0.009,12.61,-11.851,0.0
2023-01-01T03:00:00,3,6,1,1,4.76,69.14,0.0,45.67,12.328,0.0,10.07,-2.66,9.668
2023-01-01T04:00:00,4,6,1,1,2.26,66.5,1.23,34.55,9.447,0.003,9.95,-0.0,9.444
2023-01-01T05:00:00,5,6,1,1,3.19,65.62,2.49,35.83,9.686,0.029,10.07,-0.0,9.657
2023-01-01T06:00:00,6,6,1,1,6.16,71.07,1.47,9.3,12.81,0.0,9.9,-0.0,12.81
2023-01-01T07:00:00,7,6,1,1,6.78,69.61,27.35,11.95,16.323,1.292,9.82,-0.0,15.031
2023-01-01T08:00:00,8,6,1,1,8.42,62.74,300.05,21.91,17.866,14.13,10.13,-0.0,3.736
2023-01-01T09:00:00,9,6,1,1,9.27,72.33,513.33,31.89,17.831,24.312,15.79,6.481,0.0
2023-01-01T10:00:00,10,6,1,1,12.98,66.43,712.31,25.49,18.204,33.843,30.24,15.639,0.0
2023-01-01T11:00:00,11,6,1,1,15.12,62.89,815.33,30.83,19.157,39.244,48.75,20.0,0.0
2023-01-01T12:00:00,12,6,1,1,14.96,59.42,780.04,37.17,19.89,39.13,66.18,19.24,0.0
2023-01-01T13:00:00,13,6,1,1,16.72,68.94,627.63,54.87,17.175,27.852,76.18,10.677,0.0
2023-01-01T14:00:00,14,6,1,1,16.42,75.01,599.46,43.42,16.658,29.546,88.03,12.888,0.0
2023-01-01T15:00:00,15,6,1,1,14.9,61.01,661.1,6.2,16.877,31.208,99.96,12.901,0.0
2023-01-01T16:00:00,16,6,1,1,17.44,65.03,345.49,9.51,18.01,16.48,98.43,-1.53,0.0
2023-01-01T17:00:00,17,6,1,1,14.18,61.72,32.29,15.88,18.308,1.491,81.58,-16.817,0.0
2023-01-01T18:00:00,18,6,1,1,16.26,67.74,0.0,25.84,16.221,0.019,65.42,-16.202,0.0
2023-01-01T19:00:00,19,6,1,1,13.63,63.3,0.16,22.33,20.231,0.025,45.67,-20.0,0.206
2023-01-01T20:00:00,20,6,1,1,11.79,52.89,0.23,21.33,19.639,0.004,26.16,-19.635,0.0
2023-01-01T21:00:00,21,6,1,1,9.71,63.08,1.86,25.56,19.889,0.0,10.07,-15.816,4.073
2023-01-01T22:00:00,22,6,1,1,10.36,68.31,0.0,34.31,17.835,0.026,9.95,-0.0,17.809
2023-01-01T23:00:00,23,6,1,1,5.57,70.92,0.0,2.45,17.277,0.018,9.86,-0.0,17.259
2023-01-02T00:00:00,0,0,1,0,5.12,72.07,1.25,49.67,12.007,0.011,9.89,-0.0,11.996
2023-01-02T01:00:00,1,0,1,0,4.56,67.19,0.0,8.96,10.352,0.0,9.96,-0.0,10.352
2023-01-02T02:00:00,2,0,1,0,5.67,65.02,0.0,19.14,9.295,0.023,10.17,-0.0,9.272
2023-01-02T03:00:00,3,0,1,0,5.25,74.17,0.0,7.0,9.648,0.0,9.84,-0.0,9.648
2023-01-02T04:00:00,4,0,1,0,4.01,78.41,0.0,32.78,9.037,0.017,10.05,-0.0,9.02
2023-01-02T05:00:00,5,0,1,0,5.19,68.94,0.26,46.5,11.791,0.0,9.92,-0.0,11.791
2023-01-02T06:00:00,6,0,1,0,7.84,63.79,0.0,49.86,15.127,0.0,10.14,-0.0,15.127
2023-01-02T07:00:00,7,0,1,0,7.42,59.41,19.5,28.84,20.306,0.946,9.94,-0.0,19.36
2023-01-02T08:00:00,8,0,1,0,8.59,74.57,212.52,53.83,21.861,9.773,9.88,-0.0,12.088
2023-01-02T09:00:00,9,0,1,0,9.55,68.35,511.51,31.49,22.312,25.639,12.95,3.327,0.0
2023-01-02T10:00:00,10,0,1,0,13.0,67.66,400.8,70.14,15.597,19.167,16.6,3.57,0.0
2023-01-02T11:00:00,11,0,1,0,15.84,67.98,680.81,47.58,15.022,33.179,33.04,18.157,0.0
2023-01-02T12:00:00,12,0,1,0,15.49,58.09,852.55,30.39,15.699,43.185,51.61,20.0,0.0
2023-01-02T13:00:00,13,0,1,0,15.55,74.26,465.05,70.94,14.419,22.49,58.92,8.071,0.0
2023-01-02T14:00:00,14,0,1,0,15.87,68.73,373.55,74.43,14.038,17.956,62.57,3.918,0.0
2023-01-02T15:00:00,15,0,1,0,17.61,57.42,540.32,28.76,13.922,25.996,73.53,12.074,0.0
2023-01-02T16:00:00,16,0,1,0,18.06,63.73,230.35,48.63,17.337,10.668,66.9,-6.669,0.0
2023-01-02T17:00:00,17,0,1,0,17.18,65.32,30.3,57.16,19.653,1.435,48.54,-18.218,0.0
2023-01-02T18:00:00,18,0,1,0,14.07,71.08,0.8,58.63,22.611,0.0,28.54,-20.0,2.611
2023-01-02T19:00:00,19,0,1,0,13.81,75.52,0.0,60.56,26.643,0.008,9.96,-18.701,7.934
2023-01-02T20:00:00,20,0,1,0,12.83,76.74,0.05,66.85,27.996,0.004,9.94,-0.0,27.992
2023-01-02T21:00:00,21,0,1,0,11.55,71.51,0.0,59.1,22.005,0.009,9.97,-0.0,21.996
2023-01-02T22:00:00,22,0,1,0,9.51,73.05,0.0,73.42,20.09,0.0,10.11,-0.0,20.09
2023-01-02T23:00:00,23,0,1,0,7.34,70.67,0.0,62.32,16.726,0.004,10.27,-0.0,16.722
2023-01-03T00:00:00,0,1,1,0,6.96,63.06,1.55,50.21,12.67,0.013,9.85,-0.0,12.657
2023-01-03T01:00:00,1,1,1,0,5.2,72.89,0.0,50.94,12.403,0.047,10.05,-0.0,12.356
2023-01-03T02:00:00,2,1,1,0,4.33,73.71,0.0,80.96,11.694,0.0,9.91,-0.0,11.694
2023-01-03T03:00:00,3,1,1,0,5.76,78.78,0.0,51.04,9.31,0.02,9.75,-0.0,9.29
2023-01-03T04:00:00,4,1,1,0,2.53,73.86,1.56,53.7,8.637,0.013,10.35,-0.0,8.624
2023-01-03T05:00:00,5,1,1,0,4.72,73.89,0.0,30.34,12.175,0.002,9.98,-0.0,12.173
2023-01-03T06:00:00,6,1,1,0,6.17,69.28,0.0,45.93,15.385,0.0,9.94,-0.0,15.385
2023-01-03T07:00:00,7,1,1,0,6.19,68.28,26.34,45.75,16.138,1.263,10.13,-0.0,14.875
2023-01-03T08:00:00,8,1,1,0,8.41,72.66,265.1,40.4,22.246,12.359,10.35,-0.0,9.887
2023-01-03T09:00:00,9,1,1,0,11.81,71.9,368.8,58.73,19.521,18.936,10.04,-0.0,0.585
2023-01-03T10:00:00,10,1,1,0,10.97,70.59,591.86,45.41,17.385,26.129,18.42,8.744,0.0
2023-01-03T11:00:00,11,1,1,0,14.26,71.83,408.74,79.61,14.676,19.844,22.79,5.168,0.0
2023-01-03T12:00:00,12,1,1,0,13.28,72.35,660.65,50.01,14.114,31.632,39.06,17.518,0.0
2023-01-03T13:00:00,13,1,1,0,15.9,72.81,502.86,67.56,15.521,23.268,45.92,7.747,0.0
2023-01-03T14:00:00,14,1,1,0,16.85,57.09,486.68,60.27,14.371,23.155,54.0,8.784,0.0
2023-01-03T15:00:00,15,1,1,0,17.71,64.9,400.34,51.5,17.281,18.126,54.94,0.845,0.0
2023-01-03T16:00:00,16,1,1,0,18.08,70.29,230.77,46.38,17.266,11.686,49.52,-5.58,0.0
2023-01-03T17:00:00,17,1,1,0,16.59,59.2,22.01,34.79,20.22,1.057,30.08,-19.163,0.0
2023-01-03T18:00:00,18,1,1,0,14.74,56.34,0.0,31.38,22.758,0.028,10.29,-20.0,2.73
2023-01-03T19:00:00,19,1,1,0,13.49,68.0,0.73,52.79,25.468,0.005,10.05,-0.159,25.304
2023-01-03T20:00:00,20,1,1,0,12.4,67.02,2.3,20.25,26.67,0.0,9.96,-0.0,26.67
2023-01-03T21:00:00,21,1,1,0,10.59,66.86,0.67,45.24,24.289,0.0,10.11,-0.0,24.289
2023-01-03T22:00:00,22,1,1,0,6.32,76.63,0.46,36.23,19.741,0.005,9.88,-0.0,19.736
2023-01-03T23:00:00,23,1,1,0,5.71,81.42,0.0,47.65,17.186,0.0,10.15,-0.0,17.186
2023-01-04T00:00:00,0,2,1,0,4.19,62.93,0.0,44.42,11.802,0.0,9.96,-0.0,11.802
2023-01-04T01:00:00,1,2,1,0,6.29,66.43,0.71,24.1,11.193,0.0,10.11,-0.0,11.193
2023-01-04T02:00:00,2,2,1,0,3.89,60.28,0.83,37.5,10.226,0.001,10.03,-0.0,10.225
2023-01-04T03:00:00,3,2,1,0,4.13,77.03,1.65,52.0,9.902,0.012,10.01,-0.0,9.89
2023-01-04T04:00:00,4,2,1,0,3.79,66.94,2.57,28.2,11.563,0.0,9.49,-0.0,11.563
2023-01-04T05:00:00,5,2,1,0,4.93,70.99,0.0,52.55,12.223,0.0,9.91,-0.0,12.223
2023-01-04T06:00:00,6,2,1,0,6.03,77.23,0.0,44.03,14.789,0.002,9.85,-0.0,14.787
2023-01-04T07:00:00,7,2,1,0,7.17,62.54,34.7,32.84,18.87,1.679,10.08,-0.0,17.191
2023-01-04T08:00:00,8,2,1,0,8.48,62.02,237.95,42.53,20.817,12.198,9.97,-0.0,8.619
2023-01-04T09:00:00,9,2,1,0,9.18,59.68,378.61,52.77,20.583,18.01,9.75,-0.0,2.573
2023-01-04T10:00:00,10,2,1,0,11.48,73.32,708.58,33.9,16.828,35.145,26.94,18.317,0.0
2023-01-04T11:00:00,11,2,1,0,13.72,72.88,675.5,46.89,16.542,30.064,39.27,13.522,0.0
2023-01-04T12:00:00,12,2,1,0,14.25,65.85,737.81,46.37,14.046,35.603,57.68,20.0,0.0
2023-01-04T13:00:00,13,2,1,0,17.37,56.28,860.05,26.73,15.844,40.026,76.16,20.0,0.0
2023-01-04T14:00:00,14,2,1,0,16.15,71.77,499.93,55.23,14.306,24.494,85.5,10.188,0.0
2023-01-04T15:00:00,15,2,1,0,15.86,79.42,463.88,41.16,15.528,23.163,92.79,7.635,0.0
2023-01-04T16:00:00,16,2,1,0,17.66,67.64,159.4,68.85,17.667,7.491,82.45,-10.176,0.0
2023-01-04T17:00:00,17,2,1,0,17.51,62.06,18.55,63.34,20.794,0.907,62.44,-19.887,0.0
2023-01-04T18:00:00,18,2,1,0,16.64,74.81,1.0,63.72,23.672,0.0,42.48,-20.0,3.672
2023-01-04T19:00:00,19,2,1,0,13.91,63.94,0.0,60.38,28.418,0.0,22.39,-20.0,8.418
2023-01-04T20:00:00,20,2,1,0,11.1,69.63,2.17,62.48,25.538,0.0,9.93,-12.426,13.112
2023-01-04T21:00:00,21,2,1,0,10.19,52.83,0.0,22.87,21.323,0.006,10.13,-0.0,21.317
2023-01-04T22:00:00,22,2,1,0,7.65,66.84,3.0,29.1,19.41,0.032,10.24,-0.0,19.378
2023-01-04T23:00:00,23,2,1,0,4.72,61.44,0.08,14.83,17.448,0.0,9.98,-0.0,17.448
2023-01-05T00:00:00,0,3,1,0,3.74,74.75,2.44,15.4,12.456,0.005,10.08,-0.0,12.451
2023-01-05T01:00:00,1,3,1,0,4.18,66.55,0.0,36.87,9.831,0.0,9.86,-0.0,9.831
2023-01-05T02:00:00,2,3,1,0,4.66,71.49,0.73,13.01,9.758,0.0,10.1,-0.0,9.758
2023-01-05T03:00:00,3,3,1,0,2.36,69.23,0.03,19.02,8.968,0.0,9.86,-0.0,8.968
2023-01-05T04:00:00,4,3,1,0,4.62,69.43,0.0,20.97,9.731,0.023,10.03,-0.0,9.708
2023-01-05T05:00:00,5,3,1,0,6.92,68.94,0.0,12.88,12.175,0.0,10.07,-0.0,12.175
2023-01-05T06:00:00,6,3,1,0,5.38,71.35,0.0,42.48,15.994,0.0,10.2,-0.0,15.994
2023-01-05T07:00:00,7,3,1,0,7.77,70.11,8.57,62.81,18.364,0.391,9.69,-0.0,17.973
2023-01-05T08:00:00,8,3,1,0,8.76,67.62,233.86,55.32,20.434,11.666,10.24,-0.0,8.768
2023-01-05T09:00:00,9,3,1,0,10.35,69.16,541.54,27.4,20.88,25.602,14.53,4.722,0.0
2023-01-05T10:00:00,10,3,1,0,11.78,58.58,617.19,42.43,16.5,28.76,25.7,12.26,0.0
2023-01-05T11:00:00,11,3,1,0,13.89,72.11,895.89,21.04,14.312,46.261,43.98,20.0,0.0
2023-01-05T12:00:00,12,3,1,0,16.06,67.59,676.47,50.42,16.761,32.074,58.27,15.313,0.0
2023-01-05T13:00:00,13,3,1,0,13.76,64.23,761.62,35.22,13.538,35.453,76.79,20.0,0.0
2023-01-05T14:00:00,14,3,1,0,18.2,64.29,674.78,31.81,12.27,33.311,94.87,20.0,0.0
2023-01-05T15:00:00,15,3,1,0,18.17,63.03,423.47,51.99,13.583,20.514,100.0,5.531,0.0
2023-01-05T16:00:00,16,3,1,0,15.2,67.33,214.96,55.83,14.381,10.683,96.45,-3.698,0.0
2023-01-05T17:00:00,17,3,1,0,14.65,61.56,15.04,47.21,21.263,0.724,76.49,-20.0,0.539
2023-01-05T18:00:00,18,3,1,0,15.26,71.99,0.0,68.73,22.903,0.022,56.42,-20.0,2.881
2023-01-05T19:00:00,19,3,1,0,12.68,66.89,0.46,40.36,24.389,0.023,36.31,-20.0,4.366
2023-01-05T20:00:00,20,3,1,0,12.75,65.49,0.0,22.43,26.151,0.035,16.13,-20.0,6.116
2023-01-05T21:00:00,21,3,1,0,9.98,78.17,0.53,53.64,24.866,0.006,9.93,-6.302,18.558
2023-01-05T22:00:00,22,3,1,0,10.8,63.36,0.24,34.16,19.26,0.01,10.1,-0.0,19.25
2023-01-05T23:00:00,23,3,1,0,6.67,72.16,3.53,55.16,18.37,0.0,9.97,-0.0,18.37
2023-01-06T00:00:00,0,4,1,0,4.53,63.18,0.39,38.2,11.586,0.0,9.72,-0.0,11.586
2023-01-06T01:00:00,1,4,1,0,5.27,71.19,0.17,20.95,9.656,0.011,9.91,-0.0,9.645
2023-01-06T02:00:00,2,4,1,0,4.2,66.64,0.63,5.6,12.121,0.0,9.83,-0.0,12.121
2023-01-06T03:00:00,3,4,1,0,6.76,67.61,0.0,20.26,9.065,0.0,10.04,-0.0,9.065
2023-01-06T04:00:00,4,4,1,0,5.76,67.69,0.0,22.97,9.839,0.025,10.13,-0.0,9.814
2023-01-06T05:00:00,5,4,1,0,6.44,64.8,1.04,20.22,13.421,0.029,10.03,-0.0,13.392
2023-01-06T06:00:00,6,4,1,0,7.93,81.02,1.94,31.36,15.52,0.005,9.78,-0.0,15.515
2023-01-06T07:00:00,7,4,1,0,5.63,71.48,19.07,41.27,19.045,0.923,9.94,-0.0,18.122
2023-01-06T08:00:00,8,4,1,0,9.07,68.92,273.34,28.14,20.852,13.368,9.84,-0.0,7.484
2023-01-06T09:00:00,9,4,1,0,9.21,60.01,602.19,17.17,19.365,28.675,18.55,9.31,0.0
2023-01-06T10:00:00,10,4,1,0,11.79,70.45,687.0,28.7,17.641,33.611,33.37,15.97,0.0
2023-01-06T11:00:00,11,4,1,0,12.52,62.21,974.24,10.08,15.84,47.774,51.67,20.0,0.0
2023-01-06T12:00:00,12,4,1,0,15.51,65.92,868.26,26.78,14.097,41.2,70.06,20.0,0.0
2023-01-06T13:00:00,13,4,1,0,16.4,69.0,760.55,35.38,14.741,36.402,88.7,20.0,0.0
2023-01-06T14:00:00,14,4,1,0,15.36,65.32,649.89,40.61,14.731,31.003,99.87,12.546,0.0
2023-01-06T15:00:00,15,4,1,0,16.52,64.01,384.52,55.18,15.373,17.664,100.0,0.0,0.0
2023-01-06T16:00:00,16,4,1,0,17.84,56.2,197.29,62.99,16.261,9.309,93.01,-6.952,0.0
2023-01-06T17:00:00,17,4,1,0,18.07,67.28,29.43,73.02,19.04,1.45,75.84,-17.59,0.0
2023-01-06T18:00:00,18,4,1,0,17.84,65.3,2.33,68.82,23.39,0.0,55.5,-20.0,3.39
2023-01-06T19:00:00,19,4,1,0,17.31,63.48,1.03,70.14,24.214,0.015,35.19,-20.0,4.199
2023-01-06T20:00:00,20,4,1,0,13.98,75.25,0.0,49.83,28.723,0.0,15.4,-20.0,8.723
2023-01-06T21:00:00,21,4,1,0,8.65,75.77,0.39,49.44,20.216,0.021,9.81,-5.458,14.737
2023-01-06T22:00:00,22,4,1,0,5.54,64.69,2.68,57.9,18.831,0.0,10.32,-0.0,18.831
2023-01-06T23:00:00,23,4,1,0,8.08,72.5,0.0,53.22,17.139,0.015,9.9,-0.0,17.124
2023-01-07T00:00:00,0,5,1,1,5.94,64.4,0.0,23.68,13.495,0.0,10.19,-0.0,13.495
2023-01-07T01:00:00,1,5,1,1,4.71,74.76,3.31,48.75,10.967,0.0,10.14,-0.0,10.967
2023-01-07T02:00:00,2,5,1,1,4.21,70.27,0.0,55.91,10.416,0.007,9.83,-0.0,10.409
2023-01-07T03:00:00,3,5,1,1,3.1,70.72,0.0,46.16,10.764,0.0,9.77,-0.0,10.764
2023-01-07T04:00:00,4,5,1,1,5.64,73.36,0.48,22.96,9.397,0.02,10.15,-0.0,9.377
2023-01-07T05:00:00,5,5,1,1,4.42,75.32,0.61,36.39,10.417,0.0,9.95,-0.0,10.417
2023-01-07T06:00:00,6,5,1,1,6.37,78.73,0.69,43.25,14.063,0.004,10.0,-0.0,14.059
2023-01-07T07:00:00,7,5,1,1,5.41,74.9,20.96,71.76,15.6,0.994,10.03,-0.0,14.606
2023-01-07T08:00:00,8,5,1,1,6.28,61.5,292.83,26.92,16.292,14.099,9.56,-0.0,2.193
2023-01-07T09:00:00,9,5,1,1,10.41,74.05,440.09,46.42,18.46,21.121,12.44,2.661,0.0
2023-01-07T10:00:00,10,5,1,1,12.92,70.65,678.16,32.83,18.62,32.058,24.98,13.438,0.0
2023-01-07T11:00:00,11,5,1,1,16.25,68.29,760.12,39.24,18.018,34.77,39.96,16.752,0.0
2023-01-07T12:00:00,12,5,1,1,15.83,65.21,561.76,62.91,17.384,27.746,49.88,10.362,0.0
2023-01-07T13:00:00,13,5,1,1,17.96,60.09,667.43,47.44,18.719,33.362,63.19,14.643,0.0
2023-01-07T14:00:00,14,5,1,1,16.3,67.9,622.62,39.93,16.544,29.25,74.75,12.706,0.0
2023-01-07T15:00:00,15,5,1,1,15.19,61.93,470.15,43.46,17.662,22.051,79.01,4.389,0.0
2023-01-07T16:00:00,16,5,1,1,16.09,61.35,292.98,23.56,16.443,14.51,77.02,-1.933,0.0
2023-01-07T17:00:00,17,5,1,1,15.77,77.13,41.28,20.49,18.818,1.935,60.34,-16.883,0.0
2023-01-07T18:00:00,18,5,1,1,18.59,71.05,1.32,16.22,17.336,0.0,42.72,-17.336,0.0
2023-01-07T19:00:00,19,5,1,1,13.12,64.95,0.0,0.0,18.056,0.024,24.96,-18.032,0.0
2023-01-07T20:00:00,20,5,1,1,12.97,58.09,0.0,2.22,19.881,0.014,9.99,-14.771,5.096
2023-01-07T21:00:00,21,5,1,1,9.95,63.64,0.0,30.16,18.805,0.0,10.06,-0.0,18.805
2023-01-07T22:00:00,22,5,1,1,10.31,71.12,0.21,33.42,18.235,0.0,9.95,-0.0,18.235
2023-01-07T23:00:00,23,5,1,1,7.79,78.2,0.81,45.3,16.647,0.034,9.86,-0.0,16.613
2023-01-08T00:00:00,0,6,1,1,5.92,68.77,1.36,42.52,12.125,0.015,10.14,-0.0,12.11
2023-01-08T01:00:00,1,6,1,1,4.84,68.15,0.0,32.62,11.601,0.0,9.99,-0.0,11.601
2023-01-08T02:00:00,2,6,1,1,4.18,70.98,0.0,30.95,8.722,0.019,9.95,-0.0,8.703
2023-01-08T03:00:00,3,6,1,1,4.23,62.25,1.33,22.14,12.348,0.0,10.15,-0.0,12.348
2023-01-08T04:00:00,4,6,1,1,3.5,61.99,0.0,16.69,10.186,0.003,10.22,-0.0,10.183
2023-01-08T05:00:00,5,6,1,1,3.48,64.8,0.0,29.27,12.219,0.0,9.92,-0.0,12.219
2023-01-08T06:00:00,6,6,1,1,5.41,72.27,0.0,28.77,10.811,0.016,10.25,-0.0,10.795
2023-01-08T07:00:00,7,6,1,1,8.36,70.24,35.38,35.2,13.725,1.69,9.88,-0.0,12.035
2023-01-08T08:00:00,8,6,1,1,10.41,74.16,262.92,40.0,16.554,12.091,10.03,-0.0,4.463
2023-01-08T09:00:00,9,6,1,1,11.75,55.71,586.4,17.69,19.6,27.742,17.62,8.142,0.0
2023-01-08T10:00:00,10,6,1,1,13.07,57.6,711.63,27.79,19.004,34.571,31.3,15.567,0.0
2023-01-08T11:00:00,11,6,1,1,13.9,64.53,957.33,11.27,19.474,46.95,50.07,20.0,0.0
2023-01-08T12:00:00,12,6,1,1,15.9,55.75,1071.61,4.36,18.109,50.0,68.55,20.0,0.0
2023-01-08T13:00:00,13,6,1,1,16.74,61.46,725.29,43.12,18.008,33.956,83.32,15.948,0.0
2023-01-08T14:00:00,14,6,1,1,17.17,65.24,843.51,9.48,17.058,40.606,100.0,18.169,0.0
2023-01-08T15:00:00,15,6,1,1,19.6,56.92,605.83,15.06,17.099,28.72,99.63,0.0,0.0
2023-01-08T16:00:00,16,6,1,1,17.26,61.43,271.4,32.72,18.132,12.563,94.37,-5.569,0.0
2023-01-08T17:00:00,17,6,1,1,19.36,62.64,29.55,42.29,16.992,1.434,78.64,-15.558,0.0
2023-01-08T18:00:00,18,6,1,1,14.58,65.38,2.11,40.98,18.405,0.0,60.37,-18.405,0.0
2023-01-08T19:00:00,19,6,1,1,12.34,71.88,0.41,46.93,18.865,0.0,41.55,-18.865,0.0
2023-01-08T20:00:00,20,6,1,1,10.56,58.18,0.82,12.22,19.357,0.0,22.28,-19.357,0.0
2023-01-08T21:00:00,21,6,1,1,13.59,62.72,0.66,19.57,20.424,0.004,9.93,-12.246,8.174
2023-01-08T22:00:00,22,6,1,1,12.07,75.36,0.32,53.22,18.553,0.001,10.0,-0.0,18.552
2023-01-08T23:00:00,23,6,1,1,7.86,82.98,0.0,56.28,17.066,0.0,9.92,-0.0,17.066
2023-01-09T00:00:00,0,0,1,0,5.18,66.77,0.0,54.68,11.806,0.001,10.05,-0.0,11.805
2023-01-09T01:00:00,1,0,1,0,7.65,71.91,0.0,41.77,9.99,0.0,9.8,-0.0,9.99
2023-01-09T02:00:00,2,0,1,0,3.48,75.9,0.0,70.48,10.885,0.024,9.99,-0.0,10.861
2023-01-09T03:00:00,3,0,1,0,2.45,74.81,3.37,56.33,10.771,0.0,9.83,-0.0,10.771
2023-01-09T04:00:00,4,0,1,0,4.47,68.51,0.06,44.78,11.421,0.01,9.94,-0.0,11.411
2023-01-09T05:00:00,5,0,1,0,5.32,77.42,0.0,55.78,12.251,0.0,10.03,-0.0,12.251
2023-01-09T06:00:00,6,0,1,0,6.26,78.18,0.0,66.01,14.616,0.002,9.86,-0.0,14.614
2023-01-09T07:00:00,7,0,1,0,6.84,89.56,3.09,83.39,19.862,0.147,9.98,-0.0,19.715
2023-01-09T08:00:00,8,0,1,0,9.6,64.2,225.3,52.59,22.311,10.81,9.94,-0.0,11.501
2023-01-09T09:00:00,9,0,1,0,12.96,58.34,443.05,40.07,21.012,21.435,10.7,0.423,0.0
2023-01-09T10:00:00,10,0,1,0,12.71,76.59,663.26,34.01,16.575,34.383,26.82,17.808,0.0
2023-01-09T11:00:00,11,0,1,0,14.26,64.12,830.66,26.79,15.71,39.989,45.24,20.0,0.0
2023-01-09T12:00:00,12,0,1,0,13.82,63.51,811.06,34.62,12.194,40.408,63.44,20.0,0.0
2023-01-09T13:00:00,13,0,1,0,17.02,66.18,736.23,42.64,15.583,38.169,81.59,20.0,0.0
2023-01-09T14:00:00,14,0,1,0,15.96,58.04,634.43,37.26,14.458,32.282,98.28,17.824,0.0
2023-01-09T15:00:00,15,0,1,0,15.72,65.89,525.58,29.71,15.159,25.367,99.75,1.771,0.0
2023-01-09T16:00:00,16,0,1,0,16.26,61.77,326.68,19.45,18.27,16.31,98.07,-1.96,0.0
2023-01-09T17:00:00,17,0,1,0,15.58,69.92,44.61,32.77,18.796,2.151,81.43,-16.645,0.0
2023-01-09T18:00:00,18,0,1,0,16.9,63.19,1.57,0.0,23.11,0.007,61.42,-20.0,3.103
2023-01-09T19:00:00,19,0,1,0,11.81,69.65,0.22,21.65,24.585,0.008,41.38,-20.0,4.577
2023-01-09T20:00:00,20,0,1,0,12.63,62.21,0.0,0.0,23.887,0.0,21.26,-20.0,3.887
2023-01-09T21:00:00,21,0,1,0,9.73,70.87,0.0,0.0,23.289,0.035,9.89,-11.395,11.859
2023-01-09T22:00:00,22,0,1,0,8.28,67.89,0.47,9.09,19.705,0.0,10.06,-0.0,19.705
2023-01-09T23:00:00,23,0,1,0,9.82,62.79,0.0,17.73,14.238,0.01,10.29,-0.0,14.228
2023-01-10T00:00:00,0,1,1,0,7.17,62.26,1.22,13.69,12.758,0.0,10.03,-0.0,12.758
2023-01-10T01:00:00,1,1,1,0,7.25,61.99,3.19,8.42,10.904,0.0,10.05,-0.0,10.904
2023-01-10T02:00:00,2,1,1,0,3.55,69.19,0.0,0.0,10.957,0.0,10.28,-0.0,10.957
2023-01-10T03:00:00,3,1,1,0,3.33,61.93,0.0,14.78,10.117,0.0,9.99,-0.0,10.117
2023-01-10T04:00:00,4,1,1,0,4.7,67.97,0.0,10.55,11.612,0.012,9.86,-0.0,11.6
2023-01-10T05:00:00,5,1,1,0,5.82,63.24,0.0,16.0,13.554,0.027,10.05,-0.0,13.527
2023-01-10T06:00:00,6,1,1,0,5.59,59.82,0.0,6.38,15.7,0.012,10.24,-0.0,15.688
2023-01-10T07:00:00,7,1,1,0,6.48,59.18,56.09,0.0,20.181,2.687,10.13,-0.0,17.494
2023-01-10T08:00:00,8,1,1,0,9.66,67.12,296.99,28.99,22.102,14.877,10.03,-0.0,7.225
2023-01-10T09:00:00,9,1,1,0,11.98,65.43,674.08,0.0,18.798,33.807,23.52,15.009,0.0
2023-01-10T10:00:00,10,1,1,0,15.66,56.81,878.89,4.04,16.471,43.686,41.98,20.0,0.0
2023-01-10T11:00:00,11,1,1,0,15.61,50.49,980.85,8.36,14.193,47.235,60.66,20.0,0.0
2023-01-10T12:00:00,12,1,1,0,14.03,77.73,1020.14,9.83,15.073,48.642,78.96,20.0,0.0
2023-01-10T13:00:00,13,1,1,0,15.74,65.43,1047.27,1.97,13.339,50.0,97.39,20.0,0.0
2023-01-10T14:00:00,14,1,1,0,15.78,64.29,923.81,0.74,12.042,46.997,100.0,2.817,0.0
2023-01-10T15:00:00,15,1,1,0,15.41,71.08,562.7,21.46,13.838,28.521,99.81,0.0,0.0
2023-01-10T16:00:00,16,1,1,0,17.5,59.19,370.25,1.0,16.153,18.076,99.91,0.0,0.0
2023-01-10T17:00:00,17,1,1,0,18.95,62.81,48.61,38.04,19.954,2.337,82.56,-17.617,0.0
2023-01-10T18:00:00,18,1,1,0,14.69,73.3,1.65,42.68,24.405,0.0,62.19,-20.0,4.405
2023-01-10T19:00:00,19,1,1,0,13.88,71.72,0.0,29.43,26.581,0.0,42.56,-20.0,6.581
2023-01-10T20:00:00,20,1,1,0,9.11,73.58,0.0,48.77,25.73,0.003,22.44,-20.0,5.727
2023-01-10T21:00:00,21,1,1,0,10.02,71.67,0.13,30.46,22.073,0.0,9.98,-12.383,9.69
2023-01-10T22:00:00,22,1,1,0,8.69,62.18,2.07,33.05,17.243,0.018,10.02,-0.0,17.225
2023-01-10T23:00:00,23,1,1,0,7.15,66.36,0.0,22.53,16.038,0.007,10.06,-0.0,16.031
2023-01-11T00:00:00,0,2,1,0,5.45,77.68,0.0,26.4,11.641,0.0,10.1,-0.0,11.641
2023-01-11T01:00:00,1,2,1,0,4.82,75.33,0.44,38.42,11.061,0.03,9.69,-0.0,11.031
2023-01-11T02:00:00,2,2,1,0,2.62,63.68,0.0,28.22,11.114,0.0,10.19,-0.0,11.114
2023-01-11T03:00:00,3,2,1,0,2.15,67.7,0.0,22.26,10.597,0.001,10.04,-0.0,10.596
2023-01-11T04:00:00,4,2,1,0,8.21,73.92,0.0,16.88,10.564,0.017,10.17,-0.0,10.547
2023-01-11T05:00:00,5,2,1,0,5.19,72.99,0.0,35.79,11.839,0.015,10.07,-0.0,11.824
2023-01-11T06:00:00,6,2,1,0,5.35,70.95,1.85,31.85,13.806,0.0,10.33,-0.0,13.806
2023-01-11T07:00:00,7,2,1,0,9.95,73.16,29.87,62.5,18.286,1.526,9.89,-0.0,16.76
2023-01-11T08:00:00,8,2,1,0,11.96,70.8,180.27,63.98,20.07,8.661,10.24,-0.0,11.409
2023-01-11T09:00:00,9,2,1,0,8.76,70.09,351.26,62.21,22.95,16.952,9.87,-0.0,5.998
2023-01-11T10:00:00,10,2,1,0,13.11,68.45,355.29,77.49,19.636,17.028,10.08,-0.0,2.608
2023-01-11T11:00:00,11,2,1,0,14.31,72.77,667.72,49.25,13.919,30.959,25.84,17.04,0.0
2023-01-11T12:00:00,12,2,1,0,17.79,66.41,726.22,45.39,14.774,35.578,44.08,20.0,0.0
2023-01-11T13:00:00,13,2,1,0,15.8,72.66,513.37,64.1,12.631,24.496,54.7,11.865,0.0
2023-01-11T14:00:00,14,2,1,0,17.83,69.66,503.06,56.86,14.524,22.934,62.75,8.41,0.0
2023-01-11T15:00:00,15,2,1,0,18.54,68.76,553.58,24.76,14.408,27.602,74.8,13.194,0.0
2023-01-11T16:00:00,16,2,1,0,17.77,67.96,227.09,48.43,16.417,10.681,69.27,-5.736,0.0
2023-01-11T17:00:00,17,2,1,0,16.31,69.96,22.71,44.04,20.605,1.103,49.5,-19.502,0.0
2023-01-11T18:00:00,18,2,1,0,15.24,62.28,1.22,10.86,23.392,0.0,29.55,-20.0,3.392
2023-01-11T19:00:00,19,2,1,0,12.31,62.37,0.0,37.85,26.491,0.0,9.9,-19.63,6.861
2023-01-11T20:00:00,20,2,1,0,12.71,63.73,0.0,24.31,26.087,0.004,9.95,-0.0,26.083
2023-01-11T21:00:00,21,2,1,0,10.88,70.31,0.0,34.3,22.177,0.016,10.01,-0.0,22.161
2023-01-11T22:00:00,22,2,1,0,10.82,70.8,0.0,34.37,18.006,0.0,10.09,-0.0,18.006
2023-01-11T23:00:00,23,2,1,0,7.38,79.34,0.0,52.98,16.244,0.011,10.07,-0.0,16.233
2023-01-12T00:00:00,0,3,1,0,7.82,74.23,0.0,84.17,11.624,0.0,9.81,-0.0,11.624
2023-01-12T01:00:00,1,3,1,0,6.38,76.36,0.0,70.28,10.376,0.0,9.87,-0.0,10.376
2023-01-12T02:00:00,2,3,1,0,5.41,72.49,0.0,52.73,9.355,0.0,9.91,-0.0,9.355
2023-01-12T03:00:00,3,3,1,0,4.82,84.81,0.81,74.28,9.932,0.0,9.95,-0.0,9.932
2023-01-12T04:00:00,4,3,1,0,5.22,74.58,0.0,49.1,11.915,0.04,9.87,-0.0,11.875
2023-01-12T05:00:00,5,3,1,0,5.94,71.31,1.44,29.36,9.968,0.0,9.89,-0.0,9.968
2023-01-12T06:00:00,6,3,1,0,5.72,70.89,1.69,40.09,14.114,0.0,10.19,-0.0,14.114
2023-01-12T07:00:00,7,3,1,0,9.59,67.49,29.71,37.91,19.454,1.467,10.05,-0.0,17.987
2023-01-12T08:00:00,8,3,1,0,10.13,55.71,383.9,2.16,19.088,18.89,9.83,-0.0,0.198
2023-01-12T09:00:00,9,3,1,0,14.54,54.14,652.36,1.62,18.51,31.163,21.7,12.653,0.0
2023-01-12T10:00:00,10,3,1,0,15.34,60.66,912.92,0.0,19.769,42.15,39.98,20.0,0.0
2023-01-12T11:00:00,11,3,1,0,15.86,61.33,966.28,10.54,15.923,45.957,58.72,20.0,0.0
2023-01-12T12:00:00,12,3,1,0,14.11,66.74,788.89,35.87,17.279,39.357,76.75,20.0,0.0
2023-01-12T13:00:00,13,3,1,0,16.09,67.68,865.35,24.16,12.239,43.157,95.17,20.0,0.0
2023-01-12T14:00:00,14,3,1,0,18.56,62.24,730.27,25.2,16.571,35.303,99.96,5.173,0.0
2023-01-12T15:00:00,15,3,1,0,17.79,62.15,482.74,36.51,13.505,22.901,99.83,0.0,0.0
2023-01-12T16:00:00,16,3,1,0,18.41,63.31,267.93,41.92,17.558,13.641,96.15,-3.917,0.0
2023-01-12T17:00:00,17,3,1,0,15.2,65.29,66.62,28.25,17.054,3.212,82.25,-13.842,0.0
2023-01-12T18:00:00,18,3,1,0,16.45,62.53,3.3,35.22,23.302,0.0,62.29,-20.0,3.302
2023-01-12T19:00:00,19,3,1,0,14.81,69.46,0.44,27.2,25.931,0.052,42.25,-20.0,5.879
2023-01-12T20:00:00,20,3,1,0,11.51,64.93,2.21,20.79,25.041,0.009,22.27,-20.0,5.032
2023-01-12T21:00:00,21,3,1,0,10.52,65.78,1.46,14.04,21.451,0.0,10.24,-12.241,9.21
2023-01-12T22:00:00,22,3,1,0,10.31,62.13,0.29,24.6,19.14,0.018,10.08,-0.0,19.122
2023-01-12T23:00:00,23,3,1,0,9.76,68.15,0.0,0.0,16.837,0.007,9.73,-0.0,16.83
2023-01-13T00:00:00,0,4,1,0,6.56,74.26,1.34,16.49,10.689,0.0,10.05,-0.0,10.689
2023-01-13T01:00:00,1,4,1,0,5.2,64.83,0.36,42.0,10.723,0.0,10.17,-0.0,10.723
2023-01-13T02:00:00,2,4,1,0,4.07,73.89,2.68,39.5,10.06,0.0,9.65,-0.0,10.06
2023-01-13T03:00:00,3,4,1,0,4.86,73.46,1.11,56.51,10.355,0.0,9.83,-0.0,10.355
2023-01-13T04:00:00,4,4,1,0,6.49,74.24,1.58,54.63,8.71,0.0,10.09,-0.0,8.71
2023-01-13T05:00:00,5,4,1,0,2.6,78.84,0.0,65.36,11.623,0.006,10.15,-0.0,11.617
2023-01-13T06:00:00,6,4,1,0,6.65,58.97,0.37,37.38,15.675,0.0,10.03,-0.0,15.675
2023-01-13T07:00:00,7,4,1,0,8.08,73.13,46.57,37.18,18.729,2.158,10.07,-0.0,16.571
2023-01-13T08:00:00,8,4,1,0,11.02,76.67,202.58,59.79,19.923,10.296,10.21,-0.0,9.627
2023-01-13T09:00:00,9,4,1,0,10.48,75.48,436.34,46.14,21.127,20.612,9.92,-0.0,0.515
2023-01-13T10:00:00,10,4,1,0,10.67,62.4,686.79,31.91,18.508,32.341,22.59,13.833,0.0
2023-01-13T11:00:00,11,4,1,0,15.32,66.64,674.28,46.8,16.133,29.751,35.22,13.618,0.0
2023-01-13T12:00:00,12,4,1,0,18.62,59.67,870.81,29.34,13.94,43.35,53.68,20.0,0.0
2023-01-13T13:00:00,13,4,1,0,15.6,51.35,985.31,8.69,13.891,45.443,72.1,20.0,0.0
2023-01-13T14:00:00,14,4,1,0,18.94,57.55,775.52,19.17,15.651,36.156,90.57,20.0,0.0
2023-01-13T15:00:00,15,4,1,0,17.93,57.26,541.33,28.95,15.829,26.979,100.0,10.375,0.0
2023-01-13T16:00:00,16,4,1,0,17.19,64.83,320.14,29.43,17.964,14.179,96.24,-3.785,0.0
2023-01-13T17:00:00,17,4,1,0,16.05,57.15,39.92,39.54,19.54,2.007,78.49,-17.533,0.0
2023-01-13T18:00:00,18,4,1,0,15.94,56.53,0.0,13.31,23.653,0.014,58.57,-20.0,3.639
2023-01-13T19:00:00,19,4,1,0,17.02,57.26,0.83,6.78,26.264,0.002,38.7,-20.0,6.262
2023-01-13T20:00:00,20,4,1,0,12.93,70.68,1.83,38.25,27.121,0.0,18.9,-20.0,7.121
2023-01-13T21:00:00,21,4,1,0,13.13,81.42,2.09,43.68,20.475,0.03,10.1,-8.682,11.763
2023-01-13T22:00:00,22,4,1,0,11.59,68.37,0.0,33.52,19.583,0.0,9.87,-0.0,19.583
2023-01-13T23:00:00,23,4,1,0,7.32,60.29,0.0,8.49,17.622,0.011,9.9,-0.0,17.611
2023-01-14T00:00:00,0,5,1,1,9.35,60.32,0.0,4.35,13.987,0.0,9.96,-0.0,13.987
2023-01-14T01:00:00,1,5,1,1,6.9,69.22,0.0,10.19,11.398,0.015,10.01,-0.0,11.383
2023-01-14T02:00:00,2,5,1,1,5.94,61.04,0.61,18.94,11.56,0.0,9.96,-0.0,11.56
2023-01-14T03:00:00,3,5,1,1,4.33,72.08,0.0,5.19,11.518,0.039,9.87,-0.0,11.479
2023-01-14T04:00:00,4,5,1,1,4.7,72.02,0.0,33.57,12.271,0.014,9.89,-0.0,12.257
2023-01-14T05:00:00,5,5,1,1,4.64,65.03,0.0,0.0,12.131,0.0,9.99,-0.0,12.131
2023-01-14T06:00:00,6,5,1,1,7.88,55.44,2.17,0.0,13.382,0.011,10.03,-0.0,13.371
2023-01-14T07:00:00,7,5,1,1,6.31,69.33,55.74,0.01,14.403,2.659,9.85,-0.0,11.744
2023-01-14T08:00:00,8,5,1,1,10.4,60.32,353.27,10.97,17.513,18.126,10.61,0.613,0.0
2023-01-14T09:00:00,9,5,1,1,11.05,62.89,689.94,0.0,18.981,33.328,24.04,14.347,0.0
2023-01-14T10:00:00,10,5,1,1,14.49,59.44,902.22,0.0,19.666,43.798,42.19,20.0,0.0
2023-01-14T11:00:00,11,5,1,1,16.59,52.98,946.9,12.16,19.686,44.609,60.6,20.0,0.0
2023-01-14T12:00:00,12,5,1,1,18.2,63.36,737.01,42.17,18.927,35.36,75.48,16.433,0.0
2023-01-14T13:00:00,13,5,1,1,18.18,58.52,711.15,42.51,17.386,33.877,90.96,16.491,0.0
2023-01-14T14:00:00,14,5,1,1,15.38,59.22,778.38,18.27,16.471,37.766,99.91,9.942,0.0
2023-01-14T15:00:00,15,5,1,1,17.55,64.81,516.83,27.31,17.905,26.247,100.0,0.0,0.0
2023-01-14T16:00:00,16,5,1,1,15.33,65.44,328.56,14.41,18.025,15.535,97.78,-2.49,0.0
2023-01-14T17:00:00,17,5,1,1,15.6,65.81,42.01,41.9,17.659,1.961,81.71,-15.698,0.0
2023-01-14T18:00:00,18,5,1,1,17.39,60.02,0.0,38.67,18.658,0.0,63.06,-18.658,0.0
2023-01-14T19:00:00,19,5,1,1,15.6,60.91,1.52,30.18,19.544,0.0,43.69,-19.544,0.0
2023-01-14T20:00:00,20,5,1,1,12.74,58.37,0.0,3.37,20.973,0.015,23.42,-20.0,0.958
2023-01-14T21:00:00,21,5,1,1,9.22,52.44,0.0,0.0,20.021,0.011,10.01,-13.61,6.4
2023-01-14T22:00:00,22,5,1,1,9.52,64.06,2.52,4.87,17.599,0.0,9.96,-0.0,17.599
2023-01-14T23:00:00,23,5,1,1,5.92,61.38,2.03,31.77,17.287,0.006,9.99,-0.0,17.281
2023-01-15T00:00:00,0,6,1,1,5.94,67.02,1.87,11.38,10.951,0.022,9.7,-0.0,10.929
2023-01-15T01:00:00,1,6,1,1,6.85,57.13,0.14,0.0,11.217,0.014,10.08,-0.0,11.203
2023-01-15T02:00:00,2,6,1,1,6.54,58.57,0.0,0.0,9.207,0.0,10.37,-0.0,9.207
2023-01-15T03:00:00,3,6,1,1,5.81,68.35,0.1,0.0,9.767,0.0,9.94,-0.0,9.767
2023-01-15T04:00:00,4,6,1,1,3.01,66.67,0.82,0.0,10.051,0.0,9.78,-0.0,10.051
2023-01-15T05:00:00,5,6,1,1,6.54,57.99,0.0,18.7,9.448,0.0,10.12,-0.0,9.448
2023-01-15T06:00:00,6,6,1,1,6.66,64.86,0.0,20.75,14.389,0.0,9.87,-0.0,14.389
2023-01-15T07:00:00,7,6,1,1,8.91,71.96,28.8,48.98,14.141,1.358,10.0,-0.0,12.783
2023-01-15T08:00:00,8,6,1,1,11.54,59.29,376.14,3.57,15.924,17.723,11.55,1.799,0.0
2023-01-15T09:00:00,9,6,1,1,9.07,65.51,538.56,26.77,16.666,25.746,19.79,9.08,0.0
2023-01-15T10:00:00,10,6,1,1,12.71,66.77,717.39,28.96,19.14,33.624,33.38,14.484,0.0
2023-01-15T11:00:00,11,6,1,1,14.87,65.9,739.67,37.72,20.389,34.613,46.32,14.224,0.0
2023-01-15T12:00:00,12,6,1,1,14.17,58.48,922.03,20.25,19.233,45.078,64.58,20.0,0.0
2023-01-15T13:00:00,13,6,1,1,19.03,58.57,1003.95,4.82,18.415,48.185,83.26,20.0,0.0
2023-01-15T14:00:00,14,6,1,1,18.57,60.79,704.01,28.24,15.114,33.798,100.0,18.239,0.0
2023-01-15T15:00:00,15,6,1,1,19.56,72.57,480.2,43.36,16.661,23.01,100.0,0.0,0.0
2023-01-15T16:00:00,16,6,1,1,17.31,62.92,296.75,31.72,17.491,13.798,96.3,-3.693,0.0
2023-01-15T17:00:00,17,6,1,1,18.08,65.76,47.17,45.49,18.708,2.378,80.43,-16.33,0.0
2023-01-15T18:00:00,18,6,1,1,17.99,64.42,0.74,32.1,19.056,0.03,60.69,-19.026,0.0
2023-01-15T19:00:00,19,6,1,1,14.66,62.86,0.29,28.86,21.606,0.0,41.04,-20.0,1.606
2023-01-15T20:00:00,20,6,1,1,12.87,65.39,1.39,52.45,18.853,0.0,22.37,-18.853,0.0
2023-01-15T21:00:00,21,6,1,1,10.29,71.46,2.28,44.15,18.387,0.0,9.85,-12.098,6.289
2023-01-15T22:00:00,22,6,1,1,8.7,72.84,1.28,47.27,18.494,0.008,10.05,-0.0,18.486
2023-01-15T23:00:00,23,6,1,1,7.69,81.65,0.0,48.43,18.133,0.006,9.91,-0.0,18.127
2023-01-16T00:00:00,0,0,1,0,7.06,75.91,0.0,52.55,13.538,0.039,9.95,-0.0,13.499
2023-01-16T01:00:00,1,0,1,0,5.53,73.58,0.58,30.86,8.712,0.0,10.06,-0.0,8.712
2023-01-16T02:00:00,2,0,1,0,6.35,74.38,1.21,40.53,10.251,0.01,9.74,-0.0,10.241
2023-01-16T03:00:00,3,0,1,0,4.01,73.39,1.29,72.33,10.906,0.0,9.85,-0.0,10.906
2023-01-16T04:00:00,4,0,1,0,4.7,62.05,0.0,18.12,11.478,0.0,10.01,-0.0,11.478
2023-01-16T05:00:00,5,0,1,0,8.15,65.08,0.0,42.52,12.899,0.027,9.74,-0.0,12.872
2023-01-16T06:00:00,6,0,1,0,5.81,75.76,1.51,48.77,15.387,0.022,9.94,-0.0,15.365
2023-01-16T07:00:00,7,0,1,0,7.32,78.78,34.32,49.97,15.827,1.57,9.77,-0.0,14.257
2023-01-16T08:00:00,8,0,1,0,10.53,74.23,211.38,54.33,23.393,10.454,9.78,-0.0,12.939
2023-01-16T09:00:00,9,0,1,0,13.23,66.21,457.85,40.76,20.771,22.074,11.34,1.303,0.0
2023-01-16T10:00:00,10,0,1,0,13.39,70.52,834.28,8.71,16.472,41.67,29.61,20.0,0.0
2023-01-16T11:00:00,11,0,1,0,16.22,64.06,666.21,46.65,14.948,32.8,45.99,17.852,0.0
2023-01-16T12:00:00,12,0,1,0,17.13,55.38,965.21,15.63,14.629,45.073,64.36,20.0,0.0
2023-01-16T13:00:00,13,0,1,0,18.69,63.04,843.91,25.71,14.64,41.456,82.87,20.0,0.0
2023-01-16T14:00:00,14,0,1,0,18.14,70.11,648.97,36.18,12.749,31.926,99.93,18.671,0.0
2023-01-16T15:00:00,15,0,1,0,21.09,56.25,531.85,25.79,13.857,26.472,99.89,0.0,0.0
2023-01-16T16:00:00,16,0,1,0,17.47,55.98,284.19,39.44,17.124,14.117,97.15,-3.007,0.0
2023-01-16T17:00:00,17,0,1,0,14.62,66.76,47.54,42.76,18.813,2.448,80.54,-16.365,0.0
2023-01-16T18:00:00,18,0,1,0,17.83,68.77,0.57,43.48,21.026,0.009,60.83,-20.0,1.017
2023-01-16T19:00:00,19,0,1,0,13.38,53.68,0.42,51.11,24.663,0.023,40.54,-20.0,4.64
2023-01-16T20:00:00,20,0,1,0,13.73,71.2,0.0,37.8,25.52,0.0,20.74,-20.0,5.52
2023-01-16T21:00:00,21,0,1,0,13.84,59.81,3.15,40.33,21.18,0.033,10.04,-10.628,10.519
2023-01-16T22:00:00,22,0,1,0,6.99,71.64,0.37,24.41,21.247,0.0,10.08,-0.0,21.247
2023-01-16T23:00:00,23,0,1,0,6.96,61.61,0.0,48.13,17.881,0.006,10.04,-0.0,17.875
2023-01-17T00:00:00,0,1,1,0,5.63,64.45,0.37,44.82,12.964,0.055,10.11,-0.0,12.909
2023-01-17T01:00:00,1,1,1,0,5.4,76.45,0.0,54.16,11.051,0.0,10.22,-0.0,11.051
2023-01-17T02:00:00,2,1,1,0,5.85,74.57,0.0,23.37,8.77,0.027,9.87,-0.0,8.743
2023-01-17T03:00:00,3,1,1,0,5.48,65.4,0.45,1.74,8.935,0.019,10.22,-0.0,8.916
2023-01-17T04:00:00,4,1,1,0,5.89,79.13,0.0,14.61,11.917,0.0,9.96,-0.0,11.917
2023-01-17T05:00:00,5,1,1,0,4.42,66.66,0.15,40.05,11.405,0.042,9.73,-0.0,11.363
2023-01-17T06:00:00,6,1,1,0,4.22,63.21,0.0,16.68,15.445,0.0,10.1,-0.0,15.445
2023-01-17T07:00:00,7,1,1,0,8.5,67.01,46.13,33.31,18.848,2.216,10.12,-0.0,16.632
2023-01-17T08:00:00,8,1,1,0,8.93,64.95,320.08,22.72,20.959,15.134,10.08,-0.0,5.825
2023-01-17T09:00:00,9,1,1,0,12.58,66.04,542.45,22.23,19.96,26.317,15.8,6.357,0.0
2023-01-17T10:00:00,10,1,1,0,14.6,59.66,746.2,21.37,17.18,35.137,32.23,17.957,0.0
2023-01-17T11:00:00,11,1,1,0,15.3,68.09,774.78,36.44,14.807,37.183,50.69,20.0,0.0
2023-01-17T12:00:00,12,1,1,0,17.41,66.06,821.88,31.45,13.991,41.888,69.19,20.0,0.0
2023-01-17T13:00:00,13,1,1,0,18.53,69.81,825.52,24.92,13.888,38.83,87.53,20.0,0.0
2023-01-17T14:00:00,14,1,1,0,18.42,62.14,610.37,43.46,13.239,28.987,99.84,13.512,0.0
2023-01-17T15:00:00,15,1,1,0,17.99,62.37,598.51,15.86,13.406,27.567,99.96,0.0,0.0
2023-01-17T16:00:00,16,1,1,0,17.44,66.95,286.38,35.41,16.166,13.583,97.29,-2.583,0.0
2023-01-17T17:00:00,17,1,1,0,18.21,63.37,46.36,34.8,18.485,2.254,81.09,-16.231,0.0
2023-01-17T18:00:00,18,1,1,0,18.05,62.74,0.0,36.79,22.91,0.0,61.3,-20.0,2.91
2023-01-17T19:00:00,19,1,1,0,14.36,52.6,0.92,17.44,24.36,0.013,41.01,-20.0,4.347
2023-01-17T20:00:00,20,1,1,0,14.96,63.58,0.0,21.29,23.452,0.0,21.24,-20.0,3.452
2023-01-17T21:00:00,21,1,1,0,11.66,66.93,0.65,14.45,24.583,0.062,9.92,-11.186,13.335
2023-01-17T22:00:00,22,1,1,0,9.49,65.74,0.25,20.32,18.752,0.0,10.04,-0.0,18.752
2023-01-17T23:00:00,23,1,1,0,9.41,61.94,0.22,18.87,14.127,0.032,9.86,-0.0,14.095
2023-01-18T00:00:00,0,2,1,0,5.26,62.76,0.0,38.99,12.773,0.0,9.97,-0.0,12.773
2023-01-18T01:00:00,1,2,1,0,5.03,71.88,0.0,27.87,10.409,0.0,9.87,-0.0,10.409
2023-01-18T02:00:00,2,2,1,0,3.15,71.04,0.0,29.38,10.055,0.001,10.04,-0.0,10.054
2023-01-18T03:00:00,3,2,1,0,2.28,79.05,1.42,34.34,9.987,0.015,9.73,-0.0,9.972
2023-01-18T04:00:00,4,2,1,0,4.83,60.1,0.0,12.04,11.473,0.03,9.99,-0.0,11.443
2023-01-18T05:00:00,5,2,1,0,6.98,65.63,0.0,24.14,12.513,0.032,9.8,-0.0,12.481
2023-01-18T06:00:00,6,2,1,0,8.1,62.23,1.12,33.93,13.84,0.004,9.9,-0.0,13.836
2023-01-18T07:00:00,7,2,1,0,9.01,70.68,72.72,15.38,17.75,3.545,9.95,-0.0,14.205
2023-01-18T08:00:00,8,2,1,0,11.59,69.56,361.74,10.23,19.451,16.554,10.11,-0.0,2.897
2023-01-18T09:00:00,9,2,1,0,14.21,75.18,489.15,34.53,19.451,25.576,15.38,6.125,0.0
2023-01-18T10:00:00,10,2,1,0,13.3,64.51,855.64,6.74,17.77,39.587,33.75,20.0,0.0
2023-01-18T11:00:00,11,2,1,0,17.4,71.03,584.7,56.33,14.31,28.415,47.18,14.105,0.0
2023-01-18T12:00:00,12,2,1,0,15.77,66.92,812.74,34.73,13.496,38.792,65.36,20.0,0.0
2023-01-18T13:00:00,13,2,1,0,16.2,68.94,675.43,45.23,13.226,31.377,81.85,18.151,0.0
2023-01-18T14:00:00,14,2,1,0,17.92,64.98,597.39,42.6,13.535,27.736,95.11,14.201,0.0
2023-01-18T15:00:00,15,2,1,0,17.25,68.73,417.43,46.14,15.597,20.827,99.91,5.23,0.0
2023-01-18T16:00:00,16,2,1,0,16.62,78.99,196.65,61.53,16.161,9.561,93.3,-6.6,0.0
2023-01-18T17:00:00,17,2,1,0,16.6,65.03,49.68,32.46,20.574,2.327,75.17,-18.247,0.0
2023-01-18T18:00:00,18,2,1,0,17.81,64.48,0.0,39.72,22.308,0.01,54.88,-20.0,2.298
2023-01-18T19:00:00,19,2,1,0,17.06,63.49,0.0,24.57,25.479,0.005,35.14,-20.0,5.474
2023-01-18T20:00:00,20,2,1,0,11.64,63.91,0.0,19.05,25.235,0.031,15.07,-20.0,5.204
2023-01-18T21:00:00,21,2,1,0,12.83,68.74,1.58,42.47,23.216,0.0,9.99,-5.14,18.076
2023-01-18T22:00:00,22,2,1,0,8.58,74.37,0.12,78.66,19.955,0.0,10.13,-0.0,19.955
2023-01-18T23:00:00,23,2,1,0,8.27,78.8,0.44,62.83,16.524,0.017,10.15,-0.0,16.507
2023-01-19T00:00:00,0,3,1,0,6.59,82.51,0.44,84.78,14.843,0.021,10.23,-0.0,14.822
2023-01-19T01:00:00,1,3,1,0,4.0,87.87,2.68,73.6,12.556,0.027,9.71,-0.0,12.529
2023-01-19T02:00:00,2,3,1,0,6.0,75.98,0.0,74.68,9.465,0.0,10.05,-0.0,9.465
2023-01-19T03:00:00,3,3,1,0,4.57,77.83,0.0,71.33,11.275,0.0,10.11,-0.0,11.275
2023-01-19T04:00:00,4,3,1,0,4.34,75.91,0.05,59.09,11.759,0.014,9.91,-0.0,11.745
2023-01-19T05:00:00,5,3,1,0,5.81,73.0,0.0,46.62,10.799,0.0,9.99,-0.0,10.799
2023-01-19T06:00:00,6,3,1,0,7.64,75.23,1.2,37.25,13.122,0.033,10.19,-0.0,13.089
2023-01-19T07:00:00,7,3,1,0,8.79,63.16,26.21,52.76,19.372,1.233,9.96,-0.0,18.139
2023-01-19T08:00:00,8,3,1,0,10.21,71.75,251.08,45.77,20.955,11.831,10.19,-0.0,9.124
2023-01-19T09:00:00,9,3,1,0,11.96,79.25,396.44,50.98,17.341,19.178,11.68,1.837,0.0
2023-01-19T10:00:00,10,3,1,0,14.01,78.47,370.47,74.41,17.554,17.481,11.68,-0.073,0.0
2023-01-19T11:00:00,11,3,1,0,17.88,72.39,623.47,51.85,15.326,28.017,23.43,12.691,0.0
2023-01-19T12:00:00,12,3,1,0,15.93,68.75,824.5,34.02,13.644,40.681,41.52,20.0,0.0
2023-01-19T13:00:00,13,3,1,0,15.57,63.6,652.86,46.27,15.825,31.91,56.55,16.085,0.0
2023-01-19T14:00:00,14,3,1,0,19.2,57.46,738.05,23.79,14.003,35.867,74.81,20.0,0.0
2023-01-19T15:00:00,15,3,1,0,18.65,57.54,547.93,22.08,14.485,25.438,85.14,10.953,0.0
2023-01-19T16:00:00,16,3,1,0,18.1,56.02,315.51,23.13,16.545,14.884,83.26,-1.661,0.0
2023-01-19T17:00:00,17,3,1,0,17.91,64.75,75.71,11.15,17.921,3.7,69.03,-14.221,0.0
2023-01-19T18:00:00,18,3,1,0,16.41,70.93,1.24,29.41,21.947,0.0,48.96,-20.0,1.947
2023-01-19T19:00:00,19,3,1,0,15.38,64.88,0.0,19.77,22.406,0.0,29.08,-20.0,2.406
2023-01-19T20:00:00,20,3,1,0,16.66,67.53,0.0,29.76,25.93,0.015,10.08,-19.086,6.829
2023-01-19T21:00:00,21,3,1,0,15.31,64.12,3.76,19.14,23.962,0.0,10.01,-0.0,23.962
2023-01-19T22:00:00,22,3,1,0,9.71,70.03,0.0,28.85,19.73,0.0,10.33,-0.0,19.73
2023-01-19T23:00:00,23,3,1,0,10.01,55.18,0.13,20.47,16.77,0.023,9.93,-0.0,16.747
2023-01-20T00:00:00,0,4,1,0,8.23,68.29,1.89,20.24,11.827,0.0,9.87,-0.0,11.827
2023-01-20T01:00:00,1,4,1,0,6.05,67.78,0.0,33.54,12.572,0.005,9.98,-0.0,12.567
2023-01-20T02:00:00,2,4,1,0,6.36,70.7,1.94,41.36,9.926,0.0,10.05,-0.0,9.926
2023-01-20T03:00:00,3,4,1,0,5.35,74.35,0.0,53.12,10.801,0.0,9.81,-0.0,10.801
2023-01-20T04:00:00,4,4,1,0,6.06,66.69,2.74,35.99,11.291,0.0,10.2,-0.0,11.291
2023-01-20T05:00:00,5,4,1,0,5.41,65.01,0.68,34.42,10.718,0.007,9.96,-0.0,10.711
2023-01-20T06:00:00,6,4,1,0,5.58,66.99,0.0,37.25,16.156,0.025,10.25,-0.0,16.131
2023-01-20T07:00:00,7,4,1,0,5.73,65.61,38.22,51.99,17.892,1.794,10.2,-0.0,16.098
2023-01-20T08:00:00,8,4,1,0,8.88,62.43,287.0,32.62,20.467,14.261,10.1,-0.0,6.206
2023-01-20T09:00:00,9,4,1,0,11.15,62.35,481.99,35.79,19.852,22.492,12.43,2.64,0.0
2023-01-20T10:00:00,10,4,1,0,12.83,57.32,747.3,22.32,18.773,35.959,28.09,17.186,0.0
2023-01-20T11:00:00,11,4,1,0,17.49,66.12,772.05,32.68,14.469,37.169,46.55,20.0,0.0
2023-01-20T12:00:00,12,4,1,0,17.59,57.3,901.59,21.88,14.66,43.573,64.88,20.0,0.0
2023-01-20T13:00:00,13,4,1,0,16.3,54.83,742.84,32.74,12.354,34.745,83.27,20.0,0.0
2023-01-20T14:00:00,14,4,1,0,19.08,60.97,673.59,35.15,14.025,32.746,100.0,18.0,0.0
2023-01-20T15:00:00,15,4,1,0,18.17,53.97,653.06,8.85,14.375,31.378,100.0,0.0,0.0
2023-01-20T16:00:00,16,4,1,0,19.03,69.49,310.62,29.76,17.915,15.089,96.94,-2.826,0.0
2023-01-20T17:00:00,17,4,1,0,16.9,62.28,52.23,18.09,18.578,2.645,81.17,-15.933,0.0
2023-01-20T18:00:00,18,4,1,0,17.77,51.07,3.27,0.0,21.217,0.0,61.12,-20.0,1.217
2023-01-20T19:00:00,19,4,1,0,14.95,66.82,0.9,26.64,25.014,0.0,41.46,-20.0,5.014
2023-01-20T20:00:00,20,4,1,0,15.61,63.83,0.0,25.27,24.812,0.013,20.93,-20.0,4.799
2023-01-20T21:00:00,21,4,1,0,11.01,65.7,0.0,31.64,23.207,0.016,10.29,-11.241,11.95
2023-01-20T22:00:00,22,4,1,0,10.38,70.37,1.05,0.0,20.859,0.019,10.09,-0.0,20.84
2023-01-20T23:00:00,23,4,1,0,12.35,56.74,2.08,1.37,16.163,0.004,9.62,-0.0,16.159
2023-01-21T00:00:00,0,5,1,1,7.59,69.2,0.58,0.0,13.054,0.0,9.9,-0.0,13.054
2023-01-21T01:00:00,1,5,1,1,8.8,64.91,0.5,24.03,11.747,0.016,10.07,-0.0,11.731
2023-01-21T02:00:00,2,5,1,1,5.17,66.44,2.34,7.82,11.642,0.0,9.9,-0.0,11.642
2023-01-21T03:00:00,3,5,1,1,6.91,61.12,0.9,3.15,9.596,0.013,9.96,-0.0,9.583
2023-01-21T04:00:00,4,5,1,1,5.9,63.41,0.0,12.55,10.828,0.0,10.34,-0.0,10.828
2023-01-21T05:00:00,5,5,1,1,6.17,67.19,0.0,30.4,12.741,0.0,9.94,-0.0,12.741
2023-01-21T06:00:00,6,5,1,1,6.54,61.01,0.83,39.39,12.223,0.011,9.84,-0.0,12.212
2023-01-21T07:00:00,7,5,1,1,9.49,70.86,48.16,41.0,14.472,2.23,10.14,-0.0,12.242
2023-01-21T08:00:00,8,5,1,1,10.12,63.51,394.17,2.01,16.166,19.039,12.43,2.873,0.0
2023-01-21T09:00:00,9,5,1,1,14.75,54.89,603.86,15.26,15.943,29.366,25.1,13.423,0.0
2023-01-21T10:00:00,10,5,1,1,15.97,64.31,840.02,10.65,19.273,40.132,43.48,20.0,0.0
2023-01-21T11:00:00,11,5,1,1,15.71,72.27,741.51,36.19,18.204,35.319,59.41,17.115,0.0
2023-01-21T12:00:00,12,5,1,1,16.8,64.15,617.59,56.79,18.568,30.579,70.25,12.011,0.0
2023-01-21T13:00:00,13,5,1,1,18.82,55.98,921.42,13.71,18.669,44.501,88.55,20.0,0.0
2023-01-21T14:00:00,14,5,1,1,17.68,70.98,575.97,46.26,18.034,29.464,99.1,11.43,0.0
2023-01-21T15:00:00,15,5,1,1,19.35,64.77,495.43,34.62,15.426,23.237,100.0,0.974,0.0
2023-01-21T16:00:00,16,5,1,1,16.13,64.49,287.14,38.94,17.196,13.98,96.79,-3.216,0.0
2023-01-21T17:00:00,17,5,1,1,17.86,69.6,47.48,47.67,18.433,2.206,80.52,-16.227,0.0
2023-01-21T18:00:00,18,5,1,1,13.47,68.82,0.75,44.36,17.628,0.0,62.92,-17.628,0.0
2023-01-21T19:00:00,19,5,1,1,13.21,73.85,1.63,38.51,20.145,0.027,43.0,-20.0,0.118
2023-01-21T20:00:00,20,5,1,1,16.01,68.42,0.55,60.72,20.071,0.0,22.87,-20.0,0.071
2023-01-21T21:00:00,21,5,1,1,13.45,67.99,1.02,33.69,19.694,0.0,9.84,-12.929,6.765
2023-01-21T22:00:00,22,5,1,1,10.35,72.21,0.52,28.13,18.987,0.003,9.9,-0.0,18.984
2023-01-21T23:00:00,23,5,1,1,6.36,55.88,1.45,22.75,15.721,0.0,9.87,-0.0,15.721
2023-01-22T00:00:00,0,6,1,1,5.12,71.05,1.12,0.0,11.62,0.0,9.98,-0.0,11.62
2023-01-22T01:00:00,1,6,1,1,5.29,65.52,0.0,18.4,13.142,0.039,9.91,-0.0,13.103
2023-01-22T02:00:00,2,6,1,1,8.25,68.12,0.0,13.08,10.762,0.017,9.97,-0.0,10.745
2023-01-22T03:00:00,3,6,1,1,6.43,78.44,0.49,36.39,9.088,0.0,9.98,-0.0,9.088
2023-01-22T04:00:00,4,6,1,1,4.82,72.37,0.17,55.67,10.693,0.001,10.04,-0.0,10.692
2023-01-22T05:00:00,5,6,1,1,7.35,66.34,1.97,29.77,11.603,0.005,9.86,-0.0,11.598
2023-01-22T06:00:00,6,6,1,1,5.73,72.37,0.32,50.66,13.352,0.0,10.26,-0.0,13.352
2023-01-22T07:00:00,7,6,1,1,8.66,59.17,54.36,20.0,14.261,2.519,10.19,-0.0,11.742
2023-01-22T08:00:00,8,6,1,1,10.42,78.25,323.91,31.92,18.175,15.719,10.08,-0.0,2.456
2023-01-22T09:00:00,9,6,1,1,12.5,68.35,442.6,48.25,16.612,20.488,13.68,3.876,0.0
2023-01-22T10:00:00,10,6,1,1,14.95,75.73,566.2,50.17,16.367,27.651,23.78,11.284,0.0
2023-01-22T11:00:00,11,6,1,1,16.65,64.67,633.62,48.64,17.24,31.852,37.3,14.612,0.0
2023-01-22T12:00:00,12,6,1,1,17.77,66.04,669.16,49.6,17.832,30.93,49.37,13.098,0.0
2023-01-22T13:00:00,13,6,1,1,16.65,72.42,560.55,57.73,18.539,26.625,56.67,8.086,0.0
2023-01-22T14:00:00,14,6,1,1,19.0,58.31,640.49,40.48,17.043,31.207,69.85,14.164,0.0
2023-01-22T15:00:00,15,6,1,1,20.93,63.49,431.69,48.79,17.136,19.838,72.74,2.702,0.0
2023-01-22T16:00:00,16,6,1,1,16.78,68.01,291.38,30.04,16.023,13.54,69.93,-2.483,0.0
2023-01-22T17:00:00,17,6,1,1,16.2,65.64,52.24,49.46,17.823,2.497,54.82,-15.326,0.0
2023-01-22T18:00:00,18,6,1,1,18.99,58.16,0.0,18.83,16.627,0.053,38.23,-16.574,0.0
2023-01-22T19:00:00,19,6,1,1,14.51,69.15,0.0,22.39,19.465,0.001,18.41,-19.464,0.0
2023-01-22T20:00:00,20,6,1,1,16.61,70.17,0.0,27.31,20.291,0.036,10.01,-8.549,11.706
2023-01-22T21:00:00,21,6,1,1,11.9,78.4,1.08,59.64,18.152,0.0,9.94,-0.0,18.152
2023-01-22T22:00:00,22,6,1,1,12.58,66.25,0.0,55.61,19.899,0.012,10.14,-0.0,19.887
2023-01-22T23:00:00,23,6,1,1,8.8,63.82,0.98,22.39,14.642,0.0,10.07,-0.0,14.642
2023-01-23T00:00:00,0,0,1,0,8.66,63.56,0.0,16.54,12.704,0.0,10.25,-0.0,12.704
2023-01-23T01:00:00,1,0,1,0,8.94,71.05,0.24,27.82,11.846,0.018,10.03,-0.0,11.828
2023-01-23T02:00:00,2,0,1,0,5.44,63.79,0.62,30.45,9.154,0.004,10.12,-0.0,9.15
2023-01-23T03:00:00,3,0,1,0,4.91,63.69,0.0,25.94,10.183,0.0,9.9,-0.0,10.183
2023-01-23T04:00:00,4,0,1,0,4.83,66.58,0.59,30.74,9.492,0.0,9.78,-0.0,9.492
2023-01-23T05:00:00,5,0,1,0,6.67,62.38,2.42,16.97,12.576,0.0,10.1,-0.0,12.576
2023-01-23T06:00:00,6,0,1,0,5.34,73.22,0.0,23.55,15.212,0.005,10.02,-0.0,15.207
2023-01-23T07:00:00,7,0,1,0,10.29,68.02,74.74,9.32,19.142,3.501,10.08,-0.0,15.641
2023-01-23T08:00:00,8,0,1,0,10.15,60.21,404.37,0.0,20.463,18.528,10.21,-0.0,1.935
2023-01-23T09:00:00,9,0,1,0,14.55,59.23,694.15,0.0,19.435,34.521,23.93,15.086,0.0
2023-01-23T10:00:00,10,0,1,0,10.64,49.65,903.07,0.0,16.566,43.919,42.4,20.0,0.0
2023-01-23T11:00:00,11,0,1,0,15.05,57.64,1058.8,0.0,15.985,50.0,60.83,20.0,0.0
2023-01-23T12:00:00,12,0,1,0,14.88,66.24,1088.36,0.0,16.152,50.0,79.06,20.0,0.0
2023-01-23T13:00:00,13,0,1,0,16.62,56.55,1048.3,0.36,16.597,50.0,97.39,20.0,0.0
2023-01-23T14:00:00,14,0,1,0,19.33,52.11,908.02,0.0,15.282,45.321,100.0,2.74,0.0
2023-01-23T15:00:00,15,0,1,0,18.77,64.76,679.95,0.0,14.917,33.502,100.0,0.0,0.0
2023-01-23T16:00:00,16,0,1,0,18.17,54.26,368.62,10.84,17.646,18.223,100.0,0.0,0.0
2023-01-23T17:00:00,17,0,1,0,17.98,67.18,65.09,7.56,19.811,3.01,83.05,-16.801,0.0
2023-01-23T18:00:00,18,0,1,0,17.33,76.25,0.11,20.92,22.582,0.0,63.24,-20.0,2.582
2023-01-23T19:00:00,19,0,1,0,14.4,63.05,0.38,22.1,27.682,0.003,43.25,-20.0,7.679
2023-01-23T20:00:00,20,0,1,0,14.93,67.44,0.14,8.21,26.589,0.0,23.06,-20.0,6.589
2023-01-23T21:00:00,21,0,1,0,12.74,57.09,0.04,28.26,22.146,0.0,10.11,-13.199,8.947
2023-01-23T22:00:00,22,0,1,0,11.39,56.74,0.0,22.45,20.489,0.0,9.96,-0.0,20.489
2023-01-23T23:00:00,23,0,1,0,9.61,62.74,0.0,25.38,17.191,0.0,9.67,-0.0,17.191
2023-01-24T00:00:00,0,1,1,0,7.95,75.89,0.68,53.02,10.908,0.01,9.92,-0.0,10.898
2023-01-24T01:00:00,1,1,1,0,9.57,70.3,0.0,49.02,11.017,0.002,10.15,-0.0,11.015
2023-01-24T02:00:00,2,1,1,0,6.65,69.23,0.56,37.48,10.052,0.012,9.87,-0.0,10.04
2023-01-24T03:00:00,3,1,1,0,5.87,64.68,1.05,41.09,6.988,0.023,10.36,-0.0,6.965
2023-01-24T04:00:00,4,1,1,0,5.15,73.42,0.61,57.9,8.897,0.0,10.07,-0.0,8.897
2023-01-24T05:00:00,5,1,1,0,5.42,70.01,0.0,53.4,13.465,0.0,10.34,-0.0,13.465
2023-01-24T06:00:00,6,1,1,0,6.78,69.73,0.47,65.78,14.68,0.0,9.83,-0.0,14.68
2023-01-24T07:00:00,7,1,1,0,7.07,67.52,58.37,54.94,19.806,2.837,9.82,-0.0,16.969
2023-01-24T08:00:00,8,1,1,0,11.3,69.5,256.24,43.72,22.521,12.309,9.96,-0.0,10.212
2023-01-24T09:00:00,9,1,1,0,12.17,66.74,369.46,58.88,17.817,17.729,9.81,-0.0,0.088
2023-01-24T10:00:00,10,1,1,0,13.71,69.75,450.08,60.85,19.212,20.447,11.07,1.235,0.0
2023-01-24T11:00:00,11,1,1,0,14.67,60.14,559.42,59.01,15.113,25.902,21.3,10.789,0.0
2023-01-24T12:00:00,12,1,1,0,19.53,68.98,596.46,60.0,14.767,30.448,35.44,15.681,0.0
2023-01-24T13:00:00,13,1,1,0,20.1,61.87,855.92,23.52,16.248,42.535,53.65,20.0,0.0
2023-01-24T14:00:00,14,1,1,0,19.1,65.03,514.66,56.61,15.337,24.948,62.78,9.611,0.0
2023-01-24T15:00:00,15,1,1,0,18.5,67.16,397.64,55.53,14.751,19.395,67.2,4.644,0.0
2023-01-24T16:00:00,16,1,1,0,18.73,70.29,255.37,51.51,15.986,12.577,63.31,-3.409,0.0
2023-01-24T17:00:00,17,1,1,0,18.63,57.69,48.61,46.54,18.954,2.297,46.73,-16.657,0.0
2023-01-24T18:00:00,18,1,1,0,15.11,67.54,0.0,48.77,22.36,0.0,26.95,-20.0,2.36
2023-01-24T19:00:00,19,1,1,0,15.43,60.77,0.0,50.55,26.922,0.029,9.82,-16.937,9.956
2023-01-24T20:00:00,20,1,1,0,14.77,68.69,3.1,54.51,26.128,0.0,9.97,-0.0,26.128
2023-01-24T21:00:00,21,1,1,0,11.27,66.22,0.0,36.77,23.213,0.017,10.22,-0.0,23.196
2023-01-24T22:00:00,22,1,1,0,11.67,69.89,0.74,54.9,19.207,0.029,9.94,-0.0,19.178
2023-01-24T23:00:00,23,1,1,0,6.56,76.52,2.29,51.29,17.375,0.0,10.07,-0.0,17.375
2023-01-25T00:00:00,0,2,1,0,10.0,71.94,0.57,34.32,9.883,0.002,10.08,-0.0,9.881
2023-01-25T01:00:00,1,2,1,0,8.37,75.31,0.0,41.85,13.0,0.001,9.88,-0.0,12.999
2023-01-25T02:00:00,2,2,1,0,6.01,65.82,0.0,19.35,9.835,0.044,9.84,-0.0,9.791
2023-01-25T03:00:00,3,2,1,0,6.94,72.99,0.0,33.93,8.811,0.025,10.15,-0.0,8.786
2023-01-25T04:00:00,4,2,1,0,2.85,77.36,0.14,54.61,11.722,0.0,10.01,-0.0,11.722
2023-01-25T05:00:00,5,2,1,0,5.77,64.86,0.2,11.25,13.513,0.0,10.03,-0.0,13.513
2023-01-25T06:00:00,6,2,1,0,7.73,68.53,0.0,26.62,15.399,0.0,9.99,-0.0,15.399
2023-01-25T07:00:00,7,2,1,0,7.84,63.23,131.85,0.0,20.626,6.274,9.98,-0.0,14.352
2023-01-25T08:00:00,8,2,1,0,11.83,71.52,341.62,18.98,22.235,16.592,10.03,-0.0,5.643
2023-01-25T09:00:00,9,2,1,0,15.34,68.49,495.69,31.16,20.516,24.663,13.65,4.147,0.0
2023-01-25T10:00:00,10,2,1,0,12.59,67.42,522.56,52.12,15.638,24.974,22.46,9.336,0.0
2023-01-25T11:00:00,11,2,1,0,14.98,66.65,557.32,58.1,15.443,24.964,31.01,9.521,0.0
2023-01-25T12:00:00,12,2,1,0,17.58,72.01,581.17,57.95,14.352,29.61,45.55,15.258,0.0
2023-01-25T13:00:00,13,2,1,0,20.24,74.1,488.43,68.86,13.844,21.633,52.46,7.789,0.0
2023-01-25T14:00:00,14,2,1,0,18.3,70.91,344.68,74.64,13.87,16.352,54.69,2.482,0.0
2023-01-25T15:00:00,15,2,1,0,19.85,66.7,476.35,40.81,15.774,23.902,61.97,8.128,0.0
2023-01-25T16:00:00,16,2,1,0,21.27,71.53,233.37,56.76,15.204,10.928,58.02,-4.276,0.0
2023-01-25T17:00:00,17,2,1,0,16.37,66.5,43.63,54.52,20.762,2.047,39.07,-18.715,0.0
2023-01-25T18:00:00,18,2,1,0,15.23,65.55,2.14,35.4,22.927,0.0,19.23,-20.0,2.927
2023-01-25T19:00:00,19,2,1,0,15.3,69.18,0.0,46.42,24.608,0.0,9.9,-9.137,15.471
2023-01-25T20:00:00,20,2,1,0,13.66,68.93,0.0,69.23,25.215,0.0,9.71,-0.0,25.215
2023-01-25T21:00:00,21,2,1,0,13.25,74.21,2.27,32.02,23.202,0.001,10.23,-0.0,23.201
2023-01-25T22:00:00,22,2,1,0,11.64,66.96,0.0,48.99,21.035,0.0,10.09,-0.0,21.035
2023-01-25T23:00:00,23,2,1,0,7.01,73.32,0.82,57.78,17.355,0.023,9.94,-0.0,17.332
2023-01-26T00:00:00,0,3,1,0,8.86,82.59,1.02,64.55,13.255,0.0,10.29,-0.0,13.255
2023-01-26T01:00:00,1,3,1,0,6.3,64.77,0.0,62.3,10.881,0.0,10.0,-0.0,10.881
2023-01-26T02:00:00,2,3,1,0,9.82,74.77,1.46,72.63,9.896,0.0,10.18,-0.0,9.896
2023-01-26T03:00:00,3,3,1,0,5.32,69.25,0.18,48.53,11.901,0.0,9.75,-0.0,11.901
2023-01-26T04:00:00,4,3,1,0,4.82,76.06,0.0,70.11,10.31,0.029,9.95,-0.0,10.281
2023-01-26T05:00:00,5,3,1,0,7.24,69.75,0.0,77.09,11.675,0.017,9.96,-0.0,11.658
2023-01-26T06:00:00,6,3,1,0,9.74,69.86,0.0,59.15,14.766,0.026,9.85,-0.0,14.74
2023-01-26T07:00:00,7,3,1,0,10.96,69.9,67.24,50.74,19.49,3.114,9.87,-0.0,16.376
2023-01-26T08:00:00,8,3,1,0,8.75,79.16,108.8,97.19,19.939,5.029,10.02,-0.0,14.91
2023-01-26T09:00:00,9,3,1,0,14.3,75.12,339.42,68.73,20.3,16.505,9.97,-0.0,3.795
2023-01-26T10:00:00,10,3,1,0,13.67,58.57,445.7,63.4,17.622,20.426,12.55,2.804,0.0
2023-01-26T11:00:00,11,3,1,0,16.42,66.79,582.93,55.0,15.954,26.461,22.17,10.507,0.0
2023-01-26T12:00:00,12,3,1,0,15.58,69.4,492.95,70.92,12.418,22.334,31.52,9.916,0.0
2023-01-26T13:00:00,13,3,1,0,19.26,64.98,620.78,51.3,11.919,29.952,47.77,18.033,0.0
2023-01-26T14:00:00,14,3,1,0,18.63,68.96,404.48,72.34,13.796,18.032,51.86,4.236,0.0
2023-01-26T15:00:00,15,3,1,0,17.99,63.4,369.6,61.67,14.794,17.49,54.27,2.696,0.0
2023-01-26T16:00:00,16,3,1,0,19.83,59.39,217.19,65.56,15.345,9.173,48.09,-6.172,0.0
2023-01-26T17:00:00,17,3,1,0,18.82,69.06,42.39,67.51,17.943,2.066,31.96,-15.877,0.0
2023-01-26T18:00:00,18,3,1,0,17.75,60.17,4.19,44.67,23.458,0.019,12.28,-20.0,3.439
2023-01-26T19:00:00,19,3,1,0,18.23,68.61,1.17,56.16,25.191,0.0,9.91,-2.288,22.903
2023-01-26T20:00:00,20,3,1,0,14.51,66.16,1.95,70.85,26.423,0.0,10.04,-0.0,26.423
2023-01-26T21:00:00,21,3,1,0,13.28,73.25,3.84,59.27,21.469,0.0,10.46,-0.0,21.469
2023-01-26T22:00:00,22,3,1,0,11.77,66.75,0.0,35.3,19.329,0.031,10.03,-0.0,19.298
2023-01-26T23:00:00,23,3,1,0,8.96,71.47,0.0,54.16,18.413,0.017,10.07,-0.0,18.396
2023-01-27T00:00:00,0,4,1,0,9.58,66.31,0.0,30.76,11.629,0.008,9.88,-0.0,11.621
2023-01-27T01:00:00,1,4,1,0,7.15,70.0,0.0,51.76,10.309,0.0,10.03,-0.0,10.309
2023-01-27T02:00:00,2,4,1,0,6.43,69.94,0.0,42.96,11.133,0.0,9.98,-0.0,11.133
2023-01-27T03:00:00,3,4,1,0,8.04,75.68,0.0,39.93,11.199,0.0,9.88,-0.0,11.199
2023-01-27T04:00:00,4,4,1,0,5.68,63.77,1.65,42.45,9.763,0.013,9.86,-0.0,9.75
2023-01-27T05:00:00,5,4,1,0,4.31,72.74,1.15,67.69,11.66,0.002,10.07,-0.0,11.658
2023-01-27T06:00:00,6,4,1,0,10.46,71.42,1.45,24.57,16.433,0.014,9.9,-0.0,16.419
2023-01-27T07:00:00,7,4,1,0,14.52,67.69,47.81,22.48,19.496,2.067,9.86,-0.0,17.429
2023-01-27T08:00:00,8,4,1,0,10.13,73.8,324.39,29.71,21.486,15.861,10.2,-0.0,5.625
2023-01-27T09:00:00,9,4,1,0,11.08,62.17,651.81,2.35,20.358,31.22,20.22,10.862,0.0
2023-01-27T10:00:00,10,4,1,0,13.96,53.93,880.7,0.0,17.386,41.474,38.25,20.0,0.0
2023-01-27T11:00:00,11,4,1,0,16.06,54.75,1000.68,6.12,16.407,46.626,56.95,20.0,0.0
2023-01-27T12:00:00,12,4,1,0,18.75,57.68,1010.2,8.54,15.87,48.678,74.95,20.0,0.0
2023-01-27T13:00:00,13,4,1,0,16.81,65.44,890.0,17.93,12.985,43.42,93.45,20.0,0.0
2023-01-27T14:00:00,14,4,1,0,19.78,58.84,765.98,18.6,15.254,36.275,99.82,6.964,0.0
2023-01-27T15:00:00,15,4,1,0,20.29,62.16,454.55,45.17,14.899,22.246,99.92,0.0,0.0
2023-01-27T16:00:00,16,4,1,0,17.03,63.78,335.33,19.72,15.159,15.447,100.0,0.0,0.0
2023-01-27T17:00:00,17,4,1,0,20.09,63.59,68.15,42.0,18.431,3.197,84.58,-15.234,0.0
2023-01-27T18:00:00,18,4,1,0,20.11,57.0,0.0,13.73,22.532,0.008,64.7,-20.0,2.524
2023-01-27T19:00:00,19,4,1,0,16.91,59.42,0.12,36.87,26.698,0.017,44.62,-20.0,6.681
2023-01-27T20:00:00,20,4,1,0,13.69,69.39,0.59,26.58,24.396,0.01,24.8,-20.0,4.386
2023-01-27T21:00:00,21,4,1,0,12.03,75.09,2.88,55.11,21.002,0.022,10.02,-14.766,6.214
2023-01-27T22:00:00,22,4,1,0,12.12,60.37,0.25,27.49,19.157,0.015,10.21,-0.0,19.142
2023-01-27T23:00:00,23,4,1,0,6.83,69.01,0.0,43.87,16.048,0.0,9.74,-0.0,16.048
2023-01-28T00:00:00,0,5,1,1,9.64,71.03,1.7,32.01,13.87,0.01,10.17,-0.0,13.86
2023-01-28T01:00:00,1,5,1,1,6.37,65.25,0.0,41.59,12.179,0.006,10.17,-0.0,12.173
2023-01-28T02:00:00,2,5,1,1,8.87,74.79,0.78,64.29,11.915,0.0,9.92,-0.0,11.915
2023-01-28T03:00:00,3,5,1,1,6.75,70.51,0.73,51.05,10.277,0.0,9.94,-0.0,10.277
2023-01-28T04:00:00,4,5,1,1,8.86,63.26,0.0,40.12,9.552,0.02,10.05,-0.0,9.532
2023-01-28T05:00:00,5,5,1,1,5.44,80.94,0.0,45.68,13.183,0.011,10.15,-0.0,13.172
2023-01-28T06:00:00,6,5,1,1,10.45,66.01,0.0,35.08,12.45,0.019,9.69,-0.0,12.431
2023-01-28T07:00:00,7,5,1,1,9.93,72.94,62.51,50.52,15.413,3.077,9.93,-0.0,12.336
2023-01-28T08:00:00,8,5,1,1,10.36,66.7,185.36,65.38,15.875,8.903,10.06,-0.0,6.972
2023-01-28T09:00:00,9,5,1,1,13.39,71.75,564.34,21.04,18.336,27.715,18.64,9.379,0.0
2023-01-28T10:00:00,10,5,1,1,16.88,73.47,668.43,32.11,18.85,30.177,29.05,11.327,0.0
2023-01-28T11:00:00,11,5,1,1,16.33,54.82,866.43,20.74,19.011,42.194,47.2,20.0,0.0
2023-01-28T12:00:00,12,5,1,1,15.25,60.26,1016.62,8.44,19.112,48.837,65.77,20.0,0.0
2023-01-28T13:00:00,13,5,1,1,18.71,66.51,933.92,13.05,17.767,44.417,84.19,20.0,0.0
2023-01-28T14:00:00,14,5,1,1,18.26,56.09,877.61,1.83,15.41,38.6,99.87,17.12,0.0
2023-01-28T15:00:00,15,5,1,1,19.7,63.57,550.92,27.69,17.09,24.9,100.0,0.0,0.0
2023-01-28T16:00:00,16,5,1,1,18.86,51.37,364.58,12.97,18.039,17.639,99.54,-0.4,0.0
2023-01-28T17:00:00,17,5,1,1,17.69,56.36,102.15,12.17,17.34,4.964,87.1,-12.376,0.0
2023-01-28T18:00:00,18,5,1,1,15.38,64.37,0.0,20.67,18.044,0.001,69.47,-18.043,0.0
2023-01-28T19:00:00,19,5,1,1,17.14,61.79,0.0,39.78,19.597,0.023,49.67,-19.574,0.0
2023-01-28T20:00:00,20,5,1,1,13.69,66.44,1.08,50.46,20.732,0.015,29.63,-20.0,0.717
2023-01-28T21:00:00,21,5,1,1,9.28,58.09,0.86,17.15,18.879,0.0,10.71,-18.879,0.0
2023-01-28T22:00:00,22,5,1,1,12.17,71.69,0.0,46.08,16.428,0.0,9.9,-0.728,15.7
2023-01-28T23:00:00,23,5,1,1,9.89,60.65,0.0,30.58,16.901,0.0,9.87,-0.0,16.901
2023-01-29T00:00:00,0,6,1,1,7.69,78.63,0.73,46.38,13.093,0.0,9.82,-0.0,13.093
2023-01-29T01:00:00,1,6,1,1,5.59,69.58,2.63,52.49,12.088,0.054,9.95,-0.0,12.034
2023-01-29T02:00:00,2,6,1,1,8.58,75.25,1.53,51.76,10.587,0.033,9.77,-0.0,10.554
2023-01-29T03:00:00,3,6,1,1,6.99,76.43,1.8,57.1,11.077,0.023,10.13,-0.0,11.054
2023-01-29T04:00:00,4,6,1,1,9.8,66.5,0.0,57.4,10.637,0.009,9.9,-0.0,10.628
2023-01-29T05:00:00,5,6,1,1,8.14,66.18,0.62,35.61,11.259,0.0,10.13,-0.0,11.259
2023-01-29T06:00:00,6,6,1,1,9.83,64.43,0.0,26.12,12.785,0.0,9.87,-0.0,12.785
2023-01-29T07:00:00,7,6,1,1,10.06,63.32,91.26,17.37,14.891,4.364,10.06,-0.0,10.527
2023-01-29T08:00:00,8,6,1,1,12.75,54.7,425.56,0.0,16.588,20.305,13.21,3.717,0.0
2023-01-29T09:00:00,9,6,1,1,13.52,65.28,620.38,12.34,17.048,31.851,26.94,14.803,0.0
2023-01-29T10:00:00,10,6,1,1,16.16,62.57,579.09,44.71,18.737,27.698,35.2,8.961,0.0
2023-01-29T11:00:00,11,6,1,1,15.36,61.74,915.78,17.05,19.29,46.762,53.72,20.0,0.0
2023-01-29T12:00:00,12,6,1,1,18.11,67.48,852.06,28.04,19.271,39.715,71.89,20.0,0.0
2023-01-29T13:00:00,13,6,1,1,18.69,63.66,882.27,19.25,18.562,40.111,90.7,20.0,0.0
2023-01-29T14:00:00,14,6,1,1,20.3,61.36,563.55,49.53,18.719,26.284,97.44,7.565,0.0
2023-01-29T15:00:00,15,6,1,1,21.59,63.31,622.96,11.89,17.527,31.13,99.99,2.78,0.0
2023-01-29T16:00:00,16,6,1,1,18.69,61.25,436.53,0.0,18.983,20.397,99.78,0.0,0.0
2023-01-29T17:00:00,17,6,1,1,18.06,54.74,96.23,0.0,18.524,4.388,85.91,-14.136,0.0
2023-01-29T18:00:00,18,6,1,1,18.66,57.05,0.0,11.22,19.488,0.0,66.54,-19.488,0.0
2023-01-29T19:00:00,19,6,1,1,16.21,69.09,0.29,32.04,17.96,0.0,48.28,-17.96,0.0
2023-01-29T20:00:00,20,6,1,1,17.38,66.19,0.0,24.38,20.486,0.014,28.33,-20.0,0.472
2023-01-29T21:00:00,21,6,1,1,11.12,61.42,0.0,45.66,20.125,0.003,9.96,-18.416,1.706
2023-01-29T22:00:00,22,6,1,1,11.32,60.75,0.0,25.33,18.024,0.017,9.95,-0.0,18.007
2023-01-29T23:00:00,23,6,1,1,9.49,71.29,0.0,32.2,14.475,0.005,9.86,-0.0,14.47
2023-01-30T00:00:00,0,0,1,0,5.76,62.78,0.0,24.14,9.394,0.0,10.06,-0.0,9.394
2023-01-30T01:00:00,1,0,1,0,7.0,74.06,0.0,37.92,10.643,0.0,10.18,-0.0,10.643
2023-01-30T02:00:00,2,0,1,0,5.94,80.19,0.0,37.21,9.538,0.008,9.99,-0.0,9.53
2023-01-30T03:00:00,3,0,1,0,7.64,75.69,2.36,65.47,8.218,0.005,9.86,-0.0,8.213
2023-01-30T04:00:00,4,0,1,0,8.95,67.99,0.0,62.22,10.887,0.0,9.83,-0.0,10.887
2023-01-30T05:00:00,5,0,1,0,7.77,72.77,0.84,53.07,11.031,0.0,10.36,-0.0,11.031
2023-01-30T06:00:00,6,0,1,0,7.71,79.1,0.62,66.46,13.649,0.0,9.93,-0.0,13.649
2023-01-30T07:00:00,7,0,1,0,11.13,69.07,85.9,43.31,21.436,3.973,10.08,-0.0,17.463
2023-01-30T08:00:00,8,0,1,0,12.55,70.2,284.15,43.21,21.687,13.294,9.75,-0.0,8.393
2023-01-30T09:00:00,9,0,1,0,13.23,64.46,429.77,50.24,19.63,20.675,10.85,1.045,0.0
2023-01-30T10:00:00,10,0,1,0,13.99,62.14,634.81,35.02,15.888,30.86,24.9,14.972,0.0
2023-01-30T11:00:00,11,0,1,0,16.86,69.66,705.11,41.31,14.33,35.757,43.0,20.0,0.0
2023-01-30T12:00:00,12,0,1,0,17.51,60.49,761.47,36.57,13.658,38.558,61.41,20.0,0.0
2023-01-30T13:00:00,13,0,1,0,19.23,53.04,594.7,55.63,13.519,28.331,75.22,14.812,0.0
2023-01-30T14:00:00,14,0,1,0,20.17,59.07,738.2,23.29,13.923,34.775,93.46,20.0,0.0
2023-01-30T15:00:00,15,0,1,0,20.48,61.88,569.24,22.46,13.648,26.576,100.0,6.997,0.0
2023-01-30T16:00:00,16,0,1,0,18.6,67.79,303.84,30.16,15.613,14.913,99.2,-0.7,0.0
2023-01-30T17:00:00,17,0,1,0,19.76,73.25,46.94,51.26,17.566,2.338,84.06,-15.228,0.0
2023-01-30T18:00:00,18,0,1,0,17.57,65.81,0.0,45.68,20.805,0.0,64.17,-20.0,0.805
2023-01-30T19:00:00,19,0,1,0,15.12,70.4,0.0,48.13,23.845,0.0,44.0,-20.0,3.845
2023-01-30T20:00:00,20,0,1,0,12.58,65.65,0.0,25.13,24.863,0.016,23.88,-20.0,4.847
2023-01-30T21:00:00,21,0,1,0,14.28,67.2,2.94,33.88,22.644,0.0,9.93,-14.072,8.572
2023-01-30T22:00:00,22,0,1,0,12.73,62.04,0.0,11.81,19.96,0.0,9.85,-0.0,19.96
2023-01-30T23:00:00,23,0,1,0,9.39,70.52,2.58,37.04,17.03,0.02,9.93,-0.0,17.01
2023-01-31T00:00:00,0,1,1,0,8.89,65.54,0.0,39.23,12.642,0.027,10.0,-0.0,12.615
2023-01-31T01:00:00,1,1,1,0,9.28,79.5,0.0,43.37,10.615,0.0,10.0,-0.0,10.615
2023-01-31T02:00:00,2,1,1,0,4.48,59.1,0.11,35.47,10.851,0.0,10.14,-0.0,10.851
2023-01-31T03:00:00,3,1,1,0,5.36,70.99,0.0,19.26,7.501,0.0,9.88,-0.0,7.501
2023-01-31T04:00:00,4,1,1,0,6.06,70.8,0.0,28.92,11.125,0.006,10.0,-0.0,11.119
2023-01-31T05:00:00,5,1,1,0,10.28,69.26,0.0,32.36,12.234,0.0,10.21,-0.0,12.234
2023-01-31T06:00:00,6,1,1,0,9.04,64.53,0.0,48.13,16.539,0.0,10.05,-0.0,16.539
2023-01-31T07:00:00,7,1,1,0,11.01,60.34,69.07,43.92,16.218,3.158,10.14,-0.0,13.06
2023-01-31T08:00:00,8,1,1,0,10.77,71.86,278.68,43.65,22.135,13.146,9.99,-0.0,8.989
2023-01-31T09:00:00,9,1,1,0,11.71,77.79,362.98,62.17,18.309,17.94,10.12,-0.0,0.369
2023-01-31T10:00:00,10,1,1,0,16.37,66.04,613.9,38.27,18.673,28.064,18.61,9.391,0.0
2023-01-31T11:00:00,11,1,1,0,17.06,67.18,800.19,28.93,14.377,37.015,36.83,20.0,0.0
2023-01-31T12:00:00,12,1,1,0,18.14,63.31,691.98,49.19,14.799,31.244,52.27,16.445,0.0
2023-01-31T13:00:00,13,1,1,0,19.19,65.63,713.02,42.14,14.023,33.152,69.82,19.129,0.0
2023-01-31T14:00:00,14,1,1,0,19.54,67.93,692.27,29.02,15.394,32.621,85.62,17.227,0.0
2023-01-31T15:00:00,15,1,1,0,20.8,62.06,447.71,45.78,15.114,21.312,91.18,6.198,0.0
2023-01-31T16:00:00,16,1,1,0,20.91,67.98,292.0,35.68,18.301,13.566,86.82,-4.735,0.0
2023-01-31T17:00:00,17,1,1,0,21.35,53.27,79.67,33.24,18.656,3.773,71.82,-14.883,0.0
2023-01-31T18:00:00,18,1,1,0,16.77,62.46,0.55,43.66,21.844,0.019,51.61,-20.0,1.825
2023-01-31T19:00:00,19,1,1,0,13.54,73.96,0.34,69.85,24.815,0.005,31.91,-20.0,4.81
2023-01-31T20:00:00,20,1,1,0,15.72,75.54,1.09,43.16,26.231,0.031,11.91,-20.0,6.2
2023-01-31T21:00:00,21,1,1,0,14.91,68.42,0.0,55.68,23.725,0.001,9.97,-1.701,22.023
2023-01-31T22:00:00,22,1,1,0,10.13,67.68,1.11,68.14,18.032,0.029,9.87,-0.0,18.003
2023-01-31T23:00:00,23,1,1,0,8.99,80.16,0.65,50.04,15.641,0.0,10.07,-0.0,15.641
2023-02-01T00:00:00,0,2,2,0,9.44,67.84,0.19,36.41,12.273,0.0,9.97,-0.0,12.273
2023-02-01T01:00:00,1,2,2,0,9.96,71.52,2.97,36.52,12.321,0.0,10.4,-0.0,12.321
2023-02-01T02:00:00,2,2,2,0,9.83,66.92,0.71,38.64,9.357,0.036,9.85,-0.0,9.321
2023-02-01T03:00:00,3,2,2,0,7.99,67.57,0.0,20.37,8.289,0.0,10.23,-0.0,8.289
2023-02-01T04:00:00,4,2,2,0,7.13,62.43,2.3,6.42,11.565,0.032,9.94,-0.0,11.533
2023-02-01T05:00:00,5,2,2,0,7.67,82.08,0.77,45.39,10.355,0.0,9.96,-0.0,10.355
2023-02-01T06:00:00,6,2,2,0,9.49,68.94,2.67,0.0,16.075,0.0,9.87,-0.0,16.075
2023-02-01T07:00:00,7,2,2,0,9.74,74.06,82.57,15.84,16.781,3.981,10.02,-0.0,12.8
2023-02-01T08:00:00,8,2,2,0,11.72,58.67,416.93,5.7,20.999,20.35,9.87,-0.0,0.649
2023-02-01T09:00:00,9,2,2,0,16.43,52.29,602.49,15.03,19.71,29.254,18.75,9.544,0.0
2023-02-01T10:00:00,10,2,2,0,17.69,57.34,879.24,2.2,16.581,41.385,36.99,20.0,0.0
2023-02-01T11:00:00,11,2,2,0,17.22,72.35,985.61,6.92,16.887,45.721,55.28,20.0,0.0
2023-02-01T12:00:00,12,2,2,0,17.63,56.9,1067.14,0.0,14.251,50.0,73.95,20.0,0.0
2023-02-01T13:00:00,13,2,2,0,20.7,62.07,1044.42,0.0,13.932,49.939,92.58,20.0,0.0
2023-02-01T14:00:00,14,2,2,0,21.07,51.49,895.06,0.0,13.995,44.225,100.0,8.282,0.0
2023-02-01T15:00:00,15,2,2,0,20.78,54.21,610.15,10.55,14.102,26.847,99.97,0.0,0.0
2023-02-01T16:00:00,16,2,2,0,21.53,55.96,405.21,0.0,18.584,19.332,100.0,0.0,0.0
2023-02-01T17:00:00,17,2,2,0,20.18,67.81,90.69,1.05,19.034,4.537,85.15,-14.497,0.0
2023-02-01T18:00:00,18,2,2,0,19.7,66.84,0.0,26.51,25.023,0.014,65.54,-20.0,5.009
2023-02-01T19:00:00,19,2,2,0,18.31,50.26,0.0,15.97,24.626,0.0,45.37,-20.0,4.626
2023-02-01T20:00:00,20,2,2,0,15.92,66.53,0.0,25.04,25.554,0.006,25.51,-20.0,5.548
2023-02-01T21:00:00,21,2,2,0,12.07,62.85,0.0,46.84,22.457,0.004,9.88,-15.503,6.95
2023-02-01T22:00:00,22,2,2,0,12.3,61.19,0.25,21.09,18.564,0.004,9.9,-0.0,18.56
2023-02-01T23:00:00,23,2,2,0,9.69,69.98,0.0,30.39,16.366,0.033,10.04,-0.0,16.333
2023-02-02T00:00:00,0,3,2,0,7.92,75.95,0.0,34.09,13.787,0.005,9.97,-0.0,13.782
2023-02-02T01:00:00,1,3,2,0,9.96,75.35,0.0,39.2,12.367,0.002,9.89,-0.0,12.365
2023-02-02T02:00:00,2,3,2,0,10.16,74.9,2.08,70.86,10.157,0.0,9.8,-0.0,10.157
2023-02-02T03:00:00,3,3,2,0,8.58,68.94,1.36,24.84,8.355,0.011,10.11,-0.0,8.344
2023-02-02T04:00:00,4,3,2,0,7.62,74.53,0.0,25.26,10.815,0.009,9.96,-0.0,10.806
2023-02-02T05:00:00,5,3,2,0,9.2,57.6,0.0,15.55,11.696,0.0,9.81,-0.0,11.696
2023-02-02T06:00:00,6,3,2,0,9.41,80.3,1.29,54.27,14.419,0.019,9.74,-0.0,14.4
2023-02-02T07:00:00,7,3,2,0,11.9,61.99,81.44,26.78,19.869,4.009,10.04,-0.0,15.86
2023-02-02T08:00:00,8,3,2,0,10.92,67.11,332.07,24.04,19.723,15.654,9.95,-0.0,4.069
2023-02-02T09:00:00,9,3,2,0,14.92,60.84,561.38,22.2,20.212,25.111,14.53,4.899,0.0
2023-02-02T10:00:00,10,3,2,0,17.02,60.74,554.75,51.16,17.933,27.958,24.11,10.025,0.0
2023-02-02T11:00:00,11,3,2,0,15.84,70.56,563.43,58.44,16.029,27.285,34.21,11.256,0.0
2023-02-02T12:00:00,12,3,2,0,18.23,64.97,743.4,37.43,12.932,35.945,52.48,20.0,0.0
2023-02-02T13:00:00,13,3,2,0,19.29,64.17,656.77,47.35,15.957,31.321,66.37,15.364,0.0
2023-02-02T14:00:00,14,3,2,0,22.69,59.58,673.84,30.83,14.571,33.292,84.09,18.721,0.0
2023-02-02T15:00:00,15,3,2,0,21.43,70.96,450.52,46.1,14.918,20.654,89.13,5.736,0.0
2023-02-02T16:00:00,16,3,2,0,20.09,75.56,259.64,49.63,15.085,12.464,86.87,-2.621,0.0
2023-02-02T17:00:00,17,3,2,0,20.52,67.21,99.91,26.88,18.512,4.843,72.71,-13.669,0.0
2023-02-02T18:00:00,18,3,2,0,19.25,65.3,0.0,42.02,22.558,0.0,52.64,-20.0,2.558
2023-02-02T19:00:00,19,3,2,0,16.24,58.52,0.89,49.58,25.471,0.012,33.05,-20.0,5.459
2023-02-02T20:00:00,20,3,2,0,13.95,67.82,0.0,27.69,25.879,0.0,12.87,-20.0,5.879
2023-02-02T21:00:00,21,3,2,0,13.65,70.89,2.46,45.6,22.561,0.018,10.19,-2.831,19.712
2023-02-02T22:00:00,22,3,2,0,11.73,70.8,0.99,34.65,21.008,0.0,9.82,-0.0,21.008
2023-02-02T23:00:00,23,3,2,0,9.78,63.18,0.0,40.38,16.124,0.014,9.81,-0.0,16.11
2023-02-03T00:00:00,0,4,2,0,11.67,75.71,0.0,64.5,12.135,0.026,9.85,-0.0,12.109
2023-02-03T01:00:00,1,4,2,0,8.9,75.65,0.48,30.21,12.168,0.008,9.58,-0.0,12.16
2023-02-03T02:00:00,2,4,2,0,5.44,68.28,0.0,53.21,9.492,0.023,9.92,-0.0,9.469
2023-02-03T03:00:00,3,4,2,0,7.89,76.58,0.0,61.98,8.321,0.0,9.72,-0.0,8.321
2023-02-03T04:00:00,4,4,2,0,8.93,61.91,0.72,17.88,9.972,0.0,10.01,-0.0,9.972
2023-02-03T05:00:00,5,4,2,0,9.93,65.03,0.0,18.75,13.248,0.0,9.99,-0.0,13.248
2023-02-03T06:00:00,6,4,2,0,10.78,58.58,1.12,7.05,15.523,0.0,9.87,-0.0,15.523
2023-02-03T07:00:00,7,4,2,0,9.74,63.47,92.4,15.88,19.877,4.638,10.08,-0.0,15.239
2023-02-03T08:00:00,8,4,2,0,11.53,62.8,373.25,17.68,19.655,19.045,10.02,-0.0,0.61
2023-02-03T09:00:00,9,4,2,0,12.75,66.54,565.41,21.92,18.29,26.403,17.66,8.113,0.0
2023-02-03T10:00:00,10,4,2,0,17.02,69.99,579.41,44.64,18.048,27.363,26.31,9.315,0.0
2023-02-03T11:00:00,11,4,2,0,18.0,64.38,1021.46,0.0,15.657,44.666,44.45,20.0,0.0
2023-02-03T12:00:00,12,4,2,0,19.89,54.76,1034.42,5.05,13.304,46.623,62.9,20.0,0.0
2023-02-03T13:00:00,13,4,2,0,21.18,62.86,782.34,30.08,12.825,38.383,81.32,20.0,0.0
2023-02-03T14:00:00,14,4,2,0,19.31,56.88,666.74,31.98,14.065,33.409,99.32,19.344,0.0
2023-02-03T15:00:00,15,4,2,0,18.53,57.88,685.72,2.82,14.866,32.014,99.79,1.054,0.0
2023-02-03T16:00:00,16,4,2,0,20.43,62.27,305.34,33.98,15.201,14.333,99.05,-0.868,0.0
2023-02-03T17:00:00,17,4,2,0,20.04,60.96,56.91,55.94,19.341,2.581,82.17,-16.76,0.0
2023-02-03T18:00:00,18,4,2,0,19.05,66.72,0.0,41.33,21.356,0.0,62.28,-20.0,1.356
2023-02-03T19:00:00,19,4,2,0,15.77,61.14,1.38,15.96,24.802,0.002,42.31,-20.0,4.8
2023-02-03T20:00:00,20,4,2,0,16.14,66.11,0.0,40.13,24.057,0.019,22.24,-20.0,4.038
2023-02-03T21:00:00,21,4,2,0,13.36,74.94,0.0,53.08,22.832,0.025,10.06,-12.372,10.435
2023-02-03T22:00:00,22,4,2,0,12.23,62.22,0.0,19.24,18.714,0.0,10.08,-0.0,18.714
2023-02-03T23:00:00,23,4,2,0,11.74,72.16,0.0,41.14,18.028,0.0,10.0,-0.0,18.028
2023-02-04T00:00:00,0,5,2,1,9.63,77.8,0.0,51.22,12.998,0.0,10.05,-0.0,12.998
2023-02-04T01:00:00,1,5,2,1,9.88,77.94,1.6,55.14,10.423,0.0,10.27,-0.0,10.423
2023-02-04T02:00:00,2,5,2,1,8.32,68.01,0.0,35.49,12.103,0.0,10.05,-0.0,12.103
2023-02-04T03:00:00,3,5,2,1,7.11,68.43,0.0,60.02,10.462,0.0,9.8,-0.0,10.462
2023-02-04T04:00:00,4,5,2,1,7.0,67.79,0.0,46.61,11.693,0.0,9.88,-0.0,11.693
2023-02-04T05:00:00,5,5,2,1,10.12,62.36,0.0,51.1,10.287,0.0,9.87,-0.0,10.287
2023-02-04T06:00:00,6,5,2,1,8.69,73.95,0.52,47.36,13.73,0.019,10.21,-0.0,13.711
2023-02-04T07:00:00,7,5,2,1,7.67,79.13,64.83,76.05,16.925,2.924,9.92,-0.0,14.001
2023-02-04T08:00:00,8,5,2,1,10.61,69.21,296.02,41.71,16.892,13.597,9.85,-0.0,3.295
2023-02-04T09:00:00,9,5,2,1,14.51,59.86,435.9,43.49,16.93,21.187,13.74,4.257,0.0
2023-02-04T10:00:00,10,5,2,1,16.68,61.02,707.83,25.49,19.753,33.34,26.33,13.587,0.0
2023-02-04T11:00:00,11,5,2,1,17.49,69.02,831.01,23.59,18.088,40.233,44.72,20.0,0.0
2023-02-04T12:00:00,12,5,2,1,20.63,63.41,883.64,23.36,19.16,42.06,63.1,20.0,0.0
2023-02-04T13:00:00,13,5,2,1,16.83,66.34,833.43,23.23,20.474,40.091,81.4,19.617,0.0
2023-02-04T14:00:00,14,5,2,1,20.89,77.79,675.21,30.25,16.62,32.432,95.77,15.812,0.0
2023-02-04T15:00:00,15,5,2,1,22.6,60.23,574.53,18.78,17.307,28.298,99.99,4.553,0.0
2023-02-04T16:00:00,16,5,2,1,19.47,51.67,312.04,33.19,18.956,15.423,96.58,-3.533,0.0
2023-02-04T17:00:00,17,5,2,1,19.55,57.27,89.63,35.53,18.443,4.3,82.45,-14.143,0.0
2023-02-04T18:00:00,18,5,2,1,17.84,63.89,0.87,26.49,19.145,0.004,63.09,-19.141,0.0
2023-02-04T19:00:00,19,5,2,1,16.47,62.74,1.13,23.39,17.12,0.008,46.25,-17.112,0.0
2023-02-04T20:00:00,20,5,2,1,16.48,64.13,0.0,39.01,18.567,0.009,27.51,-18.558,0.0
2023-02-04T21:00:00,21,5,2,1,16.06,64.56,0.0,39.76,20.114,0.012,9.91,-17.513,2.589
2023-02-04T22:00:00,22,5,2,1,14.9,59.13,0.0,20.3,17.704,0.003,10.14,-0.0,17.701
2023-02-04T23:00:00,23,5,2,1,9.88,64.63,0.0,0.0,16.156,0.0,10.06,-0.0,16.156
2023-02-05T00:00:00,0,6,2,1,12.46,72.19,0.0,25.8,13.959,0.03,10.04,-0.0,13.929
2023-02-05T01:00:00,1,6,2,1,9.35,72.7,2.41,6.54,12.596,0.013,9.95,-0.0,12.583
2023-02-05T02:00:00,2,6,2,1,11.02,74.12,0.0,23.09,10.199,0.0,10.0,-0.0,10.199
2023-02-05T03:00:00,3,6,2,1,8.04,63.49,0.0,29.91,11.519,0.0,9.89,-0.0,11.519
2023-02-05T04:00:00,4,6,2,1,8.97,67.91,0.0,31.65,9.805,0.04,9.97,-0.0,9.765
2023-02-05T05:00:00,5,6,2,1,9.81,70.45,0.0,61.45,9.961,0.0,9.94,-0.0,9.961
2023-02-05T06:00:00,6,6,2,1,14.7,70.19,0.0,47.39,13.416,0.0,10.04,-0.0,13.416
2023-02-05T07:00:00,7,6,2,1,12.95,69.72,68.57,60.4,13.304,3.498,10.23,-0.0,9.806
2023-02-05T08:00:00,8,6,2,1,12.79,68.46,238.46,56.12,14.864,11.135,9.97,-0.0,3.729
2023-02-05T09:00:00,9,6,2,1,15.78,75.83,374.71,60.25,16.454,19.116,12.57,2.662,0.0
2023-02-05T10:00:00,10,6,2,1,15.15,70.83,410.66,69.79,18.661,18.335,12.14,-0.326,0.0
2023-02-05T11:00:00,11,6,2,1,17.55,65.31,691.92,40.95,19.694,32.745,24.3,13.051,0.0
2023-02-05T12:00:00,12,6,2,1,20.77,63.51,803.29,31.12,18.294,36.305,40.96,18.011,0.0
2023-02-05T13:00:00,13,6,2,1,21.06,66.5,682.9,43.34,16.665,31.216,54.01,14.551,0.0
2023-02-05T14:00:00,14,6,2,1,21.88,64.62,639.02,33.67,16.003,31.159,67.77,15.156,0.0
2023-02-05T15:00:00,15,6,2,1,22.09,68.89,464.98,33.85,15.019,22.542,74.76,7.523,0.0
2023-02-05T16:00:00,16,6,2,1,21.63,55.83,293.07,39.7,17.522,13.768,71.35,-3.754,0.0
2023-02-05T17:00:00,17,6,2,1,20.9,61.68,98.93,22.36,16.35,5.02,59.92,-11.33,0.0
2023-02-05T18:00:00,18,6,2,1,15.99,61.75,0.0,19.02,18.591,0.0,41.13,-18.591,0.0
2023-02-05T19:00:00,19,6,2,1,18.87,59.09,2.81,18.49,17.275,0.009,24.25,-17.266,0.0
2023-02-05T20:00:00,20,6,2,1,14.73,68.49,0.82,30.71,21.004,0.0,9.95,-14.011,6.993
2023-02-05T21:00:00,21,6,2,1,12.83,69.16,0.0,10.21,19.126,0.003,9.95,-0.0,19.123
2023-02-05T22:00:00,22,6,2,1,12.87,61.72,0.0,23.71,16.297,0.046,9.96,-0.0,16.251
2023-02-05T23:00:00,23,6,2,1,11.7,77.06,1.85,45.75,16.012,0.0,10.19,-0.0,16.012
2023-02-06T00:00:00,0,0,2,0,9.24,61.1,0.0,34.25,12.106,0.0,9.89,-0.0,12.106
2023-02-06T01:00:00,1,0,2,0,10.7,66.68,0.0,9.44,9.926,0.001,10.19,-0.0,9.925
2023-02-06T02:00:00,2,0,2,0,5.4,62.75,0.71,13.14,10.479,0.0,10.08,-0.0,10.479
2023-02-06T03:00:00,3,0,2,0,7.85,62.4,0.0,11.53,11.213,0.01,10.2,-0.0,11.203
2023-02-06T04:00:00,4,0,2,0,8.34,69.13,0.0,34.77,11.415,0.018,10.11,-0.0,11.397
2023-02-06T05:00:00,5,0,2,0,10.03,66.46,0.0,38.48,12.199,0.0,10.05,-0.0,12.199
2023-02-06T06:00:00,6,0,2,0,10.91,52.23,0.62,29.03,17.0,0.0,10.1,-0.0,17.0
2023-02-06T07:00:00,7,0,2,0,11.06,72.93,73.47,51.72,19.328,3.742,10.01,-0.0,15.586
2023-02-06T08:00:00,8,0,2,0,14.13,73.99,215.4,64.39,20.939,10.042,9.89,-0.0,10.897
2023-02-06T09:00:00,9,0,2,0,14.87,64.92,486.95,38.03,19.935,22.447,12.41,2.512,0.0
2023-02-06T10:00:00,10,0,2,0,14.27,65.51,590.53,42.37,17.485,28.027,22.0,10.542,0.0
2023-02-06T11:00:00,11,0,2,0,15.48,62.01,796.17,27.92,15.728,42.287,40.6,20.0,0.0
2023-02-06T12:00:00,12,0,2,0,18.97,54.39,768.38,34.56,13.304,38.626,58.99,20.0,0.0
2023-02-06T13:00:00,13,0,2,0,19.87,52.72,777.92,30.21,15.309,36.621,77.3,20.0,0.0
2023-02-06T14:00:00,14,0,2,0,20.37,61.01,902.81,0.0,15.65,42.808,95.76,20.0,0.0
2023-02-06T15:00:00,15,0,2,0,21.51,65.84,546.43,27.64,17.611,26.215,100.0,4.772,0.0
2023-02-06T16:00:00,16,0,2,0,21.36,62.61,356.77,21.17,14.631,17.289,100.0,0.0,0.0
2023-02-06T17:00:00,17,0,2,0,21.46,58.62,128.9,2.18,19.432,6.326,86.8,-13.106,0.0
2023-02-06T18:00:00,18,0,2,0,17.65,69.43,0.0,46.84,22.047,0.004,66.93,-20.0,2.043
2023-02-06T19:00:00,19,0,2,0,16.76,72.46,0.0,65.98,26.194,0.011,46.96,-20.0,6.183
2023-02-06T20:00:00,20,0,2,0,15.43,62.16,0.7,42.49,26.827,0.053,26.95,-20.0,6.774
2023-02-06T21:00:00,21,0,2,0,14.59,71.1,0.0,65.4,22.976,0.0,10.04,-16.894,6.082
2023-02-06T22:00:00,22,0,2,0,14.07,71.43,0.0,82.98,19.062,0.011,10.03,-0.0,19.051
2023-02-06T23:00:00,23,0,2,0,11.45,68.78,0.0,55.26,15.997,0.0,10.31,-0.0,15.997
2023-02-07T00:00:00,0,1,2,0,6.43,76.05,0.03,37.91,11.7,0.0,10.02,-0.0,11.7
2023-02-07T01:00:00,1,1,2,0,7.39,78.12,0.0,40.77,11.322,0.0,10.11,-0.0,11.322
2023-02-07T02:00:00,2,1,2,0,8.41,58.74,0.16,46.02,10.494,0.008,10.0,-0.0,10.486
2023-02-07T03:00:00,3,1,2,0,8.55,69.31,1.67,47.25,11.464,0.0,10.05,-0.0,11.464
2023-02-07T04:00:00,4,1,2,0,8.52,66.82,0.0,32.31,10.246,0.006,9.87,-0.0,10.24
2023-02-07T05:00:00,5,1,2,0,9.74,74.21,4.0,37.05,13.246,0.0,9.91,-0.0,13.246
2023-02-07T06:00:00,6,1,2,0,11.09,59.98,0.41,34.24,14.472,0.0,9.93,-0.0,14.472
2023-02-07T07:00:00,7,1,2,0,11.91,48.77,100.77,13.77,17.744,4.906,9.79,-0.0,12.838
2023-02-07T08:00:00,8,1,2,0,12.17,70.43,310.36,32.12,22.213,16.291,10.02,-0.0,5.922
2023-02-07T09:00:00,9,1,2,0,14.27,67.7,584.8,16.9,20.53,27.936,16.68,7.406,0.0
2023-02-07T10:00:00,10,1,2,0,17.1,56.09,591.19,41.45,16.848,30.813,29.5,13.965,0.0
2023-02-07T11:00:00,11,1,2,0,16.84,66.03,611.43,51.42,14.279,28.489,43.06,14.21,0.0
2023-02-07T12:00:00,12,1,2,0,20.05,66.32,993.61,9.99,13.808,46.925,61.31,20.0,0.0
2023-02-07T13:00:00,13,1,2,0,20.79,54.04,879.91,17.79,14.346,41.729,79.85,20.0,0.0
2023-02-07T14:00:00,14,1,2,0,20.91,64.03,563.13,45.54,14.441,27.196,91.26,12.755,0.0
2023-02-07T15:00:00,15,1,2,0,23.27,61.08,570.01,20.91,13.347,27.213,99.96,9.49,0.0
2023-02-07T16:00:00,16,1,2,0,20.16,52.37,355.94,15.98,15.168,17.542,100.0,0.0,0.0
2023-02-07T17:00:00,17,1,2,0,23.41,58.97,93.07,43.1,19.592,4.038,84.51,-15.554,0.0
2023-02-07T18:00:00,18,1,2,0,18.88,52.94,0.0,23.84,23.62,0.017,64.4,-20.0,3.603
2023-02-07T19:00:00,19,1,2,0,17.03,59.47,0.0,9.7,24.661,0.021,44.34,-20.0,4.64
2023-02-07T20:00:00,20,1,2,0,17.06,58.77,0.0,26.1,23.966,0.02,24.54,-20.0,3.946
2023-02-07T21:00:00,21,1,2,0,14.12,61.94,0.0,3.13,23.015,0.013,9.77,-14.446,8.556
2023-02-07T22:00:00,22,1,2,0,11.74,69.32,1.14,29.33,17.02,0.0,10.1,-0.0,17.02
2023-02-07T23:00:00,23,1,2,0,11.38,70.74,0.0,12.36,16.144,0.0,9.96,-0.0,16.144
2023-02-08T00:00:00,0,2,2,0,11.27,79.8,0.65,40.9,12.609,0.018,10.13,-0.0,12.591
2023-02-08T01:00:00,1,2,2,0,10.16,69.78,0.06,40.87,10.679,0.0,10.17,-0.0,10.679
2023-02-08T02:00:00,2,2,2,0,10.79,62.68,1.46,13.33,8.405,0.0,10.1,-0.0,8.405
2023-02-08T03:00:00,3,2,2,0,9.88,68.32,1.58,49.49,11.515,0.043,9.83,-0.0,11.472
2023-02-08T04:00:00,4,2,2,0,10.95,62.71,0.5,35.7,10.467,0.01,9.78,-0.0,10.457
2023-02-08T05:00:00,5,2,2,0,10.57,72.66,1.15,53.59,12.507,0.003,9.77,-0.0,12.504
2023-02-08T06:00:00,6,2,2,0,11.64,66.14,1.69,45.47,16.447,0.0,9.93,-0.0,16.447
2023-02-08T07:00:00,7,2,2,0,10.14,69.89,72.9,31.19,18.966,3.545,9.79,-0.0,15.421
2023-02-08T08:00:00,8,2,2,0,12.97,60.11,312.69,24.72,20.829,15.907,10.0,-0.0,4.922
2023-02-08T09:00:00,9,2,2,0,13.98,61.07,569.5,19.28,21.448,27.381,15.33,5.933,0.0
2023-02-08T10:00:00,10,2,2,0,17.0,65.2,688.23,27.95,16.542,31.898,29.5,15.356,0.0
2023-02-08T11:00:00,11,2,2,0,18.23,61.08,809.83,23.57,16.31,38.575,47.99,20.0,0.0
2023-02-08T12:00:00,12,2,2,0,19.15,54.66,692.36,43.95,13.099,34.643,66.45,20.0,0.0
2023-02-08T13:00:00,13,2,2,0,22.37,58.2,885.72,15.86,13.316,41.185,84.67,20.0,0.0
2023-02-08T14:00:00,14,2,2,0,21.37,53.35,845.52,6.06,14.598,37.4,99.94,16.537,0.0
2023-02-08T15:00:00,15,2,2,0,21.17,65.01,600.83,16.97,16.518,29.304,100.0,0.0,0.0
2023-02-08T16:00:00,16,2,2,0,20.98,64.91,368.54,22.59,16.736,17.415,99.98,0.0,0.0
2023-02-08T17:00:00,17,2,2,0,21.47,45.19,129.2,1.44,17.908,6.69,88.76,-11.218,0.0
2023-02-08T18:00:00,18,2,2,0,20.04,62.98,0.81,11.95,23.765,0.0,68.89,-20.0,3.765
2023-02-08T19:00:00,19,2,2,0,19.5,64.72,0.42,35.31,24.66,0.017,48.65,-20.0,4.643
2023-02-08T20:00:00,20,2,2,0,18.66,52.78,0.61,15.11,26.23,0.0,28.91,-20.0,6.23
2023-02-08T21:00:00,21,2,2,0,18.5,62.42,2.42,0.0,23.299,0.008,10.34,-18.782,4.509
2023-02-08T22:00:00,22,2,2,0,13.58,57.04,0.17,18.03,17.797,0.0,10.04,-0.0,17.797
2023-02-08T23:00:00,23,2,2,0,12.87,70.12,1.09,21.8,16.97,0.0,9.93,-0.0,16.97
2023-02-09T00:00:00,0,3,2,0,9.03,62.47,0.0,16.47,10.597,0.0,9.78,-0.0,10.597
2023-02-09T01:00:00,1,3,2,0,10.07,55.07,2.25,0.0,12.438,0.002,9.93,-0.0,12.436
2023-02-09T02:00:00,2,3,2,0,10.25,76.83,0.67,24.4,8.4,0.0,10.05,-0.0,8.4
2023-02-09T03:00:00,3,3,2,0,10.82,55.8,0.0,8.6,9.683,0.0,9.98,-0.0,9.683
2023-02-09T04:00:00,4,3,2,0,9.07,62.31,0.0,20.85,9.42,0.013,9.99,-0.0,9.407
2023-02-09T05:00:00,5,3,2,0,11.57,62.8,0.0,26.76,13.83,0.004,9.98,-0.0,13.826
2023-02-09T06:00:00,6,3,2,0,11.68,59.92,0.01,2.82,13.777,0.009,9.93,-0.0,13.768
2023-02-09T07:00:00,7,3,2,0,13.63,69.07,101.35,32.5,21.73,4.868,9.99,-0.0,16.862
2023-02-09T08:00:00,8,3,2,0,14.3,65.46,332.9,32.27,20.734,15.606,9.88,-0.0,5.128
2023-02-09T09:00:00,9,3,2,0,15.01,70.38,491.34,36.08,19.477,24.509,14.64,5.032,0.0
2023-02-09T10:00:00,10,3,2,0,17.64,64.45,701.55,27.27,18.292,34.977,30.0,16.685,0.0
2023-02-09T11:00:00,11,3,2,0,14.68,56.63,754.27,32.42,15.266,37.258,48.59,20.0,0.0
2023-02-09T12:00:00,12,3,2,0,20.08,61.57,969.73,11.12,13.407,47.739,66.66,20.0,0.0
2023-02-09T13:00:00,13,3,2,0,16.06,66.82,680.87,41.91,13.277,30.568,82.8,17.291,0.0
2023-02-09T14:00:00,14,3,2,0,18.54,59.3,668.98,29.46,13.731,32.242,99.84,18.511,0.0
2023-02-09T15:00:00,15,3,2,0,22.85,70.65,529.11,31.01,14.185,26.16,99.96,0.307,0.0
2023-02-09T16:00:00,16,3,2,0,21.62,63.54,349.59,27.9,17.465,17.568,99.9,0.0,0.0
2023-02-09T17:00:00,17,3,2,0,19.35,64.94,110.23,17.8,19.543,5.253,85.91,-14.29,0.0
2023-02-09T18:00:00,18,3,2,0,19.33,66.38,0.31,26.17,23.492,0.005,65.51,-20.0,3.487
2023-02-09T19:00:00,19,3,2,0,20.79,56.89,0.0,14.86,25.073,0.0,45.59,-20.0,5.073
2023-02-09T20:00:00,20,3,2,0,15.5,67.19,0.0,29.0,26.243,0.0,25.55,-20.0,6.243
2023-02-09T21:00:00,21,3,2,0,18.21,60.37,2.66,4.05,22.219,0.006,9.9,-15.71,6.503
2023-02-09T22:00:00,22,3,2,0,13.88,57.78,0.4,0.0,18.435,0.0,9.96,-0.0,18.435
2023-02-09T23:00:00,23,3,2,0,12.65,58.03,0.41,19.31,16.013,0.0,10.22,-0.0,16.013
2023-02-10T00:00:00,0,4,2,0,13.71,60.78,0.0,0.0,13.523,0.041,9.94,-0.0,13.482
2023-02-10T01:00:00,1,4,2,0,9.66,69.16,1.36,22.27,10.317,0.01,10.32,-0.0,10.307
2023-02-10T02:00:00,2,4,2,0,6.92,68.88,0.07,29.37,9.546,0.025,10.14,-0.0,9.521
2023-02-10T03:00:00,3,4,2,0,9.29,66.52,0.0,28.93,10.099,0.007,9.92,-0.0,10.092
2023-02-10T04:00:00,4,4,2,0,8.94,64.76,0.0,8.94,10.318,0.0,9.93,-0.0,10.318
2023-02-10T05:00:00,5,4,2,0,7.25,64.96,1.88,14.52,11.082,0.0,10.03,-0.0,11.082
2023-02-10T06:00:00,6,4,2,0,10.52,75.37,0.3,34.7,14.181,0.0,10.01,-0.0,14.181
2023-02-10T07:00:00,7,4,2,0,11.93,66.05,101.64,20.39,19.99,4.738,9.83,-0.0,15.252
2023-02-10T08:00:00,8,4,2,0,14.42,64.41,273.68,43.83,19.824,12.962,9.89,-0.0,6.862
2023-02-10T09:00:00,9,4,2,0,16.74,55.41,469.21,36.36,21.071,21.64,10.29,0.569,0.0
2023-02-10T10:00:00,10,4,2,0,16.42,63.2,652.16,33.45,16.928,30.697,23.45,13.769,0.0
2023-02-10T11:00:00,11,4,2,0,18.68,60.95,709.76,39.42,12.749,36.665,41.61,20.0,0.0
2023-02-10T12:00:00,12,4,2,0,19.81,60.38,714.85,40.96,15.054,33.428,58.45,18.374,0.0
2023-02-10T13:00:00,13,4,2,0,21.98,70.11,540.42,61.92,14.999,25.51,68.06,10.511,0.0
2023-02-10T14:00:00,14,4,2,0,20.44,63.49,618.5,40.92,14.918,28.832,80.88,13.914,0.0
2023-02-10T15:00:00,15,4,2,0,19.93,57.65,380.77,58.85,14.434,18.16,84.17,3.726,0.0
2023-02-10T16:00:00,16,4,2,0,24.66,66.07,217.79,55.6,16.183,10.427,78.66,-5.756,0.0
2023-02-10T17:00:00,17,4,2,0,20.37,56.41,98.68,48.83,18.948,4.939,64.75,-14.009,0.0
2023-02-10T18:00:00,18,4,2,0,18.04,69.86,0.0,54.08,22.19,0.027,44.86,-20.0,2.163
2023-02-10T19:00:00,19,4,2,0,19.84,60.89,0.0,39.84,25.843,0.018,24.75,-20.0,5.825
2023-02-10T20:00:00,20,4,2,0,18.72,66.61,0.0,55.16,25.308,0.0,10.11,-14.629,10.679
2023-02-10T21:00:00,21,4,2,0,14.1,66.92,1.62,43.99,22.472,0.015,10.17,-0.0,22.457
2023-02-10T22:00:00,22,4,2,0,13.54,64.65,0.0,30.93,18.665,0.013,9.98,-0.0,18.652
2023-02-10T23:00:00,23,4,2,0,13.34,66.85,1.0,32.97,16.736,0.002,9.8,-0.0,16.734
2023-02-11T00:00:00,0,5,2,1,10.67,65.5,1.06,18.4,14.087,0.01,10.12,-0.0,14.077
2023-02-11T01:00:00,1,5,2,1,11.37,72.22,0.32,6.13,12.027,0.011,9.89,-0.0,12.016
2023-02-11T02:00:00,2,5,2,1,6.8,66.78,0.0,7.99,9.64,0.008,9.99,-0.0,9.632
2023-02-11T03:00:00,3,5,2,1,9.25,67.65,0.0,22.05,10.682,0.003,9.85,-0.0,10.679
2023-02-11T04:00:00,4,5,2,1,9.05,63.9,1.0,28.18,11.421,0.002,10.17,-0.0,11.419
2023-02-11T05:00:00,5,5,2,1,9.69,70.07,0.0,35.32,12.52,0.0,10.13,-0.0,12.52
2023-02-11T06:00:00,6,5,2,1,12.13,62.7,0.25,41.93,13.666,0.018,9.79,-0.0,13.648
2023-02-11T07:00:00,7,5,2,1,15.15,67.99,98.69,15.86,14.848,4.565,10.02,-0.0,10.283
2023-02-11T08:00:00,8,5,2,1,16.73,54.01,338.55,16.23,19.261,17.312,10.16,-0.0,1.949
2023-02-11T09:00:00,9,5,2,1,17.75,60.54,462.62,42.18,16.303,21.859,15.09,5.556,0.0
2023-02-11T10:00:00,10,5,2,1,16.65,51.01,866.64,0.77,20.157,39.81,33.19,19.653,0.0
2023-02-11T11:00:00,11,5,2,1,20.28,62.95,819.65,25.36,19.479,38.722,51.04,19.243,0.0
2023-02-11T12:00:00,12,5,2,1,20.91,57.33,903.82,18.34,21.181,42.391,69.26,20.0,0.0
2023-02-11T13:00:00,13,5,2,1,22.38,66.14,654.52,45.43,16.439,30.814,82.51,14.375,0.0
2023-02-11T14:00:00,14,5,2,1,23.18,57.1,578.83,43.54,18.976,27.842,90.8,8.866,0.0
2023-02-11T15:00:00,15,5,2,1,23.55,64.7,439.29,45.27,18.574,21.439,93.16,2.865,0.0
2023-02-11T16:00:00,16,5,2,1,22.44,63.46,311.98,31.34,16.606,15.72,92.32,-0.886,0.0
2023-02-11T17:00:00,17,5,2,1,18.86,61.46,107.06,17.14,16.454,5.177,80.89,-11.277,0.0
2023-02-11T18:00:00,18,5,2,1,19.68,60.11,0.08,17.18,20.724,0.04,61.45,-20.0,0.684
2023-02-11T19:00:00,19,5,2,1,20.35,62.17,1.15,29.86,18.403,0.0,42.77,-18.403,0.0
2023-02-11T20:00:00,20,5,2,1,17.87,60.71,0.0,45.92,20.806,0.001,22.9,-20.0,0.805
2023-02-11T21:00:00,21,5,2,1,15.55,65.15,0.0,72.54,20.833,0.0,9.82,-12.747,8.086
2023-02-11T22:00:00,22,5,2,1,14.76,69.22,0.8,42.83,17.896,0.011,10.19,-0.0,17.885
2023-02-11T23:00:00,23,5,2,1,10.72,64.81,0.0,28.96,16.543,0.009,9.96,-0.0,16.534
2023-02-12T00:00:00,0,6,2,1,12.51,69.72,0.0,40.89,14.634,0.003,10.21,-0.0,14.631
2023-02-12T01:00:00,1,6,2,1,9.84,76.17,0.0,37.53,11.558,0.0,9.97,-0.0,11.558
2023-02-12T02:00:00,2,6,2,1,8.6,65.24,2.71,27.04,10.518,0.0,9.84,-0.0,10.518
2023-02-12T03:00:00,3,6,2,1,11.88,64.99,0.82,42.2,7.741,0.0,10.16,-0.0,7.741
2023-02-12T04:00:00,4,6,2,1,8.75,62.21,0.0,2.93,12.125,0.0,10.01,-0.0,12.125
2023-02-12T05:00:00,5,6,2,1,8.4,69.66,0.7,39.21,11.329,0.025,9.82,-0.0,11.304
2023-02-12T06:00:00,6,6,2,1,9.85,71.56,1.47,38.04,13.96,0.013,9.75,-0.0,13.947
2023-02-12T07:00:00,7,6,2,1,11.46,68.97,88.34,48.09,14.539,4.16,10.06,-0.0,10.379
2023-02-12T08:00:00,8,6,2,1,13.73,80.75,203.11,64.74,17.748,10.085,10.0,-0.0,7.663
2023-02-12T09:00:00,9,6,2,1,15.87,66.27,502.66,31.31,19.125,25.939,16.3,6.814,0.0
2023-02-12T10:00:00,10,6,2,1,16.34,69.56,573.1,42.95,17.423,29.087,27.03,11.664,0.0
2023-02-12T11:00:00,11,6,2,1,19.06,64.08,675.86,43.67,18.359,31.894,39.43,13.535,0.0
2023-02-12T12:00:00,12,6,2,1,20.89,65.26,893.96,23.27,19.297,40.209,57.91,20.0,0.0
2023-02-12T13:00:00,13,6,2,1,21.85,55.93,959.61,5.18,19.58,45.393,76.36,20.0,0.0
2023-02-12T14:00:00,14,6,2,1,22.87,59.46,562.0,47.03,17.41,26.372,84.47,8.962,0.0
2023-02-12T15:00:00,15,6,2,1,22.89,64.28,540.69,27.6,17.008,24.459,91.43,7.451,0.0
2023-02-12T16:00:00,16,6,2,1,20.4,59.21,366.24,16.77,17.162,17.938,92.15,0.776,0.0
2023-02-12T17:00:00,17,6,2,1,21.15,60.93,132.15,20.94,16.426,6.344,82.14,-10.082,0.0
2023-02-12T18:00:00,18,6,2,1,17.8,68.06,0.0,31.61,17.89,0.026,63.78,-17.864,0.0
2023-02-12T19:00:00,19,6,2,1,19.31,62.5,0.0,28.17,19.106,0.0,44.95,-19.106,0.0
2023-02-12T20:00:00,20,6,2,1,18.1,63.85,1.95,42.33,20.755,0.01,25.1,-20.0,0.745
2023-02-12T21:00:00,21,6,2,1,17.57,63.06,0.0,48.01,21.163,0.0,10.31,-15.014,6.149
2023-02-12T22:00:00,22,6,2,1,16.0,76.86,0.0,81.04,17.071,0.0,10.18,-0.0,17.071
2023-02-12T23:00:00,23,6,2,1,13.3,69.51,0.0,68.91,17.521,0.041,10.18,-0.0,17.48
2023-02-13T00:00:00,0,0,2,0,9.96,73.77,0.0,75.34,12.196,0.0,10.4,-0.0,12.196
2023-02-13T01:00:00,1,0,2,0,10.22,72.26,2.06,54.96,10.399,0.019,9.99,-0.0,10.38
2023-02-13T02:00:00,2,0,2,0,9.11,70.07,1.83,36.43,9.074,0.005,10.31,-0.0,9.069
2023-02-13T03:00:00,3,0,2,0,9.52,72.96,0.0,32.82,10.11,0.0,10.1,-0.0,10.11
2023-02-13T04:00:00,4,0,2,0,11.41,72.75,0.0,74.52,9.818,0.0,9.85,-0.0,9.818
2023-02-13T05:00:00,5,0,2,0,9.77,78.17,1.91,56.39,12.688,0.008,9.74,-0.0,12.68
2023-02-13T06:00:00,6,0,2,0,12.86,64.8,1.16,32.76,14.379,0.014,9.97,-0.0,14.365
2023-02-13T07:00:00,7,0,2,0,13.12,70.85,71.86,53.43,17.952,3.291,10.1,-0.0,14.661
2023-02-13T08:00:00,8,0,2,0,13.19,64.98,316.93,33.03,22.314,16.675,9.96,-0.0,5.639
2023-02-13T09:00:00,9,0,2,0,16.71,71.64,607.4,14.41,20.313,28.848,17.87,8.535,0.0
2023-02-13T10:00:00,10,0,2,0,18.9,60.4,672.37,29.02,17.631,32.043,31.4,14.412,0.0
2023-02-13T11:00:00,11,0,2,0,18.56,62.79,676.32,40.65,14.747,32.884,47.8,18.137,0.0
2023-02-13T12:00:00,12,0,2,0,19.9,62.38,806.87,30.35,15.177,39.451,66.49,20.0,0.0
2023-02-13T13:00:00,13,0,2,0,19.89,59.17,846.03,21.62,13.917,39.679,84.71,20.0,0.0
2023-02-13T14:00:00,14,0,2,0,21.5,61.9,702.03,26.4,15.134,34.097,100.0,16.742,0.0
2023-02-13T15:00:00,15,0,2,0,23.77,61.44,690.91,1.15,14.448,32.08,99.97,0.0,0.0
2023-02-13T16:00:00,16,0,2,0,21.27,59.39,368.83,14.35,15.405,17.333,99.99,0.0,0.0
2023-02-13T17:00:00,17,0,2,0,21.49,59.43,120.58,14.18,18.649,5.463,86.82,-13.186,0.0
2023-02-13T18:00:00,18,0,2,0,18.76,56.98,0.0,1.62,23.448,0.0,66.8,-20.0,3.448
2023-02-13T19:00:00,19,0,2,0,18.35,55.77,0.98,1.28,24.447,0.0,46.91,-20.0,4.447
2023-02-13T20:00:00,20,0,2,0,17.09,59.28,0.97,0.0,27.527,0.006,27.01,-20.0,7.521
2023-02-13T21:00:00,21,0,2,0,19.35,61.71,0.0,27.47,21.486,0.0,10.37,-16.814,4.672
2023-02-13T22:00:00,22,0,2,0,12.92,70.22,0.0,21.76,19.284,0.024,9.9,-0.0,19.26
2023-02-13T23:00:00,23,0,2,0,15.0,61.66,0.01,43.4,17.884,0.0,10.0,-0.0,17.884
2023-02-14T00:00:00,0,1,2,0,12.22,74.43,0.0,37.81,12.27,0.01,10.15,-0.0,12.26
2023-02-14T01:00:00,1,1,2,0,11.22,70.94,0.0,64.29,10.563,0.026,10.01,-0.0,10.537
2023-02-14T02:00:00,2,1,2,0,10.05,67.62,0.0,28.02,11.395,0.0,9.81,-0.0,11.395
2023-02-14T03:00:00,3,1,2,0,9.86,59.2,0.26,11.66,8.837,0.009,10.12,-0.0,8.828
2023-02-14T04:00:00,4,1,2,0,9.62,65.72,0.0,0.0,10.144,0.003,9.88,-0.0,10.141
2023-02-14T05:00:00,5,1,2,0,11.92,60.86,0.64,26.78,10.499,0.003,10.03,-0.0,10.496
2023-02-14T06:00:00,6,1,2,0,10.7,67.04,0.33,19.06,16.453,0.0,10.26,-0.0,16.453
2023-02-14T07:00:00,7,1,2,0,14.58,62.41,135.01,5.65,19.782,6.094,10.11,-0.0,13.688
2023-02-14T08:00:00,8,1,2,0,13.74,59.48,442.99,3.08,21.75,21.211,10.09,-0.0,0.539
2023-02-14T09:00:00,9,1,2,0,17.77,49.82,632.65,11.45,20.241,29.108,18.38,8.867,0.0
2023-02-14T10:00:00,10,1,2,0,15.93,70.24,871.43,0.0,17.532,43.467,36.54,20.0,0.0
2023-02-14T11:00:00,11,1,2,0,20.1,52.44,972.96,3.74,15.423,49.674,55.01,20.0,0.0
2023-02-14T12:00:00,12,1,2,0,22.08,61.57,832.14,27.63,14.678,40.834,73.33,20.0,0.0
2023-02-14T13:00:00,13,1,2,0,21.65,57.29,749.81,31.01,14.261,35.184,91.88,20.0,0.0
2023-02-14T14:00:00,14,1,2,0,22.17,66.78,641.7,36.9,13.253,30.826,99.8,8.959,0.0
2023-02-14T15:00:00,15,1,2,0,21.79,58.18,543.98,25.73,12.463,26.376,99.87,0.0,0.0
2023-02-14T16:00:00,16,1,2,0,22.07,57.08,334.23,31.84,18.87,16.652,97.79,-2.218,0.0
2023-02-14T17:00:00,17,1,2,0,19.78,66.37,96.14,40.49,18.735,4.584,83.72,-14.151,0.0
2023-02-14T18:00:00,18,1,2,0,19.51,59.51,0.0,56.01,22.789,0.003,63.92,-20.0,2.786
2023-02-14T19:00:00,19,1,2,0,19.16,64.82,0.7,61.51,26.759,0.0,43.5,-20.0,6.759
2023-02-14T20:00:00,20,1,2,0,19.39,70.25,0.89,61.73,25.904,0.025,23.62,-20.0,5.879
2023-02-14T21:00:00,21,1,2,0,19.78,69.2,0.0,28.93,21.409,0.0,10.04,-13.631,7.778
2023-02-14T22:00:00,22,1,2,0,13.91,60.17,0.05,29.53,18.167,0.035,9.83,-0.0,18.132
2023-02-14T23:00:00,23,1,2,0,15.21,63.97,0.0,47.97,17.542,0.0,9.89,-0.0,17.542
2023-02-15T00:00:00,0,2,2,0,12.12,70.47,0.0,47.82,12.612,0.0,9.73,-0.0,12.612
2023-02-15T01:00:00,1,2,2,0,10.57,59.99,2.37,50.61,10.383,0.008,10.08,-0.0,10.375
2023-02-15T02:00:00,2,2,2,0,9.94,76.0,0.0,43.19,10.084,0.005,9.88,-0.0,10.079
2023-02-15T03:00:00,3,2,2,0,10.37,64.39,0.0,45.94,9.901,0.009,10.18,-0.0,9.892
2023-02-15T04:00:00,4,2,2,0,10.04,66.83,0.0,42.27,10.734,0.007,10.06,-0.0,10.727
2023-02-15T05:00:00,5,2,2,0,10.73,67.13,0.56,23.51,12.741,0.0,9.97,-0.0,12.741
2023-02-15T06:00:00,6,2,2,0,10.76,64.16,0.0,10.84,15.053,0.0,9.89,-0.0,15.053
2023-02-15T07:00:00,7,2,2,0,11.17,58.89,138.5,10.99,19.937,6.74,10.06,-0.0,13.197
2023-02-15T08:00:00,8,2,2,0,15.17,69.92,415.16,9.72,21.785,20.122,9.96,-0.0,1.663
2023-02-15T09:00:00,9,2,2,0,16.15,47.64,651.38,7.98,21.057,29.827,18.15,8.77,0.0
2023-02-15T10:00:00,10,2,2,0,17.6,56.1,718.57,21.29,18.29,36.077,34.61,17.787,0.0
2023-02-15T11:00:00,11,2,2,0,19.62,55.56,949.99,8.92,16.124,41.892,52.72,20.0,0.0
2023-02-15T12:00:00,12,2,2,0,21.87,55.7,813.17,28.5,13.842,40.66,71.17,20.0,0.0
2023-02-15T13:00:00,13,2,2,0,22.66,65.5,830.74,24.47,13.981,39.913,89.82,20.0,0.0
2023-02-15T14:00:00,14,2,2,0,22.19,54.11,592.81,42.71,13.341,26.033,100.0,11.269,0.0
2023-02-15T15:00:00,15,2,2,0,24.44,68.62,482.53,40.49,15.168,23.434,99.86,0.0,0.0
2023-02-15T16:00:00,16,2,2,0,24.02,59.73,292.32,40.91,15.692,13.955,98.14,-1.737,0.0
2023-02-15T17:00:00,17,2,2,0,23.02,54.5,84.79,38.41,19.965,4.006,82.18,-15.959,0.0
2023-02-15T18:00:00,18,2,2,0,22.0,46.96,0.0,9.1,24.302,0.012,62.34,-20.0,4.29
2023-02-15T19:00:00,19,2,2,0,21.49,55.76,1.41,3.06,25.533,0.0,42.1,-20.0,5.533
2023-02-15T20:00:00,20,2,2,0,19.75,58.63,0.0,31.97,24.938,0.002,22.31,-20.0,4.936
2023-02-15T21:00:00,21,2,2,0,16.37,67.45,0.28,47.18,23.526,0.0,9.99,-12.304,11.222
2023-02-15T22:00:00,22,2,2,0,15.65,64.7,0.0,49.09,20.584,0.005,9.91,-0.0,20.579
2023-02-15T23:00:00,23,2,2,0,14.2,71.26,0.0,40.61,15.751,0.002,10.01,-0.0,15.749
2023-02-16T00:00:00,0,3,2,0,11.02,63.15,0.0,11.5,12.083,0.0,10.01,-0.0,12.083
2023-02-16T01:00:00,1,3,2,0,12.06,66.98,0.0,50.26,11.296,0.034,9.95,-0.0,11.262
2023-02-16T02:00:00,2,3,2,0,7.69,75.99,0.0,47.73,9.824,0.03,10.25,-0.0,9.794
2023-02-16T03:00:00,3,3,2,0,9.83,71.74,3.89,52.04,10.423,0.018,9.94,-0.0,10.405
2023-02-16T04:00:00,4,3,2,0,12.35,74.14,0.81,59.08,8.66,0.018,10.01,-0.0,8.642
2023-02-16T05:00:00,5,3,2,0,11.59,74.85,0.85,48.52,12.656,0.002,9.91,-0.0,12.654
2023-02-16T06:00:00,6,3,2,0,13.67,64.22,0.0,33.4,17.454,0.006,10.15,-0.0,17.448
2023-02-16T07:00:00,7,3,2,0,13.24,67.9,101.04,45.24,19.783,4.891,9.83,-0.0,14.892
2023-02-16T08:00:00,8,3,2,0,13.88,72.59,251.38,52.02,21.174,12.797,10.02,-0.0,8.377
2023-02-16T09:00:00,9,3,2,0,16.17,53.96,450.58,46.02,18.76,22.305,13.13,3.545,0.0
2023-02-16T10:00:00,10,3,2,0,18.95,67.09,418.93,65.46,17.065,19.751,15.48,2.686,0.0
2023-02-16T11:00:00,11,3,2,0,19.18,61.83,730.6,35.34,15.644,35.142,33.57,19.498,0.0
2023-02-16T12:00:00,12,3,2,0,22.27,67.45,535.6,64.22,14.445,25.209,43.48,10.764,0.0
2023-02-16T13:00:00,13,3,2,0,20.85,62.02,505.4,61.94,12.76,24.519,54.47,11.759,0.0
2023-02-16T14:00:00,14,3,2,0,23.01,68.55,518.39,50.2,14.552,24.438,63.36,9.886,0.0
2023-02-16T15:00:00,15,3,2,0,22.69,57.46,478.7,36.18,14.004,24.135,72.5,10.131,0.0
2023-02-16T16:00:00,16,3,2,0,24.62,54.49,408.57,14.17,15.942,19.694,75.96,3.752,0.0
2023-02-16T17:00:00,17,3,2,0,22.47,57.2,106.26,31.25,20.435,5.146,60.99,-15.289,0.0
2023-02-16T18:00:00,18,3,2,0,20.03,67.66,0.0,28.84,22.72,0.009,41.04,-20.0,2.711
2023-02-16T19:00:00,19,3,2,0,19.56,54.39,0.0,49.13,24.823,0.012,21.0,-20.0,4.811
2023-02-16T20:00:00,20,3,2,0,18.4,69.15,0.0,14.24,24.451,0.001,9.94,-10.97,13.48
2023-02-16T21:00:00,21,3,2,0,15.59,71.52,0.0,30.2,22.196,0.011,10.05,-0.0,22.185
2023-02-16T22:00:00,22,3,2,0,17.06,59.02,2.69,20.15,18.855,0.001,9.72,-0.0,18.854
2023-02-16T23:00:00,23,3,2,0,14.06,72.82,0.0,48.12,17.517,0.008,9.7,-0.0,17.509
2023-02-17T00:00:00,0,4,2,0,11.49,64.6,0.0,13.84,11.92,0.018,9.78,-0.0,11.902
2023-02-17T01:00:00,1,4,2,0,8.2,84.66,0.18,84.73,12.275,0.0,9.97,-0.0,12.275
2023-02-17T02:00:00,2,4,2,0,9.5,75.06,0.0,48.84,8.845,0.003,10.12,-0.0,8.842
2023-02-17T03:00:00,3,4,2,0,10.23,75.52,0.0,13.22,11.278,0.002,9.85,-0.0,11.276
2023-02-17T04:00:00,4,4,2,0,9.45,58.8,2.3,24.03,10.297,0.0,9.87,-0.0,10.297
2023-02-17T05:00:00,5,4,2,0,13.14,64.71,0.0,18.51,12.029,0.028,10.09,-0.0,12.001
2023-02-17T06:00:00,6,4,2,0,12.42,58.09,0.0,35.59,15.22,0.0,9.94,-0.0,15.22
2023-02-17T07:00:00,7,4,2,0,16.34,61.74,106.65,34.14,21.652,5.295,10.03,-0.0,16.357
2023-02-17T08:00:00,8,4,2,0,15.27,73.61,376.99,17.07,20.607,18.411,10.01,-0.0,2.196
2023-02-17T09:00:00,9,4,2,0,16.96,64.66,570.21,22.95,22.376,26.778,13.86,4.402,0.0
2023-02-17T10:00:00,10,4,2,0,19.26,65.76,730.19,21.54,18.392,34.517,29.15,16.125,0.0
2023-02-17T11:00:00,11,4,2,0,19.91,67.49,599.31,51.13,14.088,29.895,43.29,15.807,0.0
2023-02-17T12:00:00,12,4,2,0,23.1,65.49,603.49,51.62,13.285,28.904,58.08,15.619,0.0
2023-02-17T13:00:00,13,4,2,0,19.67,58.52,790.88,25.01,14.329,37.534,76.28,20.0,0.0
2023-02-17T14:00:00,14,4,2,0,21.15,57.03,696.96,26.68,14.392,32.226,92.64,17.834,0.0
2023-02-17T15:00:00,15,4,2,0,22.9,55.6,580.56,18.28,14.509,27.051,99.78,8.039,0.0
2023-02-17T16:00:00,16,4,2,0,23.18,46.57,324.01,31.8,15.985,14.89,98.96,-1.095,0.0
2023-02-17T17:00:00,17,4,2,0,22.73,60.79,108.7,36.67,21.152,5.379,83.12,-15.773,0.0
2023-02-17T18:00:00,18,4,2,0,22.11,61.2,0.16,26.39,23.152,0.029,63.1,-20.0,3.123
2023-02-17T19:00:00,19,4,2,0,20.3,59.54,0.0,37.33,26.051,0.0,42.94,-20.0,6.051
2023-02-17T20:00:00,20,4,2,0,19.32,62.3,0.0,35.87,25.663,0.0,23.26,-20.0,5.663
2023-02-17T21:00:00,21,4,2,0,18.15,62.88,3.4,13.54,23.03,0.0,10.14,-13.132,9.898
2023-02-17T22:00:00,22,4,2,0,15.29,70.54,0.0,42.2,21.818,0.008,9.74,-0.0,21.81
2023-02-17T23:00:00,23,4,2,0,14.58,57.58,0.0,22.62,17.204,0.008,9.91,-0.0,17.196
2023-02-18T00:00:00,0,5,2,1,13.02,64.7,0.74,50.89,15.586,0.026,9.96,-0.0,15.56
2023-02-18T01:00:00,1,5,2,1,11.0,72.32,0.0,42.69,12.752,0.0,10.05,-0.0,12.752
2023-02-18T02:00:00,2,5,2,1,11.98,74.18,1.53,64.16,10.413,0.019,10.02,-0.0,10.394
2023-02-18T03:00:00,3,5,2,1,10.29,75.25,0.0,39.96,12.077,0.0,9.99,-0.0,12.077
2023-02-18T04:00:00,4,5,2,1,10.04,72.42,0.19,21.49,10.807,0.0,10.07,-0.0,10.807
2023-02-18T05:00:00,5,5,2,1,13.56,73.82,0.44,6.68,13.417,0.0,10.28,-0.0,13.417
2023-02-18T06:00:00,6,5,2,1,9.1,62.14,0.0,2.76,12.355,0.0,9.96,-0.0,12.355
2023-02-18T07:00:00,7,5,2,1,12.97,71.37,143.43,16.06,12.957,6.899,10.15,-0.0,6.058
2023-02-18T08:00:00,8,5,2,1,14.86,58.7,371.72,21.83,16.392,16.823,10.66,0.431,0.0
2023-02-18T09:00:00,9,5,2,1,17.66,73.47,581.04,20.12,19.227,25.835,16.71,6.608,0.0
2023-02-18T10:00:00,10,5,2,1,18.02,65.69,640.82,34.21,17.824,29.454,27.27,11.63,0.0
2023-02-18T11:00:00,11,5,2,1,18.71,65.16,771.76,30.28,19.508,34.515,41.08,15.007,0.0
2023-02-18T12:00:00,12,5,2,1,20.89,68.04,686.57,42.54,17.916,32.394,54.37,14.478,0.0
2023-02-18T13:00:00,13,5,2,1,22.03,52.33,854.01,20.14,19.071,39.884,72.96,20.0,0.0
2023-02-18T14:00:00,14,5,2,1,26.44,56.2,512.12,52.75,16.884,24.516,79.67,7.632,0.0
2023-02-18T15:00:00,15,5,2,1,26.62,60.12,487.55,39.86,17.067,23.828,85.89,6.761,0.0
2023-02-18T16:00:00,16,5,2,1,22.88,64.55,286.25,48.06,16.412,13.879,83.31,-2.533,0.0
2023-02-18T17:00:00,17,5,2,1,22.36,71.78,118.51,36.46,16.564,5.775,72.99,-10.789,0.0
2023-02-18T18:00:00,18,5,2,1,19.47,55.22,1.37,16.48,16.274,0.011,56.59,-16.263,0.0
2023-02-18T19:00:00,19,5,2,1,18.23,66.85,0.97,6.5,17.88,0.0,38.39,-17.88,0.0
2023-02-18T20:00:00,20,5,2,1,18.54,60.46,0.77,25.22,19.348,0.02,18.97,-19.328,0.0
2023-02-18T21:00:00,21,5,2,1,16.07,58.7,0.0,4.93,19.682,0.017,9.97,-9.15,10.515
2023-02-18T22:00:00,22,5,2,1,15.46,61.61,0.0,18.22,20.112,0.0,10.01,-0.0,20.112
2023-02-18T23:00:00,23,5,2,1,11.9,60.97,0.0,5.61,16.156,0.0,10.04,-0.0,16.156
2023-02-19T00:00:00,0,6,2,1,11.74,64.18,2.61,0.0,11.992,0.0,9.77,-0.0,11.992
2023-02-19T01:00:00,1,6,2,1,12.31,61.42,0.0,13.11,10.439,0.027,9.89,-0.0,10.412
2023-02-19T02:00:00,2,6,2,1,11.45,58.44,0.0,23.93,12.072,0.0,10.18,-0.0,12.072
2023-02-19T03:00:00,3,6,2,1,10.67,63.87,1.62,19.16,11.338,0.0,10.09,-0.0,11.338
2023-02-19T04:00:00,4,6,2,1,9.64,66.95,0.0,11.79,11.384,0.0,9.9,-0.0,11.384
2023-02-19T05:00:00,5,6,2,1,12.43,57.88,0.0,23.52,12.119,0.0,10.15,-0.0,12.119
2023-02-19T06:00:00,6,6,2,1,11.05,68.27,2.51,21.62,12.688,0.0,10.15,-0.0,12.688
2023-02-19T07:00:00,7,6,2,1,14.41,68.36,142.77,14.53,16.195,6.812,10.33,-0.0,9.383
2023-02-19T08:00:00,8,6,2,1,15.8,72.83,306.61,39.45,15.425,15.584,10.11,0.159,0.0
2023-02-19T09:00:00,9,6,2,1,15.51,66.33,501.4,33.14,17.092,22.719,15.22,5.627,0.0
2023-02-19T10:00:00,10,6,2,1,17.56,52.65,743.57,20.86,17.4,35.697,32.13,18.297,0.0
2023-02-19T11:00:00,11,6,2,1,20.88,66.98,627.28,46.84,18.728,29.448,42.16,10.72,0.0
2023-02-19T12:00:00,12,6,2,1,23.33,62.93,896.57,18.17,17.805,41.429,60.23,20.0,0.0
2023-02-19T13:00:00,13,6,2,1,22.57,54.16,904.12,12.38,17.34,44.344,78.82,20.0,0.0
2023-02-19T14:00:00,14,6,2,1,25.54,57.17,721.65,22.5,15.966,34.18,95.58,18.214,0.0
2023-02-19T15:00:00,15,6,2,1,25.68,65.1,383.71,57.39,15.718,19.223,99.0,3.505,0.0
2023-02-19T16:00:00,16,6,2,1,23.69,70.43,297.32,42.15,15.009,14.006,97.72,-1.003,0.0
2023-02-19T17:00:00,17,6,2,1,24.47,57.24,143.56,25.14,17.783,6.796,86.79,-10.987,0.0
2023-02-19T18:00:00,18,6,2,1,23.07,62.03,0.55,13.78,17.44,0.0,69.45,-17.44,0.0
2023-02-19T19:00:00,19,6,2,1,24.02,56.57,1.29,0.0,21.082,0.0,49.28,-20.0,1.082
2023-02-19T20:00:00,20,6,2,1,17.75,63.11,1.08,24.55,20.696,0.007,29.25,-20.0,0.689
2023-02-19T21:00:00,21,6,2,1,17.38,69.33,0.18,26.93,19.265,0.0,10.39,-19.265,0.0
2023-02-19T22:00:00,22,6,2,1,17.21,59.9,0.14,35.49,18.699,0.059,10.08,-0.105,18.535
2023-02-19T23:00:00,23,6,2,1,11.84,62.84,1.33,0.0,17.672,0.021,10.18,-0.0,17.651
2023-02-20T00:00:00,0,0,2,0,11.25,66.6,0.0,29.65,11.411,0.0,10.11,-0.0,11.411
2023-02-20T01:00:00,1,0,2,0,11.16,58.45,2.6,26.18,10.727,0.0,9.98,-0.0,10.727
2023-02-20T02:00:00,2,0,2,0,12.16,73.78,0.0,40.7,11.316,0.0,9.91,-0.0,11.316
2023-02-20T03:00:00,3,0,2,0,11.47,71.43,1.53,35.95,11.115,0.015,9.92,-0.0,11.1
2023-02-20T04:00:00,4,0,2,0,10.4,67.95,0.76,35.32,9.613,0.0,9.89,-0.0,9.613
2023-02-20T05:00:00,5,0,2,0,10.94,68.82,0.0,52.94,14.803,0.0,9.89,-0.0,14.803
2023-02-20T06:00:00,6,0,2,0,12.3,65.06,0.73,24.19,13.993,0.0,9.88,-0.0,13.993
2023-02-20T07:00:00,7,0,2,0,13.04,69.26,116.46,31.32,16.652,5.521,10.12,-0.0,11.131
2023-02-20T08:00:00,8,0,2,0,18.68,65.33,278.87,47.56,23.026,13.397,9.86,-0.0,9.629
2023-02-20T09:00:00,9,0,2,0,18.47,64.67,330.44,66.46,20.9,15.807,10.21,-0.0,5.093
2023-02-20T10:00:00,10,0,2,0,21.03,61.18,536.61,47.56,17.646,25.149,17.02,7.503,0.0
2023-02-20T11:00:00,11,0,2,0,20.72,63.93,628.79,47.94,16.195,30.266,29.95,14.071,0.0
2023-02-20T12:00:00,12,0,2,0,21.83,57.15,745.64,37.46,13.595,34.191,48.28,20.0,0.0
2023-02-20T13:00:00,13,0,2,0,21.2,66.79,560.35,57.18,12.206,27.068,61.98,14.862,0.0
2023-02-20T14:00:00,14,0,2,0,20.32,55.74,755.05,17.88,13.783,34.833,80.26,20.0,0.0
2023-02-20T15:00:00,15,0,2,0,21.89,62.36,288.3,73.16,14.18,13.826,79.84,-0.354,0.0
2023-02-20T16:00:00,16,0,2,0,21.42,81.61,230.85,61.52,15.486,11.261,75.68,-4.225,0.0
2023-02-20T17:00:00,17,0,2,0,19.93,72.7,112.33,38.4,18.785,5.217,61.98,-13.568,0.0
2023-02-20T18:00:00,18,0,2,0,20.6,61.94,0.19,28.97,22.335,0.0,42.24,-20.0,2.335
2023-02-20T19:00:00,19,0,2,0,22.02,64.12,0.0,25.15,25.015,0.0,22.02,-20.0,5.015
2023-02-20T20:00:00,20,0,2,0,18.55,67.33,0.0,28.18,25.953,0.006,10.1,-12.174,13.773
2023-02-20T21:00:00,21,0,2,0,19.85,64.41,0.0,50.05,23.596,0.0,10.1,-0.0,23.596
2023-02-20T22:00:00,22,0,2,0,15.93,69.99,0.76,60.9,19.778,0.009,10.04,-0.0,19.769
2023-02-20T23:00:00,23,0,2,0,15.33,68.37,0.0,66.09,13.779,0.0,9.92,-0.0,13.779
2023-02-21T00:00:00,0,1,2,0,12.49,76.92,1.32,62.08,10.837,0.0,9.87,-0.0,10.837
2023-02-21T01:00:00,1,1,2,0,13.29,78.38,0.0,74.29,9.847,0.007,9.89,-0.0,9.84
2023-02-21T02:00:00,2,1,2,0,12.84,76.39,0.0,49.63,11.446,0.01,9.86,-0.0,11.436
2023-02-21T03:00:00,3,1,2,0,10.68,68.16,0.0,30.01,8.925,0.0,10.0,-0.0,8.925
2023-02-21T04:00:00,4,1,2,0,12.59,79.5,3.03,49.21,8.374,0.013,9.98,-0.0,8.361
2023-02-21T05:00:00,5,1,2,0,13.57,62.83,4.54,16.48,13.036,0.0,10.29,-0.0,13.036
2023-02-21T06:00:00,6,1,2,0,12.68,75.22,3.0,25.05,15.581,0.0,10.28,-0.0,15.581
2023-02-21T07:00:00,7,1,2,0,12.15,66.52,128.46,48.8,21.932,5.924,10.23,-0.0,16.008
2023-02-21T08:00:00,8,1,2,0,14.29,60.93,297.63,47.16,19.612,14.722,9.97,-0.0,4.89
2023-02-21T09:00:00,9,1,2,0,18.24,70.84,597.34,16.86,19.858,28.749,17.97,8.891,0.0
2023-02-21T10:00:00,10,1,2,0,19.57,64.75,689.27,26.76,16.301,30.359,31.14,14.058,0.0
2023-02-21T11:00:00,11,1,2,0,20.81,62.0,875.77,17.69,14.165,42.13,49.48,20.0,0.0
2023-02-21T12:00:00,12,1,2,0,22.38,60.25,720.47,41.06,13.437,35.317,67.92,20.0,0.0
2023-02-21T13:00:00,13,1,2,0,24.19,56.22,695.59,37.02,12.909,31.952,85.5,19.043,0.0
2023-02-21T14:00:00,14,1,2,0,25.42,51.66,820.29,7.99,14.482,38.142,100.0,15.834,0.0
2023-02-21T15:00:00,15,1,2,0,26.2,59.14,516.02,31.07,15.017,24.727,99.73,0.0,0.0
2023-02-21T16:00:00,16,1,2,0,25.81,57.78,334.9,30.19,16.539,15.736,99.39,-0.803,0.0
2023-02-21T17:00:00,17,1,2,0,22.56,48.88,139.66,18.62,20.843,6.781,85.28,-14.062,0.0
2023-02-21T18:00:00,18,1,2,0,23.83,63.56,0.0,0.0,23.597,0.0,65.05,-20.0,3.597
2023-02-21T19:00:00,19,1,2,0,20.2,56.24,0.0,8.28,26.453,0.0,45.27,-20.0,6.453
2023-02-21T20:00:00,20,1,2,0,21.23,65.66,0.0,19.65,25.711,0.0,25.1,-20.0,5.711
2023-02-21T21:00:00,21,1,2,0,17.9,61.37,1.16,43.62,23.323,0.011,10.01,-15.135,8.177
2023-02-21T22:00:00,22,1,2,0,16.29,66.81,3.16,45.3,20.469,0.004,9.98,-0.0,20.465
2023-02-21T23:00:00,23,1,2,0,11.39,71.92,1.36,34.12,15.316,0.033,9.89,-0.0,15.283
2023-02-22T00:00:00,0,2,2,0,12.33,70.93,0.28,35.61,11.236,0.008,9.81,-0.0,11.228
2023-02-22T01:00:00,1,2,2,0,10.72,62.61,0.0,11.01,11.031,0.011,10.41,-0.0,11.02
2023-02-22T02:00:00,2,2,2,0,13.41,67.23,0.0,25.72,10.175,0.0,10.09,-0.0,10.175
2023-02-22T03:00:00,3,2,2,0,13.37,64.64,0.13,2.78,8.295,0.0,10.02,-0.0,8.295
2023-02-22T04:00:00,4,2,2,0,10.88,63.15,1.32,11.14,11.299,0.04,10.27,-0.0,11.259
2023-02-22T05:00:00,5,2,2,0,13.13,58.13,0.0,18.12,13.861,0.01,9.75,-0.0,13.851
2023-02-22T06:00:00,6,2,2,0,12.05,63.61,0.6,34.42,16.981,0.032,9.96,-0.0,16.949
2023-02-22T07:00:00,7,2,2,0,13.58,66.55,93.99,51.42,18.403,4.681,9.91,-0.0,13.722
2023-02-22T08:00:00,8,2,2,0,17.41,60.13,418.85,9.16,22.067,20.579,9.93,-0.0,1.488
2023-02-22T09:00:00,9,2,2,0,18.4,69.21,582.85,21.1,19.655,25.725,15.59,6.07,0.0
2023-02-22T10:00:00,10,2,2,0,21.36,64.18,721.34,21.24,17.52,35.655,32.2,18.135,0.0
2023-02-22T11:00:00,11,2,2,0,20.52,57.09,790.44,28.36,16.516,36.887,50.4,20.0,0.0
2023-02-22T12:00:00,12,2,2,0,23.77,64.31,1053.49,0.0,15.817,50.0,68.92,20.0,0.0
2023-02-22T13:00:00,13,2,2,0,23.96,57.04,877.22,16.1,13.631,39.642,87.33,20.0,0.0
2023-02-22T14:00:00,14,2,2,0,25.3,58.12,861.81,3.17,13.707,40.474,99.93,13.621,0.0
2023-02-22T15:00:00,15,2,2,0,23.64,51.35,633.02,5.63,16.595,29.997,99.86,0.0,0.0
2023-02-22T16:00:00,16,2,2,0,24.83,52.28,427.89,0.0,16.463,20.925,99.97,0.0,0.0
2023-02-22T17:00:00,17,2,2,0,23.2,63.66,141.18,20.2,16.147,6.637,90.47,-9.51,0.0
2023-02-22T18:00:00,18,2,2,0,21.36,57.34,0.41,35.2,23.467,0.0,70.17,-20.0,3.467
2023-02-22T19:00:00,19,2,2,0,21.31,64.01,0.15,48.39,24.652,0.02,50.33,-20.0,4.632
2023-02-22T20:00:00,20,2,2,0,20.17,65.47,0.0,40.04,25.221,0.006,30.52,-20.0,5.215
2023-02-22T21:00:00,21,2,2,0,19.03,61.79,0.18,61.13,23.635,0.021,10.47,-20.0,3.614
2023-02-22T22:00:00,22,2,2,0,18.47,59.19,0.0,66.88,17.414,0.012,9.74,-0.49,16.912
2023-02-22T23:00:00,23,2,2,0,16.93,71.07,0.0,50.96,17.414,0.0,10.12,-0.0,17.414
2023-02-23T00:00:00,0,3,2,0,13.41,83.25,1.33,54.06,10.289,0.006,10.09,-0.0,10.283
2023-02-23T01:00:00,1,3,2,0,14.11,71.17,2.36,56.26,10.134,0.0,10.35,-0.0,10.134
2023-02-23T02:00:00,2,3,2,0,10.75,72.78,0.26,48.26,10.48,0.017,10.26,-0.0,10.463
2023-02-23T03:00:00,3,3,2,0,10.93,63.3,0.0,36.92,8.505,0.0,9.87,-0.0,8.505
2023-02-23T04:00:00,4,3,2,0,10.63,73.94,1.14,28.24,9.112,0.0,9.98,-0.0,9.112
2023-02-23T05:00:00,5,3,2,0,14.34,62.8,0.28,29.12,12.646,0.0,10.0,-0.0,12.646
2023-02-23T06:00:00,6,3,2,0,13.6,71.82,1.71,35.22,16.063,0.012,10.19,-0.0,16.051
2023-02-23T07:00:00,7,3,2,0,14.73,70.13,111.9,46.62,18.971,5.085,9.96,-0.0,13.886
2023-02-23T08:00:00,8,3,2,0,18.71,63.86,392.78,18.59,21.813,18.58,10.2,-0.0,3.233
2023-02-23T09:00:00,9,3,2,0,16.16,64.36,613.51,13.88,24.529,30.055,15.13,5.526,0.0
2023-02-23T10:00:00,10,3,2,0,17.53,66.7,642.91,35.58,15.803,29.648,27.7,13.845,0.0
2023-02-23T11:00:00,11,3,2,0,23.57,61.91,712.7,35.01,12.841,34.842,46.04,20.0,0.0
2023-02-23T12:00:00,12,3,2,0,22.71,65.99,723.5,36.2,15.578,36.713,64.77,20.0,0.0
2023-02-23T13:00:00,13,3,2,0,23.35,60.9,524.81,61.15,12.817,24.897,75.88,12.08,0.0
2023-02-23T14:00:00,14,3,2,0,23.29,57.28,732.88,20.58,14.684,37.275,94.3,20.0,0.0
2023-02-23T15:00:00,15,3,2,0,23.76,71.07,387.46,57.34,15.615,19.055,96.91,3.44,0.0
2023-02-23T16:00:00,16,3,2,0,26.72,58.84,334.38,29.78,16.535,14.903,95.65,-1.632,0.0
2023-02-23T17:00:00,17,3,2,0,25.17,58.06,129.92,35.59,19.754,6.042,82.14,-13.712,0.0
2023-02-23T18:00:00,18,3,2,0,22.98,64.68,0.16,26.26,24.863,0.001,61.74,-20.0,4.862
2023-02-23T19:00:00,19,3,2,0,20.8,66.22,0.88,35.14,24.86,0.0,42.04,-20.0,4.86
2023-02-23T20:00:00,20,3,2,0,18.79,55.59,2.6,28.14,26.938,0.021,21.87,-20.0,6.917
2023-02-23T21:00:00,21,3,2,0,15.44,69.95,1.9,43.93,21.542,0.012,9.86,-11.956,9.574
2023-02-23T22:00:00,22,3,2,0,17.37,63.74,0.0,29.4,19.834,0.0,9.89,-0.0,19.834
2023-02-23T23:00:00,23,3,2,0,16.07,66.1,1.62,21.18,17.109,0.0,10.24,-0.0,17.109
2023-02-24T00:00:00,0,4,2,0,11.37,68.1,0.0,40.68,11.872,0.0,10.13,-0.0,11.872
2023-02-24T01:00:00,1,4,2,0,11.32,67.33,0.0,20.21,12.018,0.0,9.98,-0.0,12.018
2023-02-24T02:00:00,2,4,2,0,10.25,56.97,1.25,23.71,10.177,0.0,10.33,-0.0,10.177
2023-02-24T03:00:00,3,4,2,0,10.88,61.02,2.29,21.86,10.224,0.015,9.73,-0.0,10.209
2023-02-24T04:00:00,4,4,2,0,12.4,73.77,0.0,57.9,9.685,0.023,9.9,-0.0,9.662
2023-02-24T05:00:00,5,4,2,0,9.7,79.75,0.0,25.14,11.18,0.0,10.24,-0.0,11.18
2023-02-24T06:00:00,6,4,2,0,13.53,70.5,0.0,52.72,14.355,0.0,9.97,-0.0,14.355
2023-02-24T07:00:00,7,4,2,0,16.37,60.16,106.93,29.55,18.492,5.043,9.97,-0.0,13.449
2023-02-24T08:00:00,8,4,2,0,15.98,64.52,346.44,29.57,19.722,15.416,9.98,-0.0,4.306
2023-02-24T09:00:00,9,4,2,0,15.55,60.98,475.62,38.67,22.153,21.862,9.93,-0.0,0.291
2023-02-24T10:00:00,10,4,2,0,18.44,76.36,299.4,80.33,17.103,14.541,10.14,-0.0,2.562
2023-02-24T11:00:00,11,4,2,0,22.79,58.49,835.84,17.23,15.294,41.482,28.28,20.0,0.0
2023-02-24T12:00:00,12,4,2,0,19.5,70.14,639.48,49.29,13.08,30.237,44.59,17.157,0.0
2023-02-24T13:00:00,13,4,2,0,24.79,60.6,637.72,45.37,16.366,31.636,58.02,15.27,0.0
2023-02-24T14:00:00,14,4,2,0,23.55,67.04,593.76,40.57,13.998,29.392,72.65,15.394,0.0
2023-02-24T15:00:00,15,4,2,0,26.05,50.97,490.47,34.74,14.299,22.811,80.35,8.512,0.0
2023-02-24T16:00:00,16,4,2,0,24.01,59.84,349.79,31.52,16.027,16.44,80.5,0.413,0.0
2023-02-24T17:00:00,17,4,2,0,23.71,65.84,87.56,53.22,19.216,4.005,65.43,-15.211,0.0
2023-02-24T18:00:00,18,4,2,0,23.2,61.55,0.0,49.69,22.648,0.0,45.52,-20.0,2.648
2023-02-24T19:00:00,19,4,2,0,22.82,61.19,0.0,24.92,24.053,0.0,25.49,-20.0,4.053
2023-02-24T20:00:00,20,4,2,0,20.72,64.88,0.75,42.4,26.48,0.016,9.71,-15.395,11.069
2023-02-24T21:00:00,21,4,2,0,19.69,68.03,0.0,36.12,21.757,0.0,10.06,-0.0,21.757
2023-02-24T22:00:00,22,4,2,0,15.02,66.28,1.71,21.54,20.339,0.0,9.79,-0.0,20.339
2023-02-24T23:00:00,23,4,2,0,16.8,69.36,2.02,56.22,15.11,0.0,10.16,-0.0,15.11
2023-02-25T00:00:00,0,5,2,1,12.3,72.39,0.0,43.72,12.883,0.008,10.16,-0.0,12.875
2023-02-25T01:00:00,1,5,2,1,12.19,56.55,0.0,12.12,10.769,0.0,9.79,-0.0,10.769
2023-02-25T02:00:00,2,5,2,1,13.25,59.91,0.0,18.39,10.33,0.0,9.7,-0.0,10.33
2023-02-25T03:00:00,3,5,2,1,10.19,56.87,0.0,8.0,11.238,0.027,9.95,-0.0,11.211
2023-02-25T04:00:00,4,5,2,1,12.39,66.93,0.0,18.68,12.19,0.033,9.96,-0.0,12.157
2023-02-25T05:00:00,5,5,2,1,13.41,66.12,0.14,21.51,13.744,0.008,10.0,-0.0,13.736
2023-02-25T06:00:00,6,5,2,1,15.13,69.75,0.0,19.66,13.509,0.003,10.06,-0.0,13.506
2023-02-25T07:00:00,7,5,2,1,13.31,63.07,176.94,2.86,14.695,9.005,9.98,-0.0,5.69
2023-02-25T08:00:00,8,5,2,1,15.93,59.24,389.52,19.72,15.22,18.24,12.79,3.02,0.0
2023-02-25T09:00:00,9,5,2,1,19.16,63.76,488.71,36.17,15.644,22.322,18.8,6.678,0.0
2023-02-25T10:00:00,10,5,2,1,17.26,54.92,606.7,37.28,19.2,27.096,26.03,7.896,0.0
2023-02-25T11:00:00,11,5,2,1,20.44,58.3,800.36,22.55,18.591,38.555,44.64,19.964,0.0
2023-02-25T12:00:00,12,5,2,1,24.5,45.79,866.38,18.67,18.668,39.09,63.03,20.0,0.0
2023-02-25T13:00:00,13,5,2,1,24.39,63.03,651.91,44.0,17.594,32.846,76.93,15.252,0.0
2023-02-25T14:00:00,14,5,2,1,25.86,52.58,869.94,0.0,16.496,40.768,95.23,20.0,0.0
2023-02-25T15:00:00,15,5,2,1,27.61,55.12,584.54,18.48,17.517,26.515,100.0,5.016,0.0
2023-02-25T16:00:00,16,5,2,1,26.08,52.14,387.06,19.6,18.654,19.221,100.0,0.0,0.0
2023-02-25T17:00:00,17,5,2,1,24.96,54.08,150.7,19.67,16.069,7.455,91.56,-8.614,0.0
2023-02-25T18:00:00,18,5,2,1,28.3,60.67,2.49,30.48,16.492,0.0,74.99,-16.492,0.0
2023-02-25T19:00:00,19,5,2,1,21.35,54.02,0.0,31.61,19.051,0.0,55.68,-19.051,0.0
2023-02-25T20:00:00,20,5,2,1,18.85,62.27,1.4,12.71,18.865,0.0,37.17,-18.865,0.0
2023-02-25T21:00:00,21,5,2,1,18.7,57.09,0.0,21.53,20.49,0.02,17.06,-20.0,0.47
2023-02-25T22:00:00,22,5,2,1,17.44,50.25,0.09,0.3,18.629,0.0,9.85,-6.978,11.651
2023-02-25T23:00:00,23,5,2,1,13.86,66.71,0.68,0.0,18.813,0.0,10.11,-0.0,18.813
2023-02-26T00:00:00,0,6,2,1,13.09,71.96,0.2,28.75,13.878,0.0,9.92,-0.0,13.878
2023-02-26T01:00:00,1,6,2,1,15.3,60.28,0.0,21.27,12.011,0.014,10.12,-0.0,11.997
2023-02-26T02:00:00,2,6,2,1,13.11,59.88,0.0,10.92,11.293,0.0,10.17,-0.0,11.293
2023-02-26T03:00:00,3,6,2,1,10.75,61.08,0.0,0.32,11.14,0.0,10.08,-0.0,11.14
2023-02-26T04:00:00,4,6,2,1,13.6,60.11,0.0,22.97,9.89,0.0,9.87,-0.0,9.89
2023-02-26T05:00:00,5,6,2,1,13.41,59.74,0.5,13.89,12.218,0.0,10.09,-0.0,12.218
2023-02-26T06:00:00,6,6,2,1,15.11,64.73,2.75,17.25,14.607,0.008,10.08,-0.0,14.599
2023-02-26T07:00:00,7,6,2,1,15.82,71.08,153.24,8.07,14.006,7.264,9.89,-0.0,6.742
2023-02-26T08:00:00,8,6,2,1,15.44,57.93,463.32,0.01,16.013,21.435,14.94,5.422,0.0
2023-02-26T09:00:00,9,6,2,1,18.98,62.88,688.38,0.0,18.335,32.886,28.66,14.551,0.0
2023-02-26T10:00:00,10,6,2,1,22.61,62.78,620.63,35.03,20.167,28.506,36.3,8.339,0.0
2023-02-26T11:00:00,11,6,2,1,22.38,49.72,881.49,14.61,18.053,45.15,54.36,20.0,0.0
2023-02-26T12:00:00,12,6,2,1,23.4,59.33,801.35,27.49,18.927,38.895,72.51,19.968,0.0
2023-02-26T13:00:00,13,6,2,1,23.61,58.95,754.59,29.87,17.998,35.117,88.79,17.119,0.0
2023-02-26T14:00:00,14,6,2,1,25.75,62.64,794.21,8.53,16.984,40.091,100.0,12.427,0.0
2023-02-26T15:00:00,15,6,2,1,25.26,65.42,537.53,23.9,14.727,25.733,100.0,0.0,0.0
2023-02-26T16:00:00,16,6,2,1,24.16,61.66,316.81,32.44,15.96,15.951,99.94,-0.009,0.0
2023-02-26T17:00:00,17,6,2,1,25.52,67.05,141.92,45.4,16.039,7.124,91.18,-8.915,0.0
2023-02-26T18:00:00,18,6,2,1,20.82,63.65,0.54,50.9,18.241,0.0,72.7,-18.241,0.0
2023-02-26T19:00:00,19,6,2,1,23.65,69.18,0.89,55.97,18.811,0.0,54.19,-18.811,0.0
2023-02-26T20:00:00,20,6,2,1,19.25,67.61,1.62,63.3,18.346,0.0,35.59,-18.346,0.0
2023-02-26T21:00:00,21,6,2,1,18.7,74.38,0.0,73.15,18.895,0.0,16.69,-18.895,0.0
2023-02-26T22:00:00,22,6,2,1,15.44,75.33,0.0,64.13,20.125,0.0,9.99,-6.783,13.342
2023-02-26T23:00:00,23,6,2,1,17.7,72.2,0.0,67.68,15.998,0.0,9.92,-0.0,15.998
2023-02-27T00:00:00,0,0,2,0,16.74,64.42,1.28,60.9,11.529,0.0,10.11,-0.0,11.529
2023-02-27T01:00:00,1,0,2,0,15.41,61.67,3.02,27.01,10.702,0.038,9.87,-0.0,10.664
2023-02-27T02:00:00,2,0,2,0,11.12,73.82,0.0,53.15,9.329,0.047,10.39,-0.0,9.282
2023-02-27T03:00:00,3,0,2,0,13.64,70.45,1.65,35.23,8.123,0.024,10.08,-0.0,8.099
2023-02-27T04:00:00,4,0,2,0,13.75,66.32,0.39,32.61,12.451,0.013,9.95,-0.0,12.438
2023-02-27T05:00:00,5,0,2,0,10.82,64.53,0.0,25.61,10.264,0.0,9.85,-0.0,10.264
2023-02-27T06:00:00,6,0,2,0,13.55,66.72,0.0,33.44,13.595,0.054,9.95,-0.0,13.541
2023-02-27T07:00:00,7,0,2,0,16.55,62.14,138.34,29.57,19.99,6.678,9.97,-0.0,13.312
2023-02-27T08:00:00,8,0,2,0,17.64,63.76,303.75,44.19,18.877,14.564,9.96,-0.0,4.313
2023-02-27T09:00:00,9,0,2,0,19.3,75.93,384.17,56.94,20.946,17.684,9.93,-0.0,3.262
2023-02-27T10:00:00,10,0,2,0,21.23,56.18,774.72,13.53,18.389,39.093,28.28,20.0,0.0
2023-02-27T11:00:00,11,0,2,0,24.39,57.32,965.04,0.0,14.422,48.175,46.94,20.0,0.0
2023-02-27T12:00:00,12,0,2,0,25.76,62.49,609.72,51.32,14.388,28.202,59.72,13.814,0.0
2023-02-27T13:00:00,13,0,2,0,21.42,55.64,707.72,35.68,14.062,34.537,77.78,20.0,0.0
2023-02-27T14:00:00,14,0,2,0,25.07,52.81,678.08,31.36,13.392,31.98,95.0,18.588,0.0
2023-02-27T15:00:00,15,0,2,0,25.17,58.9,502.86,33.01,14.271,25.035,99.73,5.424,0.0
2023-02-27T16:00:00,16,0,2,0,23.16,50.21,353.69,30.1,16.401,17.488,99.92,0.0,0.0
2023-02-27T17:00:00,17,0,2,0,24.56,64.47,176.58,4.18,18.935,8.848,90.21,-10.087,0.0
2023-02-27T18:00:00,18,0,2,0,25.23,53.97,0.0,9.66,23.616,0.008,70.09,-20.0,3.608
2023-02-27T19:00:00,19,0,2,0,22.25,55.8,0.86,13.67,25.369,0.0,50.01,-20.0,5.369
2023-02-27T20:00:00,20,0,2,0,21.32,64.28,1.83,11.24,26.03,0.054,29.74,-20.0,5.976
2023-02-27T21:00:00,21,0,2,0,18.14,60.08,0.0,17.04,22.556,0.0,9.9,-19.913,2.643
2023-02-27T22:00:00,22,0,2,0,16.2,71.84,0.77,61.97,20.152,0.017,9.92,-0.0,20.135
2023-02-27T23:00:00,23,0,2,0,18.29,57.8,0.0,16.81,17.546,0.0,10.15,-0.0,17.546
2023-02-28T00:00:00,0,1,2,0,14.41,62.21,0.0,11.42,9.778,0.011,10.2,-0.0,9.767
2023-02-28T01:00:00,1,1,2,0,14.69,66.65,0.62,11.24,11.367,0.014,10.0,-0.0,11.353
2023-02-28T02:00:00,2,1,2,0,10.73,59.56,2.88,10.49,9.366,0.017,10.14,-0.0,9.349
2023-02-28T03:00:00,3,1,2,0,15.77,62.64,0.0,3.17,9.376,0.026,9.89,-0.0,9.35
2023-02-28T04:00:00,4,1,2,0,14.47,50.64,0.0,16.55,10.806,0.003,10.05,-0.0,10.803
2023-02-28T05:00:00,5,1,2,0,13.61,70.14,0.0,20.61,12.413,0.004,10.16,-0.0,12.409
2023-02-28T06:00:00,6,1,2,0,15.43,56.93,0.66,0.0,15.224,0.0,10.24,-0.0,15.224
2023-02-28T07:00:00,7,1,2,0,14.7,63.47,155.59,25.23,19.893,7.776,9.83,-0.0,12.117
2023-02-28T08:00:00,8,1,2,0,18.73,61.78,361.31,29.17,21.329,17.025,10.22,-0.0,4.304
2023-02-28T09:00:00,9,1,2,0,18.55,56.12,581.45,19.99,19.264,29.232,19.53,9.968,0.0
2023-02-28T10:00:00,10,1,2,0,20.72,58.53,545.13,46.59,18.651,26.123,25.83,7.472,0.0
2023-02-28T11:00:00,11,1,2,0,21.07,66.51,606.01,48.65,16.475,29.469,37.76,12.994,0.0
2023-02-28T12:00:00,12,1,2,0,23.59,65.1,640.72,46.9,14.357,31.347,53.88,16.99,0.0
2023-02-28T13:00:00,13,1,2,0,25.38,56.21,654.09,42.64,13.503,31.853,70.46,18.35,0.0
2023-02-28T14:00:00,14,1,2,0,25.71,63.07,579.62,42.05,13.429,27.965,83.86,14.536,0.0
2023-02-28T15:00:00,15,1,2,0,26.57,59.04,584.28,17.76,16.787,29.969,96.2,13.182,0.0
2023-02-28T16:00:00,16,1,2,0,25.62,58.81,294.91,43.95,16.371,14.678,94.2,-1.693,0.0
2023-02-28T17:00:00,17,1,2,0,25.46,53.44,131.47,38.08,19.608,5.735,80.5,-13.873,0.0
2023-02-28T18:00:00,18,1,2,0,23.35,58.32,0.0,20.99,23.447,0.0,60.25,-20.0,3.447
2023-02-28T19:00:00,19,1,2,0,25.45,62.09,2.36,40.42,22.495,0.0,40.59,-20.0,2.495
2023-02-28T20:00:00,20,1,2,0,18.75,64.88,0.54,48.56,24.526,0.0,20.59,-20.0,4.526
2023-02-28T21:00:00,21,1,2,0,20.58,62.1,0.0,54.54,25.404,0.025,10.04,-10.447,14.932
2023-02-28T22:00:00,22,1,2,0,19.97,65.65,0.0,40.64,16.372,0.009,10.02,-0.0,16.363
2023-02-28T23:00:00,23,1,2,0,13.92,71.8,0.55,32.88,14.928,0.0,10.01,-0.0,14.928
2023-03-01T00:00:00,0,2,3,0,17.76,57.73,1.04,21.0,11.461,0.0,9.99,-0.0,11.461
2023-03-01T01:00:00,1,2,3,0,14.99,60.3,0.0,12.25,9.859,0.0,10.0,-0.0,9.859
2023-03-01T02:00:00,2,2,3,0,14.75,76.29,0.0,16.56,9.304,0.0,10.14,-0.0,9.304
2023-03-01T03:00:00,3,2,3,0,12.37,63.43,0.0,3.89,8.588,0.003,9.75,-0.0,8.585
2023-03-01T04:00:00,4,2,3,0,12.75,59.03,0.32,27.86,10.272,0.0,10.29,-0.0,10.272
2023-03-01T05:00:00,5,2,3,0,13.61,58.33,1.96,0.0,12.671,0.016,10.04,-0.0,12.655
2023-03-01T06:00:00,6,2,3,0,16.01,59.49,0.0,25.84,15.922,0.0,10.35,-0.0,15.922
2023-03-01T07:00:00,7,2,3,0,18.3,61.48,180.67,9.6,18.262,8.842,10.05,-0.0,9.42
2023-03-01T08:00:00,8,2,3,0,17.52,63.81,377.49,24.72,22.201,18.25,10.02,-0.0,3.951
2023-03-01T09:00:00,9,2,3,0,18.13,55.39,674.83,2.29,20.255,32.109,21.01,11.854,0.0
2023-03-01T10:00:00,10,2,3,0,22.76,66.96,779.59,13.3,18.62,37.337,37.95,18.717,0.0
2023-03-01T11:00:00,11,2,3,0,23.41,59.26,818.49,23.38,15.621,38.545,56.38,20.0,0.0
2023-03-01T12:00:00,12,2,3,0,24.97,56.91,745.43,31.5,14.055,34.894,74.91,20.0,0.0
2023-03-01T13:00:00,13,2,3,0,26.15,48.94,938.13,8.21,13.857,45.698,93.35,20.0,0.0
2023-03-01T14:00:00,14,2,3,0,25.29,53.88,688.99,27.11,14.665,31.522,100.0,7.255,0.0
2023-03-01T15:00:00,15,2,3,0,26.2,49.09,659.54,10.2,16.336,32.266,100.0,0.0,0.0
2023-03-01T16:00:00,16,2,3,0,24.5,56.77,370.77,20.02,16.711,17.633,100.0,0.0,0.0
2023-03-01T17:00:00,17,2,3,0,23.29,52.23,182.2,8.4,19.678,8.714,88.65,-10.964,0.0
2023-03-01T18:00:00,18,2,3,0,24.08,65.08,1.43,41.33,23.604,0.011,69.32,-20.0,3.593
2023-03-01T19:00:00,19,2,3,0,22.96,58.08,0.55,36.21,23.581,0.0,48.99,-20.0,3.581
2023-03-01T20:00:00,20,2,3,0,21.11,65.62,0.0,32.18,23.96,0.0,29.15,-20.0,3.96
2023-03-01T21:00:00,21,2,3,0,15.42,67.79,1.21,37.44,23.222,0.005,10.19,-19.036,4.181
2023-03-01T22:00:00,22,2,3,0,16.23,64.89,0.0,15.92,18.396,0.0,9.82,-0.0,18.396
2023-03-01T23:00:00,23,2,3,0,17.32,68.01,0.0,32.34,16.283,0.015,10.23,-0.0,16.268
2023-03-02T00:00:00,0,3,3,0,13.76,75.94,0.0,35.63,11.941,0.024,10.13,-0.0,11.917
2023-03-02T01:00:00,1,3,3,0,15.15,58.6,0.0,19.85,13.605,0.024,10.28,-0.0,13.581
2023-03-02T02:00:00,2,3,3,0,11.43,73.73,0.0,50.54,9.935,0.032,10.02,-0.0,9.903
2023-03-02T03:00:00,3,3,3,0,13.95,70.81,0.26,55.3,7.533,0.036,10.01,-0.0,7.497
2023-03-02T04:00:00,4,3,3,0,14.21,70.35,0.9,30.99,10.686,0.0,9.9,-0.0,10.686
2023-03-02T05:00:00,5,3,3,0,14.14,66.66,0.0,37.85,13.397,0.046,9.91,-0.0,13.351
2023-03-02T06:00:00,6,3,3,0,18.09,66.77,0.0,17.61,16.067,0.058,10.0,-0.0,16.009
2023-03-02T07:00:00,7,3,3,0,19.33,52.34,180.31,8.18,19.677,8.77,10.1,-0.0,10.907
2023-03-02T08:00:00,8,3,3,0,17.64,54.51,417.19,6.9,20.321,20.696,10.47,0.375,0.0
2023-03-02T09:00:00,9,3,3,0,18.94,55.92,647.02,6.54,19.636,32.872,22.38,13.236,0.0
2023-03-02T10:00:00,10,3,3,0,20.43,56.59,868.69,0.0,16.508,41.479,40.92,20.0,0.0
2023-03-02T11:00:00,11,3,3,0,22.88,60.31,736.72,29.79,14.495,33.954,58.87,19.459,0.0
2023-03-02T12:00:00,12,3,3,0,24.16,53.2,891.57,13.27,14.113,44.026,76.91,20.0,0.0
2023-03-02T13:00:00,13,3,3,0,25.09,52.22,838.68,18.49,15.13,42.056,95.77,20.0,0.0
2023-03-02T14:00:00,14,3,3,0,28.13,52.57,729.86,20.77,17.518,36.129,99.97,4.756,0.0
2023-03-02T15:00:00,15,3,3,0,25.9,51.17,482.91,38.39,15.108,23.477,100.0,0.0,0.0
2023-03-02T16:00:00,16,3,3,0,29.07,57.74,284.39,46.44,17.757,14.368,96.84,-3.389,0.0
2023-03-02T17:00:00,17,3,3,0,24.62,59.46,134.39,33.93,16.795,6.389,86.07,-10.406,0.0
2023-03-02T18:00:00,18,3,3,0,26.94,59.72,0.0,27.54,22.499,0.0,66.09,-20.0,2.499
2023-03-02T19:00:00,19,3,3,0,23.58,62.27,0.0,41.38,27.219,0.0,45.87,-20.0,7.219
2023-03-02T20:00:00,20,3,3,0,23.71,69.93,2.61,38.66,25.637,0.007,26.21,-20.0,5.63
2023-03-02T21:00:00,21,3,3,0,18.85,69.18,0.84,48.59,22.867,0.005,10.17,-16.205,6.657
2023-03-02T22:00:00,22,3,3,0,16.52,67.39,0.0,30.61,22.639,0.0,9.69,-0.0,22.639
2023-03-02T23:00:00,23,3,3,0,17.11,67.2,0.0,43.88,17.882,0.0,9.86,-0.0,17.882
2023-03-03T00:00:00,0,4,3,0,16.54,70.22,1.04,56.28,12.804,0.004,10.03,-0.0,12.8
2023-03-03T01:00:00,1,4,3,0,14.66,63.63,0.03,30.62,10.881,0.0,9.94,-0.0,10.881
2023-03-03T02:00:00,2,4,3,0,12.08,66.27,0.0,28.14,10.429,0.012,9.94,-0.0,10.417
2023-03-03T03:00:00,3,4,3,0,11.12,75.27,1.23,23.86,12.21,0.039,10.03,-0.0,12.171
2023-03-03T04:00:00,4,4,3,0,11.07,67.04,0.55,35.17,12.917,0.0,10.29,-0.0,12.917
2023-03-03T05:00:00,5,4,3,0,12.22,60.24,0.0,36.15,11.687,0.046,10.02,-0.0,11.641
2023-03-03T06:00:00,6,4,3,0,16.26,70.78,0.0,53.56,13.695,0.038,10.05,-0.0,13.657
2023-03-03T07:00:00,7,4,3,0,18.27,70.04,119.21,50.11,19.22,5.674,10.08,-0.0,13.546
2023-03-03T08:00:00,8,4,3,0,18.73,67.18,255.89,56.73,21.972,12.046,9.72,-0.0,9.926
2023-03-03T09:00:00,9,4,3,0,17.59,57.4,385.64,55.1,22.085,18.934,10.06,-0.0,3.151
2023-03-03T10:00:00,10,4,3,0,21.59,62.76,855.63,0.0,17.327,40.459,28.18,20.0,0.0
2023-03-03T11:00:00,11,4,3,0,22.65,56.89,958.31,0.0,14.92,46.643,46.81,20.0,0.0
2023-03-03T12:00:00,12,4,3,0,27.44,54.43,853.5,19.13,15.566,41.727,65.37,20.0,0.0
2023-03-03T13:00:00,13,4,3,0,24.36,63.49,826.44,18.33,13.102,38.965,83.55,20.0,0.0
2023-03-03T14:00:00,14,4,3,0,26.05,43.75,850.76,0.0,14.017,38.39,100.0,17.826,0.0
2023-03-03T15:00:00,15,4,3,0,29.11,58.06,503.01,35.39,15.564,23.56,99.75,0.0,0.0
2023-03-03T16:00:00,16,4,3,0,26.65,57.18,288.78,42.25,16.495,13.387,96.94,-3.108,0.0
2023-03-03T17:00:00,17,4,3,0,26.28,62.59,185.92,9.23,20.855,8.679,84.77,-12.176,0.0
2023-03-03T18:00:00,18,4,3,0,24.7,63.4,1.52,50.48,23.572,0.0,64.32,-20.0,3.572
2023-03-03T19:00:00,19,4,3,0,23.67,57.06,0.0,41.38,24.939,0.0,44.8,-20.0,4.939
2023-03-03T20:00:00,20,4,3,0,23.3,66.52,0.0,36.3,25.275,0.0,24.28,-20.0,5.275
2023-03-03T21:00:00,21,4,3,0,17.79,48.15,0.0,13.53,26.06,0.0,10.04,-14.716,11.344
2023-03-03T22:00:00,22,4,3,0,19.49,64.73,0.45,31.44,17.86,0.012,10.08,-0.0,17.848
2023-03-03T23:00:00,23,4,3,0,14.94,58.61,0.0,32.97,14.507,0.013,9.95,-0.0,14.494
2023-03-04T00:00:00,0,5,3,1,15.4,63.29,0.0,39.1,11.327,0.003,10.03,-0.0,11.324
2023-03-04T01:00:00,1,5,3,1,15.19,64.57,0.0,39.55,12.231,0.007,10.35,-0.0,12.224
2023-03-04T02:00:00,2,5,3,1,12.81,71.32,0.51,37.42,12.382,0.0,9.93,-0.0,12.382
2023-03-04T03:00:00,3,5,3,1,13.54,80.91,0.0,60.95,10.583,0.008,9.83,-0.0,10.575
2023-03-04T04:00:00,4,5,3,1,14.09,56.92,0.0,35.75,10.271,0.038,10.32,-0.0,10.233
2023-03-04T05:00:00,5,5,3,1,13.73,65.13,0.0,15.0,10.932,0.0,10.04,-0.0,10.932
2023-03-04T06:00:00,6,5,3,1,15.48,70.7,1.63,0.0,11.193,0.0,10.18,-0.0,11.193
2023-03-04T07:00:00,7,5,3,1,15.76,56.67,209.24,0.0,16.46,9.802,9.76,-0.0,6.658
2023-03-04T08:00:00,8,5,3,1,18.91,54.63,460.16,0.0,16.057,20.64,13.85,4.583,0.0
2023-03-04T09:00:00,9,5,3,1,19.76,58.51,669.9,0.0,17.858,32.033,27.13,14.175,0.0
2023-03-04T10:00:00,10,5,3,1,23.26,63.61,671.14,27.03,19.456,32.7,39.42,13.244,0.0
2023-03-04T11:00:00,11,5,3,1,21.59,62.64,809.61,20.16,20.395,39.071,56.55,18.676,0.0
2023-03-04T12:00:00,12,5,3,1,23.41,54.33,962.51,5.36,18.409,44.781,74.95,20.0,0.0
2023-03-04T13:00:00,13,5,3,1,25.35,51.81,890.15,10.46,17.029,42.894,93.15,20.0,0.0
2023-03-04T14:00:00,14,5,3,1,28.22,60.36,808.12,7.38,17.383,39.174,100.0,7.148,0.0
2023-03-04T15:00:00,15,5,3,1,26.47,52.7,581.76,19.51,16.627,29.114,99.96,0.0,0.0
2023-03-04T16:00:00,16,5,3,1,26.47,44.7,440.08,4.23,16.165,20.834,99.67,0.0,0.0
2023-03-04T17:00:00,17,5,3,1,26.39,47.07,196.23,4.37,16.0,10.172,94.13,-5.828,0.0
2023-03-04T18:00:00,18,5,3,1,22.37,54.37,0.99,9.05,18.816,0.009,75.35,-18.807,0.0
2023-03-04T19:00:00,19,5,3,1,23.67,62.65,0.94,0.0,20.767,0.0,55.53,-20.0,0.767
2023-03-04T20:00:00,20,5,3,1,24.23,51.92,0.0,19.93,21.581,0.006,35.29,-20.0,1.575
2023-03-04T21:00:00,21,5,3,1,20.74,64.4,0.0,0.0,18.356,0.024,17.18,-18.332,0.0
2023-03-04T22:00:00,22,5,3,1,18.41,64.61,0.71,0.0,20.007,0.0,10.13,-7.033,12.974
2023-03-04T23:00:00,23,5,3,1,17.5,61.09,0.0,9.24,15.517,0.044,9.88,-0.0,15.473
2023-03-05T00:00:00,0,6,3,1,16.79,47.19,0.0,6.47,12.856,0.0,10.1,-0.0,12.856
2023-03-05T01:00:00,1,6,3,1,12.82,55.73,0.43,3.35,13.046,0.012,10.17,-0.0,13.034
2023-03-05T02:00:00,2,6,3,1,11.88,58.5,0.0,0.0,11.739,0.0,10.17,-0.0,11.739
2023-03-05T03:00:00,3,6,3,1,14.94,72.55,0.0,26.08,12.262,0.005,10.06,-0.0,12.257
2023-03-05T04:00:00,4,6,3,1,14.17,63.41,1.34,39.0,9.764,0.015,9.99,-0.0,9.749
2023-03-05T05:00:00,5,6,3,1,16.19,55.43,0.22,0.0,11.539,0.0,9.8,-0.0,11.539
2023-03-05T06:00:00,6,6,3,1,14.02,61.82,0.0,2.6,12.876,0.022,10.18,-0.0,12.854
2023-03-05T07:00:00,7,6,3,1,15.24,52.77,213.56,0.0,15.954,10.679,9.78,-0.0,5.275
2023-03-05T08:00:00,8,6,3,1,16.98,63.64,341.41,32.7,16.025,16.124,10.07,0.099,0.0
2023-03-05T09:00:00,9,6,3,1,16.48,59.03,553.5,25.88,17.87,27.946,19.53,10.076,0.0
2023-03-05T10:00:00,10,6,3,1,21.57,71.42,790.99,10.94,18.234,38.484,37.61,20.0,0.0
2023-03-05T11:00:00,11,6,3,1,23.28,53.21,858.15,16.05,19.268,42.776,56.16,20.0,0.0
2023-03-05T12:00:00,12,6,3,1,25.18,66.98,849.13,19.84,17.832,38.795,74.33,20.0,0.0
2023-03-05T13:00:00,13,6,3,1,27.6,51.63,728.21,28.69,16.801,34.183,90.5,17.382,0.0
2023-03-05T14:00:00,14,6,3,1,28.96,55.64,757.81,13.72,17.265,36.586,99.85,10.269,0.0
2023-03-05T15:00:00,15,6,3,1,27.01,56.23,667.07,2.57,15.762,31.58,99.88,0.0,0.0
2023-03-05T16:00:00,16,6,3,1,23.83,59.02,381.73,21.49,16.556,18.21,100.0,0.0,0.0
2023-03-05T17:00:00,17,6,3,1,26.72,56.21,193.47,15.34,18.249,9.187,91.04,-9.062,0.0
2023-03-05T18:00:00,18,6,3,1,26.08,59.42,0.71,8.38,16.917,0.04,73.98,-16.877,0.0
2023-03-05T19:00:00,19,6,3,1,24.55,58.09,0.0,8.67,18.854,0.0,55.25,-18.854,0.0
2023-03-05T20:00:00,20,6,3,1,23.94,57.74,1.27,23.82,22.042,0.0,35.14,-20.0,2.042
2023-03-05T21:00:00,21,6,3,1,18.84,57.07,0.76,17.32,17.214,0.025,17.97,-17.189,0.0
2023-03-05T22:00:00,22,6,3,1,21.5,59.43,0.0,25.89,16.844,0.02,9.83,-8.018,8.806
2023-03-05T23:00:00,23,6,3,1,16.28,59.66,0.0,8.71,17.06,0.0,9.92,-0.0,17.06
2023-03-06T00:00:00,0,0,3,0,16.9,59.65,0.0,11.59,10.191,0.011,9.71,-0.0,10.18
2023-03-06T01:00:00,1,0,3,0,12.33,68.41,3.88,44.03,10.807,0.016,10.32,-0.0,10.791
2023-03-06T02:00:00,2,0,3,0,12.83,58.54,0.0,29.58,11.97,0.0,10.18,-0.0,11.97
2023-03-06T03:00:00,3,0,3,0,16.07,58.62,0.0,29.28,9.17,0.03,10.37,-0.0,9.14
2023-03-06T04:00:00,4,0,3,0,14.43,67.28,1.65,19.07,9.476,0.0,10.17,-0.0,9.476
2023-03-06T05:00:00,5,0,3,0,16.81,48.95,1.33,8.32,10.487,0.0,10.05,-0.0,10.487
2023-03-06T06:00:00,6,0,3,0,15.75,73.08,0.54,50.39,14.512,0.021,9.67,-0.0,14.491
2023-03-06T07:00:00,7,0,3,0,17.03,63.54,100.45,50.0,18.902,4.357,10.16,-0.0,14.545
2023-03-06T08:00:00,8,0,3,0,20.63,70.67,350.11,36.48,23.48,16.853,10.2,-0.0,6.627
2023-03-06T09:00:00,9,0,3,0,20.81,69.26,467.56,42.51,19.893,22.101,11.86,2.208,0.0
2023-03-06T10:00:00,10,0,3,0,19.82,64.08,488.39,56.12,17.289,24.676,18.91,7.387,0.0
2023-03-06T11:00:00,11,0,3,0,22.71,60.39,684.42,38.63,15.25,33.655,35.78,18.405,0.0
2023-03-06T12:00:00,12,0,3,0,25.32,63.71,895.16,9.8,13.382,44.226,54.15,20.0,0.0
2023-03-06T13:00:00,13,0,3,0,27.1,63.68,755.72,26.82,11.521,36.624,72.64,20.0,0.0
2023-03-06T14:00:00,14,0,3,0,24.88,63.1,701.7,24.8,15.865,33.805,89.14,17.94,0.0
2023-03-06T15:00:00,15,0,3,0,25.95,61.43,617.45,11.88,15.611,30.388,99.85,11.886,0.0
2023-03-06T16:00:00,16,0,3,0,26.11,49.62,439.46,8.11,17.795,20.985,100.0,0.0,0.0
2023-03-06T17:00:00,17,0,3,0,26.43,54.91,219.67,1.49,19.706,10.955,91.03,-8.751,0.0
2023-03-06T18:00:00,18,0,3,0,23.02,54.2,0.0,16.73,24.257,0.0,71.32,-20.0,4.257
2023-03-06T19:00:00,19,0,3,0,22.73,53.82,0.81,24.61,23.836,0.0,51.3,-20.0,3.836
2023-03-06T20:00:00,20,0,3,0,22.08,56.88,0.0,0.0,25.59,0.0,31.14,-20.0,5.59
2023-03-06T21:00:00,21,0,3,0,21.76,57.14,0.0,19.82,23.55,0.017,11.44,-20.0,3.533
2023-03-06T22:00:00,22,0,3,0,20.42,58.96,0.61,18.82,20.899,0.007,9.72,-1.249,19.643
2023-03-06T23:00:00,23,0,3,0,17.48,57.55,0.76,9.73,17.031,0.0,10.04,-0.0,17.031
2023-03-07T00:00:00,0,1,3,0,15.83,55.93,0.0,18.06,12.414,0.0,10.03,-0.0,12.414
2023-03-07T01:00:00,1,1,3,0,15.33,68.25,1.93,0.0,11.199,0.0,10.24,-0.0,11.199
2023-03-07T02:00:00,2,1,3,0,14.03,64.64,1.22,22.5,8.504,0.007,10.1,-0.0,8.497
2023-03-07T03:00:00,3,1,3,0,13.54,58.31,0.0,31.79,9.205,0.0,9.67,-0.0,9.205
2023-03-07T04:00:00,4,1,3,0,13.99,62.02,0.0,4.04,9.906,0.0,9.93,-0.0,9.906
2023-03-07T05:00:00,5,1,3,0,13.9,68.81,0.0,4.35,13.194,0.0,10.24,-0.0,13.194
2023-03-07T06:00:00,6,1,3,0,15.5,67.29,0.0,18.78,16.046,0.013,9.98,-0.0,16.033
2023-03-07T07:00:00,7,1,3,0,17.73,59.81,180.53,26.41,20.823,8.713,9.83,-0.0,12.11
2023-03-07T08:00:00,8,1,3,0,19.84,55.4,457.01,3.88,21.668,22.249,10.53,0.581,0.0
2023-03-07T09:00:00,9,1,3,0,18.8,53.5,660.14,2.87,19.864,31.631,21.61,11.767,0.0
2023-03-07T10:00:00,10,1,3,0,23.08,52.81,808.76,6.78,18.853,38.882,39.63,20.0,0.0
2023-03-07T11:00:00,11,1,3,0,24.19,51.59,946.78,0.0,13.935,45.488,58.0,20.0,0.0
2023-03-07T12:00:00,12,1,3,0,25.86,46.63,986.21,0.0,14.022,46.276,76.53,20.0,0.0
2023-03-07T13:00:00,13,1,3,0,26.98,51.14,958.01,0.0,13.076,45.336,94.86,20.0,0.0
2023-03-07T14:00:00,14,1,3,0,25.41,57.01,791.99,7.09,13.045,36.091,100.0,5.478,0.0
2023-03-07T15:00:00,15,1,3,0,25.52,55.02,573.82,19.52,13.752,26.924,99.95,0.0,0.0
2023-03-07T16:00:00,16,1,3,0,26.91,56.57,397.64,13.9,15.846,18.913,100.0,0.0,0.0
2023-03-07T17:00:00,17,1,3,0,28.12,62.37,198.86,10.19,19.724,9.834,90.35,-9.89,0.0
2023-03-07T18:00:00,18,1,3,0,22.63,71.73,0.94,45.3,22.597,0.008,69.97,-20.0,2.589
2023-03-07T19:00:00,19,1,3,0,23.96,59.24,0.0,30.42,25.82,0.024,50.27,-20.0,5.796
2023-03-07T20:00:00,20,1,3,0,24.6,67.6,0.0,56.91,25.777,0.0,30.25,-20.0,5.777
2023-03-07T21:00:00,21,1,3,0,20.51,64.64,0.0,57.02,20.412,0.02,9.92,-20.0,0.392
2023-03-07T22:00:00,22,1,3,0,20.78,59.54,2.03,34.7,19.618,0.0,10.21,-0.11,19.508
2023-03-07T23:00:00,23,1,3,0,16.09,64.47,0.36,71.32,15.749,0.008,9.82,-0.0,15.741
2023-03-08T00:00:00,0,2,3,0,16.35,68.79,2.37,60.96,10.149,0.007,9.78,-0.0,10.142
2023-03-08T01:00:00,1,2,3,0,13.1,72.26,0.0,38.97,11.2,0.047,9.87,-0.0,11.153
2023-03-08T02:00:00,2,2,3,0,11.37,59.36,0.0,25.26,10.2,0.0,9.88,-0.0,10.2
2023-03-08T03:00:00,3,2,3,0,15.67,66.76,0.0,57.4,10.02,0.0,9.95,-0.0,10.02
2023-03-08T04:00:00,4,2,3,0,14.51,67.85,0.0,62.09,11.224,0.0,9.83,-0.0,11.224
2023-03-08T05:00:00,5,2,3,0,15.04,70.95,0.0,65.22,11.528,0.0,10.09,-0.0,11.528
2023-03-08T06:00:00,6,2,3,0,14.39,68.83,0.0,48.22,14.389,0.008,9.98,-0.0,14.381
2023-03-08T07:00:00,7,2,3,0,15.19,66.01,168.77,23.16,19.121,8.013,10.03,-0.0,11.108
2023-03-08T08:00:00,8,2,3,0,18.42,70.97,390.19,22.77,20.623,18.42,10.1,-0.0,2.203
2023-03-08T09:00:00,9,2,3,0,19.97,56.99,534.91,27.51,23.066,24.785,11.81,1.719,0.0
2023-03-08T10:00:00,10,2,3,0,23.04,53.03,749.61,14.21,17.267,35.893,28.65,18.626,0.0
2023-03-08T11:00:00,11,2,3,0,24.91,56.36,949.28,4.18,15.269,45.838,47.03,20.0,0.0
2023-03-08T12:00:00,12,2,3,0,25.06,62.03,962.66,2.34,13.336,42.517,65.64,20.0,0.0
2023-03-08T13:00:00,13,2,3,0,27.08,49.36,791.52,22.47,12.926,36.405,84.11,20.0,0.0
2023-03-08T14:00:00,14,2,3,0,30.03,54.6,801.76,8.38,13.505,36.817,100.0,17.481,0.0
2023-03-08T15:00:00,15,2,3,0,27.11,55.76,560.3,23.17,14.518,27.681,100.0,0.0,0.0
2023-03-08T16:00:00,16,2,3,0,26.45,57.93,452.52,0.0,16.273,21.176,99.97,0.0,0.0
2023-03-08T17:00:00,17,2,3,0,27.89,56.0,200.29,0.0,20.577,8.906,88.24,-11.671,0.0
2023-03-08T18:00:00,18,2,3,0,27.0,58.77,0.0,34.54,22.626,0.0,68.27,-20.0,2.626
2023-03-08T19:00:00,19,2,3,0,22.66,58.17,0.0,0.0,25.002,0.007,48.32,-20.0,4.995
2023-03-08T20:00:00,20,2,3,0,21.85,52.89,0.03,0.0,25.704,0.001,28.43,-20.0,5.703
2023-03-08T21:00:00,21,2,3,0,23.79,61.21,0.0,14.0,22.77,0.018,10.13,-18.329,4.423
2023-03-08T22:00:00,22,2,3,0,20.19,64.03,0.48,0.0,20.401,0.012,9.86,-0.0,20.389
2023-03-08T23:00:00,23,2,3,0,18.13,63.11,0.0,29.2,18.05,0.017,10.01,-0.0,18.033
2023-03-09T00:00:00,0,3,3,0,17.34,61.08,0.0,29.71,11.808,0.01,9.89,-0.0,11.798
2023-03-09T01:00:00,1,3,3,0,15.29,63.87,1.39,32.04,9.773,0.023,9.96,-0.0,9.75
2023-03-09T02:00:00,2,3,3,0,15.72,63.5,0.0,0.0,9.86,0.0,10.02,-0.0,9.86
2023-03-09T03:00:00,3,3,3,0,14.22,61.57,1.27,9.37,9.98,0.0,10.14,-0.0,9.98
2023-03-09T04:00:00,4,3,3,0,14.4,54.91,0.0,4.2,8.866,0.0,9.98,-0.0,8.866
2023-03-09T05:00:00,5,3,3,0,15.59,69.85,0.28,36.42,11.846,0.002,10.07,-0.0,11.844
2023-03-09T06:00:00,6,3,3,0,17.04,60.59,0.79,44.5,13.721,0.0,9.84,-0.0,13.721
2023-03-09T07:00:00,7,3,3,0,19.18,63.48,155.54,24.75,19.514,6.926,9.83,-0.0,12.588
2023-03-09T08:00:00,8,3,3,0,23.67,45.85,448.68,0.0,19.802,21.922,11.91,2.12,0.0
2023-03-09T09:00:00,9,3,3,0,18.63,63.92,487.84,36.18,19.629,22.899,15.46,3.27,0.0
2023-03-09T10:00:00,10,3,3,0,23.98,55.84,807.7,7.8,17.161,37.326,33.24,20.0,0.0
2023-03-09T11:00:00,11,3,3,0,23.01,47.98,844.2,15.15,13.777,39.254,51.78,20.0,0.0
2023-03-09T12:00:00,12,3,3,0,25.99,55.9,984.25,2.23,14.281,49.612,70.22,20.0,0.0
2023-03-09T13:00:00,13,3,3,0,26.83,50.25,817.73,15.43,12.821,40.735,88.56,20.0,0.0
2023-03-09T14:00:00,14,3,3,0,29.67,52.96,822.62,4.39,16.724,37.268,99.91,12.436,0.0
2023-03-09T15:00:00,15,3,3,0,30.4,54.32,473.25,32.69,17.628,20.878,100.0,0.0,0.0
2023-03-09T16:00:00,16,3,3,0,27.73,49.59,382.93,26.97,17.765,18.752,99.86,0.0,0.0
2023-03-09T17:00:00,17,3,3,0,28.19,53.04,167.03,37.11,19.614,8.485,88.93,-11.129,0.0
2023-03-09T18:00:00,18,3,3,0,22.15,54.64,0.0,23.05,23.256,0.011,68.78,-20.0,3.245
2023-03-09T19:00:00,19,3,3,0,26.78,63.03,0.0,31.01,25.24,0.0,49.02,-20.0,5.24
2023-03-09T20:00:00,20,3,3,0,23.67,63.75,0.0,29.26,26.025,0.0,28.6,-20.0,6.025
2023-03-09T21:00:00,21,3,3,0,23.22,73.2,0.0,45.3,24.685,0.0,9.98,-18.871,5.814
2023-03-09T22:00:00,22,3,3,0,18.61,59.84,0.86,29.54,18.272,0.011,9.83,-0.0,18.261
2023-03-09T23:00:00,23,3,3,0,17.0,58.09,0.0,13.04,16.959,0.0,10.12,-0.0,16.959
2023-03-10T00:00:00,0,4,3,0,17.53,59.23,1.73,0.0,9.973,0.024,10.13,-0.0,9.949
2023-03-10T01:00:00,1,4,3,0,15.66,61.1,2.62,21.95,10.398,0.034,9.61,-0.0,10.364
2023-03-10T02:00:00,2,4,3,0,16.02,56.48,0.0,0.0,9.962,0.031,9.81,-0.0,9.931
2023-03-10T03:00:00,3,4,3,0,16.32,64.31,1.78,32.05,10.109,0.036,10.14,-0.0,10.073
2023-03-10T04:00:00,4,4,3,0,13.32,69.9,0.0,36.7,11.107,0.021,9.98,-0.0,11.086
2023-03-10T05:00:00,5,4,3,0,17.49,49.89,0.57,12.47,13.62,0.012,10.09,-0.0,13.608
2023-03-10T06:00:00,6,4,3,0,17.11,60.13,0.0,28.0,13.842,0.0,10.0,-0.0,13.842
2023-03-10T07:00:00,7,4,3,0,18.54,58.11,149.31,47.49,20.024,7.266,10.02,-0.0,12.758
2023-03-10T08:00:00,8,4,3,0,17.28,62.15,371.85,28.14,23.018,17.202,10.15,-0.0,5.816
2023-03-10T09:00:00,9,4,3,0,21.78,63.08,516.67,31.28,19.589,25.388,15.16,5.799,0.0
2023-03-10T10:00:00,10,4,3,0,20.07,68.98,570.65,41.55,16.795,27.164,24.81,10.369,0.0
2023-03-10T11:00:00,11,4,3,0,25.03,56.82,712.8,30.35,15.436,34.044,41.84,18.608,0.0
2023-03-10T12:00:00,12,4,3,0,24.11,55.47,992.86,0.0,14.176,47.603,60.43,20.0,0.0
2023-03-10T13:00:00,13,4,3,0,27.17,45.46,913.38,4.12,13.878,40.813,78.6,20.0,0.0
2023-03-10T14:00:00,14,4,3,0,28.44,49.63,794.38,9.17,16.098,39.172,97.33,20.0,0.0
2023-03-10T15:00:00,15,4,3,0,29.75,56.3,577.17,22.83,18.524,27.257,99.92,3.05,0.0
2023-03-10T16:00:00,16,4,3,0,28.22,47.6,420.31,11.43,16.337,20.747,100.0,0.0,0.0
2023-03-10T17:00:00,17,4,3,0,26.54,59.79,232.97,0.0,21.992,11.549,89.45,-10.443,0.0
2023-03-10T18:00:00,18,4,3,0,25.33,56.89,1.83,0.0,22.591,0.0,69.68,-20.0,2.591
2023-03-10T19:00:00,19,4,3,0,26.63,49.85,0.52,5.46,26.366,0.019,49.74,-20.0,6.347
2023-03-10T20:00:00,20,4,3,0,24.41,48.78,0.0,9.46,24.383,0.0,29.67,-20.0,4.383
2023-03-10T21:00:00,21,4,3,0,21.76,52.64,0.0,0.0,22.011,0.026,9.87,-19.557,2.428
2023-03-10T22:00:00,22,4,3,0,19.61,53.93,0.0,6.75,19.09,0.0,10.22,-0.0,19.09
2023-03-10T23:00:00,23,4,3,0,15.55,57.92,0.0,29.06,17.488,0.0,10.1,-0.0,17.488
2023-03-11T00:00:00,0,5,3,1,16.95,54.43,1.83,17.25,12.921,0.016,9.9,-0.0,12.905
2023-03-11T01:00:00,1,5,3,1,13.82,61.32,1.62,12.49,10.087,0.006,10.04,-0.0,10.081
2023-03-11T02:00:00,2,5,3,1,15.43,66.43,0.0,20.39,9.664,0.0,10.23,-0.0,9.664
2023-03-11T03:00:00,3,5,3,1,16.46,59.94,0.0,29.02,8.808,0.0,9.87,-0.0,8.808
2023-03-11T04:00:00,4,5,3,1,19.02,62.17,1.43,14.69,11.24,0.0,9.86,-0.0,11.24
2023-03-11T05:00:00,5,5,3,1,14.52,63.58,0.64,33.36,11.901,0.0,9.98,-0.0,11.901
2023-03-11T06:00:00,6,5,3,1,16.61,64.64,0.0,16.78,13.24,0.029,9.79,-0.0,13.211
2023-03-11T07:00:00,7,5,3,1,21.5,52.77,212.74,2.2,14.83,10.594,10.02,-0.0,4.236
2023-03-11T08:00:00,8,5,3,1,21.21,59.27,423.86,8.84,15.445,20.412,14.68,4.967,0.0
2023-03-11T09:00:00,9,5,3,1,20.49,58.94,631.77,9.36,17.798,32.389,28.02,14.591,0.0
2023-03-11T10:00:00,10,5,3,1,23.49,66.02,695.21,26.2,20.094,34.828,41.44,14.734,0.0
2023-03-11T11:00:00,11,5,3,1,25.21,57.84,930.26,4.74,19.495,48.965,60.08,20.0,0.0
2023-03-11T12:00:00,12,5,3,1,27.17,57.77,817.24,21.58,17.37,39.151,78.32,20.0,0.0
2023-03-11T13:00:00,13,5,3,1,27.22,49.5,769.32,24.15,17.663,33.506,92.81,15.843,0.0
2023-03-11T14:00:00,14,5,3,1,28.58,55.02,624.59,34.45,16.913,29.625,100.0,7.691,0.0
2023-03-11T15:00:00,15,5,3,1,26.32,52.9,569.99,21.18,17.741,26.853,100.0,0.0,0.0
2023-03-11T16:00:00,16,5,3,1,28.86,48.21,473.7,0.0,16.088,22.522,99.91,0.0,0.0
2023-03-11T17:00:00,17,5,3,1,27.78,55.06,199.18,13.77,17.588,10.044,92.7,-7.544,0.0
2023-03-11T18:00:00,18,5,3,1,25.29,56.34,4.32,5.65,18.01,0.0,74.46,-18.01,0.0
2023-03-11T19:00:00,19,5,3,1,22.71,57.11,0.02,0.0,18.453,0.0,56.01,-18.453,0.0
2023-03-11T20:00:00,20,5,3,1,24.46,61.05,2.55,0.0,19.882,0.015,36.14,-19.867,0.0
2023-03-11T21:00:00,21,5,3,1,22.06,61.37,0.26,19.2,18.944,0.0,17.1,-18.944,0.0
2023-03-11T22:00:00,22,5,3,1,18.79,54.21,0.0,16.55,18.89,0.0,9.81,-7.182,11.708
2023-03-11T23:00:00,23,5,3,1,18.05,59.54,0.29,1.74,16.19,0.024,10.29,-0.0,16.166
2023-03-12T00:00:00,0,6,3,1,15.9,64.5,0.0,14.14,11.391,0.015,9.82,-0.0,11.376
2023-03-12T01:00:00,1,6,3,1,16.03,67.3,0.0,10.7,11.668,0.004,10.19,-0.0,11.664
2023-03-12T02:00:00,2,6,3,1,14.3,61.59,0.0,13.51,11.406,0.0,10.26,-0.0,11.406
2023-03-12T03:00:00,3,6,3,1,16.59,63.25,0.0,32.68,11.381,0.005,9.89,-0.0,11.376
2023-03-12T04:00:00,4,6,3,1,14.63,71.44,0.37,39.27,10.686,0.012,10.09,-0.0,10.674
2023-03-12T05:00:00,5,6,3,1,17.72,64.46,0.44,34.07,12.667,0.005,10.1,-0.0,12.662
2023-03-12T06:00:00,6,6,3,1,16.74,55.78,0.0,31.87,11.624,0.024,10.1,-0.0,11.6
2023-03-12T07:00:00,7,6,3,1,18.85,51.63,202.48,19.05,15.779,8.793,9.91,-0.0,6.986
2023-03-12T08:00:00,8,6,3,1,20.63,72.64,315.68,43.86,16.905,15.325,9.94,-0.0,1.58
2023-03-12T09:00:00,9,6,3,1,23.75,51.3,505.12,31.53,17.125,24.252,16.68,7.127,0.0
2023-03-12T10:00:00,10,6,3,1,23.12,56.93,729.09,15.18,19.671,34.129,29.61,14.458,0.0
2023-03-12T11:00:00,11,6,3,1,22.94,61.73,854.31,11.51,19.212,38.41,47.22,19.198,0.0
2023-03-12T12:00:00,12,6,3,1,25.07,48.08,850.67,16.59,20.063,42.813,65.94,20.0,0.0
2023-03-12T13:00:00,13,6,3,1,26.96,55.64,553.93,51.17,17.178,25.855,73.88,8.677,0.0
2023-03-12T14:00:00,14,6,3,1,26.67,54.2,533.4,46.04,16.535,26.409,83.01,9.874,0.0
2023-03-12T15:00:00,15,6,3,1,28.91,63.77,583.83,16.44,17.877,27.464,91.7,9.587,0.0
2023-03-12T16:00:00,16,6,3,1,28.27,65.75,390.99,20.04,17.001,19.468,94.19,2.467,0.0
2023-03-12T17:00:00,17,6,3,1,30.98,51.14,177.01,24.33,17.444,8.463,85.22,-8.981,0.0
2023-03-12T18:00:00,18,6,3,1,24.99,61.07,0.0,24.77,20.446,0.0,65.12,-20.0,0.446
2023-03-12T19:00:00,19,6,3,1,26.32,57.92,0.0,17.71,21.236,0.0,44.9,-20.0,1.236
2023-03-12T20:00:00,20,6,3,1,22.58,57.63,0.93,21.68,19.865,0.011,25.4,-19.854,0.0
2023-03-12T21:00:00,21,6,3,1,21.24,49.26,0.3,5.85,18.433,0.0,9.74,-15.242,3.191
2023-03-12T22:00:00,22,6,3,1,21.16,69.23,0.0,7.55,17.342,0.019,9.81,-0.0,17.323
2023-03-12T23:00:00,23,6,3,1,16.1,50.27,2.11,0.0,17.153,0.027,10.11,-0.0,17.126
2023-03-13T00:00:00,0,0,3,0,19.39,58.6,0.7,0.0,13.536,0.001,9.83,-0.0,13.535
2023-03-13T01:00:00,1,0,3,0,19.38,54.9,0.0,3.96,13.86,0.008,9.89,-0.0,13.852
2023-03-13T02:00:00,2,0,3,0,15.86,69.49,0.0,33.17,9.798,0.0,10.02,-0.0,9.798
2023-03-13T03:00:00,3,0,3,0,16.36,70.83,0.0,49.34,9.467,0.0,10.14,-0.0,9.467
2023-03-13T04:00:00,4,0,3,0,17.38,55.3,0.0,10.39,10.279,0.026,10.09,-0.0,10.253
2023-03-13T05:00:00,5,0,3,0,16.41,57.67,1.76,16.27,12.727,0.0,10.2,-0.0,12.727
2023-03-13T06:00:00,6,0,3,0,17.17,57.9,0.41,45.95,14.541,0.017,9.93,-0.0,14.524
2023-03-13T07:00:00,7,0,3,0,16.43,67.68,119.58,50.26,17.667,5.432,9.87,-0.0,12.235
2023-03-13T08:00:00,8,0,3,0,22.11,64.17,358.96,30.46,20.875,17.305,9.81,-0.0,3.57
2023-03-13T09:00:00,9,0,3,0,22.38,56.1,576.64,16.14,20.439,28.309,17.26,7.87,0.0
2023-03-13T10:00:00,10,0,3,0,22.51,54.59,844.76,0.0,19.328,40.13,35.68,20.0,0.0
2023-03-13T11:00:00,11,0,3,0,25.63,63.64,935.28,0.0,14.117,45.601,54.41,20.0,0.0
2023-03-13T12:00:00,12,0,3,0,25.55,58.83,966.01,0.0,15.585,47.551,72.53,20.0,0.0
2023-03-13T13:00:00,13,0,3,0,28.15,60.43,872.59,6.51,14.088,40.302,90.58,20.0,0.0
2023-03-13T14:00:00,14,0,3,0,29.17,40.94,837.9,0.0,14.653,41.277,100.0,9.956,0.0
2023-03-13T15:00:00,15,0,3,0,27.62,58.4,569.98,17.69,13.24,27.015,99.87,0.0,0.0
2023-03-13T16:00:00,16,0,3,0,30.16,54.78,403.23,12.7,18.193,20.22,99.8,0.0,0.0
2023-03-13T17:00:00,17,0,3,0,26.34,47.45,226.23,0.0,19.751,11.296,91.7,-8.455,0.0
2023-03-13T18:00:00,18,0,3,0,26.05,48.65,0.0,0.0,25.477,0.0,71.67,-20.0,5.477
2023-03-13T19:00:00,19,0,3,0,27.73,51.88,1.95,0.2,25.25,0.0,51.71,-20.0,5.25
2023-03-13T20:00:00,20,0,3,0,25.04,51.09,0.0,22.48,27.243,0.02,31.45,-20.0,7.223
2023-03-13T21:00:00,21,0,3,0,23.37,51.4,0.0,0.28,22.647,0.014,11.88,-20.0,2.633
2023-03-13T22:00:00,22,0,3,0,19.53,58.36,2.96,21.41,19.072,0.0,10.14,-1.545,17.527
2023-03-13T23:00:00,23,0,3,0,19.0,60.92,0.0,2.02,14.725,0.0,9.86,-0.0,14.725
2023-03-14T00:00:00,0,1,3,0,18.81,56.01,0.0,11.23,13.22,0.0,10.33,-0.0,13.22
2023-03-14T01:00:00,1,1,3,0,16.83,60.08,0.0,22.51,11.102,0.005,10.09,-0.0,11.097
2023-03-14T02:00:00,2,1,3,0,16.43,64.33,0.48,0.29,10.124,0.0,10.0,-0.0,10.124
2023-03-14T03:00:00,3,1,3,0,16.1,57.44,0.0,46.14,9.539,0.035,9.92,-0.0,9.504
2023-03-14T04:00:00,4,1,3,0,15.48,64.68,0.0,25.72,10.72,0.0,9.52,-0.0,10.72
2023-03-14T05:00:00,5,1,3,0,15.02,67.0,0.05,34.11,11.496,0.0,10.11,-0.0,11.496
2023-03-14T06:00:00,6,1,3,0,17.64,64.25,0.0,24.48,15.976,0.0,9.91,-0.0,15.976
2023-03-14T07:00:00,7,1,3,0,20.31,57.95,195.33,22.83,18.116,9.671,9.96,-0.0,8.445
2023-03-14T08:00:00,8,1,3,0,18.99,59.85,270.57,49.44,20.984,12.956,9.99,-0.0,8.028
2023-03-14T09:00:00,9,1,3,0,22.28,66.83,559.08,21.9,20.645,27.754,16.41,7.109,0.0
2023-03-14T10:00:00,10,1,3,0,24.29,56.85,547.01,41.95,18.991,25.409,22.52,6.418,0.0
2023-03-14T11:00:00,11,1,3,0,25.09,55.43,602.06,44.08,15.535,29.194,34.88,13.659,0.0
2023-03-14T12:00:00,12,1,3,0,26.96,58.48,703.16,33.37,15.769,32.925,50.55,17.156,0.0
2023-03-14T13:00:00,13,1,3,0,30.04,50.67,799.43,17.89,15.226,39.891,69.2,20.0,0.0
2023-03-14T14:00:00,14,1,3,0,29.23,60.34,715.69,19.74,13.926,34.207,87.51,20.0,0.0
2023-03-14T15:00:00,15,1,3,0,27.27,52.64,649.0,5.08,17.237,29.793,98.85,12.556,0.0
2023-03-14T16:00:00,16,1,3,0,30.1,60.55,388.25,20.0,17.601,18.853,99.82,0.928,0.0
2023-03-14T17:00:00,17,1,3,0,27.6,57.93,193.15,17.77,20.49,9.571,89.11,-10.919,0.0
2023-03-14T18:00:00,18,1,3,0,26.56,52.55,0.0,5.95,22.3,0.0,69.1,-20.0,2.3
2023-03-14T19:00:00,19,1,3,0,26.82,59.76,0.0,4.94,26.107,0.0,49.29,-20.0,6.107
2023-03-14T20:00:00,20,1,3,0,24.29,57.4,0.0,38.74,25.913,0.0,29.26,-20.0,5.913
2023-03-14T21:00:00,21,1,3,0,24.19,53.32,0.0,0.16,22.982,0.0,10.07,-19.081,3.901
2023-03-14T22:00:00,22,1,3,0,19.65,60.04,0.0,0.0,21.68,0.0,9.89,-0.0,21.68
2023-03-14T23:00:00,23,1,3,0,18.81,61.19,0.0,14.66,17.045,0.005,9.92,-0.0,17.04
2023-03-15T00:00:00,0,2,3,0,17.66,56.8,1.45,11.23,11.548,0.0,10.07,-0.0,11.548
2023-03-15T01:00:00,1,2,3,0,16.08,56.86,0.0,34.58,12.682,0.0,10.15,-0.0,12.682
2023-03-15T02:00:00,2,2,3,0,17.22,62.45,0.0,25.41,8.137,0.012,10.08,-0.0,8.125
2023-03-15T03:00:00,3,2,3,0,16.16,58.88,0.0,21.37,8.254,0.0,9.93,-0.0,8.254
2023-03-15T04:00:00,4,2,3,0,18.84,60.45,0.0,16.42,11.429,0.008,10.03,-0.0,11.421
2023-03-15T05:00:00,5,2,3,0,20.32,58.42,0.0,23.33,12.527,0.0,9.96,-0.0,12.527
2023-03-15T06:00:00,6,2,3,0,16.33,61.43,0.0,38.68,14.88,0.0,9.68,-0.0,14.88
2023-03-15T07:00:00,7,2,3,0,20.22,57.26,203.73,10.17,19.598,9.205,9.97,-0.0,10.393
2023-03-15T08:00:00,8,2,3,0,19.72,56.99,473.77,0.0,22.305,23.371,10.92,1.066,0.0
2023-03-15T09:00:00,9,2,3,0,22.52,59.29,691.43,0.0,18.936,32.016,23.13,13.08,0.0
2023-03-15T10:00:00,10,2,3,0,23.91,57.17,805.48,0.0,17.346,42.082,41.25,20.0,0.0
2023-03-15T11:00:00,11,2,3,0,24.2,66.71,868.12,8.97,15.346,40.047,59.67,20.0,0.0
2023-03-15T12:00:00,12,2,3,0,26.31,57.27,844.52,18.93,14.679,41.753,78.37,20.0,0.0
2023-03-15T13:00:00,13,2,3,0,28.63,49.09,940.32,0.0,15.173,46.466,96.48,20.0,0.0
2023-03-15T14:00:00,14,2,3,0,27.28,52.55,832.3,1.23,12.113,37.73,99.9,3.68,0.0
2023-03-15T15:00:00,15,2,3,0,29.73,54.69,656.96,0.0,16.489,30.451,100.0,0.0,0.0
2023-03-15T16:00:00,16,2,3,0,27.99,60.23,419.01,16.03,14.474,19.712,100.0,0.0,0.0
2023-03-15T17:00:00,17,2,3,0,31.64,60.37,207.18,19.11,21.41,10.86,89.66,-10.55,0.0
2023-03-15T18:00:00,18,2,3,0,27.43,49.21,0.0,7.88,21.822,0.01,69.4,-20.0,1.812
2023-03-15T19:00:00,19,2,3,0,26.0,61.94,0.0,10.92,25.75,0.006,49.41,-20.0,5.744
2023-03-15T20:00:00,20,2,3,0,23.72,54.93,0.0,0.0,26.266,0.0,29.43,-20.0,6.266
2023-03-15T21:00:00,21,2,3,0,24.01,53.68,0.4,22.15,23.045,0.005,9.91,-19.45,3.59
2023-03-15T22:00:00,22,2,3,0,22.7,56.08,0.88,9.24,18.73,0.0,10.07,-0.0,18.73
2023-03-15T23:00:00,23,2,3,0,20.71,62.86,1.0,0.0,15.126,0.028,9.95,-0.0,15.098
2023-03-16T00:00:00,0,3,3,0,16.3,62.75,1.81,8.2,11.915,0.017,9.82,-0.0,11.898
2023-03-16T01:00:00,1,3,3,0,17.66,55.68,0.16,21.67,10.503,0.0,9.73,-0.0,10.503
2023-03-16T02:00:00,2,3,3,0,15.16,56.52,0.0,17.84,10.5,0.028,9.98,-0.0,10.472
2023-03-16T03:00:00,3,3,3,0,18.16,54.47,0.0,16.12,9.385,0.004,10.09,-0.0,9.381
2023-03-16T04:00:00,4,3,3,0,17.99,55.81,0.0,7.74,12.004,0.0,9.9,-0.0,12.004
2023-03-16T05:00:00,5,3,3,0,16.94,61.63,1.27,15.72,12.329,0.023,9.8,-0.0,12.306
2023-03-16T06:00:00,6,3,3,0,15.28,54.17,2.06,0.0,16.492,0.033,10.23,-0.0,16.459
2023-03-16T07:00:00,7,3,3,0,18.83,59.3,182.92,23.95,18.617,8.971,9.95,-0.0,9.646
2023-03-16T08:00:00,8,3,3,0,22.2,65.32,417.79,15.49,21.94,19.724,10.13,-0.0,2.216
2023-03-16T09:00:00,9,3,3,0,24.17,64.58,610.98,10.57,20.784,29.613,18.28,8.829,0.0
2023-03-16T10:00:00,10,3,3,0,26.74,63.96,722.99,18.08,16.693,32.237,32.65,15.544,0.0
2023-03-16T11:00:00,11,3,3,0,24.64,45.67,940.95,0.0,13.657,45.604,50.81,20.0,0.0
2023-03-16T12:00:00,12,3,3,0,27.56,61.41,946.76,0.0,15.737,45.283,69.01,20.0,0.0
2023-03-16T13:00:00,13,3,3,0,29.4,52.49,924.8,0.0,14.426,43.259,87.34,20.0,0.0
2023-03-16T14:00:00,14,3,3,0,26.74,53.88,831.64,0.0,13.567,38.412,99.96,13.453,0.0
2023-03-16T15:00:00,15,3,3,0,29.86,57.49,649.32,3.79,15.64,31.809,100.0,0.0,0.0
2023-03-16T16:00:00,16,3,3,0,29.87,55.29,480.66,0.0,16.561,22.031,100.0,0.0,0.0
2023-03-16T17:00:00,17,3,3,0,28.73,43.06,224.64,0.0,20.543,10.96,90.62,-9.583,0.0
2023-03-16T18:00:00,18,3,3,0,25.12,51.32,0.0,0.0,22.973,0.0,70.27,-20.0,2.973
2023-03-16T19:00:00,19,3,3,0,25.46,53.67,1.74,8.68,25.591,0.007,50.63,-20.0,5.584
2023-03-16T20:00:00,20,3,3,0,24.81,47.9,1.64,0.0,26.786,0.0,30.52,-20.0,6.786
2023-03-16T21:00:00,21,3,3,0,22.63,61.6,0.46,5.72,23.092,0.012,10.44,-20.0,3.08
2023-03-16T22:00:00,22,3,3,0,20.78,64.19,0.79,1.5,21.181,0.016,10.14,-0.417,20.748
2023-03-16T23:00:00,23,3,3,0,18.5,57.97,1.42,0.0,16.552,0.02,9.91,-0.0,16.532
2023-03-17T00:00:00,0,4,3,0,18.4,59.57,0.0,0.0,10.299,0.0,10.07,-0.0,10.299
2023-03-17T01:00:00,1,4,3,0,18.79,57.81,0.37,0.0,9.975,0.0,9.87,-0.0,9.975
2023-03-17T02:00:00,2,4,3,0,16.31,61.48,0.83,11.65,9.33,0.019,9.91,-0.0,9.311
2023-03-17T03:00:00,3,4,3,0,16.71,65.26,0.0,4.42,9.982,0.0,9.86,-0.0,9.982
2023-03-17T04:00:00,4,4,3,0,16.01,51.06,2.87,3.29,12.136,0.007,9.87,-0.0,12.129
2023-03-17T05:00:00,5,4,3,0,14.93,67.09,1.64,31.16,12.485,0.0,9.74,-0.0,12.485
2023-03-17T06:00:00,6,4,3,0,19.28,59.66,1.65,13.32,15.23,0.014,10.34,-0.0,15.216
2023-03-17T07:00:00,7,4,3,0,20.96,53.11,241.22,0.0,18.833,11.411,9.82,-0.0,7.422
2023-03-17T08:00:00,8,4,3,0,21.12,61.62,270.9,50.37,21.732,12.777,10.16,-0.0,8.955
2023-03-17T09:00:00,9,4,3,0,24.92,67.57,543.6,26.11,20.555,25.324,14.13,4.769,0.0
2023-03-17T10:00:00,10,4,3,0,23.01,54.67,564.3,38.42,18.32,26.65,21.96,8.33,0.0
2023-03-17T11:00:00,11,4,3,0,23.66,59.55,644.82,34.72,14.53,29.839,36.08,15.309,0.0
2023-03-17T12:00:00,12,4,3,0,28.1,62.55,904.64,11.04,16.873,43.979,54.75,20.0,0.0
2023-03-17T13:00:00,13,4,3,0,29.03,46.61,883.93,4.84,14.305,41.089,72.99,20.0,0.0
2023-03-17T14:00:00,14,4,3,0,29.1,56.68,533.76,45.09,14.184,24.244,82.03,10.06,0.0
2023-03-17T15:00:00,15,4,3,0,29.01,58.53,439.59,40.46,16.817,20.614,85.65,3.797,0.0
2023-03-17T16:00:00,16,4,3,0,31.12,56.57,381.84,22.81,19.282,17.006,83.59,-2.276,0.0
2023-03-17T17:00:00,17,4,3,0,30.44,58.17,150.12,47.44,20.082,6.838,70.32,-13.244,0.0
2023-03-17T18:00:00,18,4,3,0,28.48,50.54,0.61,16.54,23.992,0.001,50.06,-20.0,3.991
2023-03-17T19:00:00,19,4,3,0,26.3,58.33,0.0,15.76,25.065,0.012,29.94,-20.0,5.053
2023-03-17T20:00:00,20,4,3,0,22.57,55.28,0.0,0.0,25.995,0.008,10.07,-20.0,5.987
2023-03-17T21:00:00,21,4,3,0,24.72,57.74,0.0,0.0,23.241,0.0,10.1,-0.164,23.077
2023-03-17T22:00:00,22,4,3,0,22.97,60.31,1.05,0.82,22.249,0.042,9.74,-0.0,22.207
2023-03-17T23:00:00,23,4,3,0,21.69,48.84,0.81,0.0,18.103,0.0,9.97,-0.0,18.103
2023-03-18T00:00:00,0,5,3,1,18.5,64.64,2.57,9.66,13.866,0.05,9.82,-0.0,13.816
2023-03-18T01:00:00,1,5,3,1,19.16,56.45,0.0,0.44,12.738,0.0,9.93,-0.0,12.738
2023-03-18T02:00:00,2,5,3,1,18.0,66.18,0.0,24.98,9.752,0.001,10.08,-0.0,9.751
2023-03-18T03:00:00,3,5,3,1,18.59,61.53,0.01,7.24,10.913,0.0,9.99,-0.0,10.913
2023-03-18T04:00:00,4,5,3,1,16.0,73.17,0.0,29.96,10.409,0.032,10.1,-0.0,10.377
2023-03-18T05:00:00,5,5,3,1,17.69,63.53,2.25,33.5,11.683,0.0,10.18,-0.0,11.683
2023-03-18T06:00:00,6,5,3,1,19.07,60.35,0.0,31.03,13.194,0.0,10.56,-0.0,13.194
2023-03-18T07:00:00,7,5,3,1,20.65,55.97,221.24,11.31,12.815,10.869,10.14,-0.0,1.946
2023-03-18T08:00:00,8,5,3,1,21.09,58.59,288.12,47.85,15.967,13.192,10.09,-0.0,2.775
2023-03-18T09:00:00,9,5,3,1,24.41,64.44,465.01,37.49,17.753,22.39,14.17,4.637,0.0
2023-03-18T10:00:00,10,5,3,1,25.67,51.39,702.91,18.82,19.536,34.784,28.43,15.248,0.0
2023-03-18T11:00:00,11,5,3,1,26.55,65.55,545.78,53.04,18.008,24.65,34.64,6.642,0.0
2023-03-18T12:00:00,12,5,3,1,28.61,59.33,543.54,53.19,18.124,27.232,42.68,9.108,0.0
2023-03-18T13:00:00,13,5,3,1,28.79,49.28,651.18,38.25,17.524,30.935,55.04,13.411,0.0
2023-03-18T14:00:00,14,5,3,1,32.0,63.05,611.13,33.38,19.136,29.088,64.18,9.952,0.0
2023-03-18T15:00:00,15,5,3,1,29.21,40.74,494.65,36.53,16.197,23.062,70.4,6.865,0.0
2023-03-18T16:00:00,16,5,3,1,29.64,57.78,310.02,41.93,19.14,14.628,66.08,-4.512,0.0
2023-03-18T17:00:00,17,5,3,1,28.66,59.37,180.21,38.38,18.605,8.257,55.53,-10.348,0.0
2023-03-18T18:00:00,18,5,3,1,29.43,42.21,0.38,11.49,22.162,0.001,35.72,-20.0,2.161
2023-03-18T19:00:00,19,5,3,1,24.7,63.1,1.22,41.84,18.725,0.029,17.09,-18.696,0.0
2023-03-18T20:00:00,20,5,3,1,23.51,55.42,0.0,23.31,20.601,0.025,10.04,-7.038,13.538
2023-03-18T21:00:00,21,5,3,1,21.36,57.61,0.42,16.02,17.854,0.0,9.93,-0.0,17.854
2023-03-18T22:00:00,22,5,3,1,22.43,62.95,0.0,2.43,19.689,0.0,9.77,-0.0,19.689
2023-03-18T23:00:00,23,5,3,1,19.57,60.22,1.46,13.84,16.491,0.01,10.18,-0.0,16.481
2023-03-19T00:00:00,0,6,3,1,18.94,56.03,0.01,0.0,12.6,0.0,9.73,-0.0,12.6
2023-03-19T01:00:00,1,6,3,1,18.99,61.05,0.0,27.63,13.299,0.002,10.02,-0.0,13.297
2023-03-19T02:00:00,2,6,3,1,16.58,68.21,0.0,1.67,12.467,0.0,10.22,-0.0,12.467
2023-03-19T03:00:00,3,6,3,1,16.75,62.38,0.0,9.13,9.631,0.012,10.01,-0.0,9.619
2023-03-19T04:00:00,4,6,3,1,17.82,56.86,2.89,19.18,10.775,0.009,10.19,-0.0,10.766
2023-03-19T05:00:00,5,6,3,1,18.9,55.36,2.12,0.0,13.307,0.03,10.08,-0.0,13.277
2023-03-19T06:00:00,6,6,3,1,20.09,51.2,0.0,0.0,12.694,0.0,9.79,-0.0,12.694
2023-03-19T07:00:00,7,6,3,1,20.01,55.38,217.22,2.95,15.037,10.208,10.2,-0.0,4.829
2023-03-19T08:00:00,8,6,3,1,21.3,64.53,480.26,0.0,16.871,24.16,16.62,7.289,0.0
2023-03-19T09:00:00,9,6,3,1,24.71,57.44,535.89,24.4,19.163,24.08,21.17,4.917,0.0
2023-03-19T10:00:00,10,6,3,1,26.79,47.75,807.76,6.43,19.252,38.454,39.0,19.202,0.0
2023-03-19T11:00:00,11,6,3,1,25.4,58.31,825.95,12.84,18.602,37.246,55.91,18.644,0.0
2023-03-19T12:00:00,12,6,3,1,28.98,53.15,812.59,19.01,17.037,37.345,74.59,20.0,0.0
2023-03-19T13:00:00,13,6,3,1,27.98,55.92,888.69,2.02,18.806,41.42,92.91,20.0,0.0
2023-03-19T14:00:00,14,6,3,1,32.48,51.84,735.89,18.12,19.939,33.6,100.0,7.774,0.0
2023-03-19T15:00:00,15,6,3,1,32.12,60.35,575.49,17.27,20.992,28.031,100.0,0.0,0.0
2023-03-19T16:00:00,16,6,3,1,29.74,48.84,440.51,10.32,18.369,19.892,99.97,0.0,0.0
2023-03-19T17:00:00,17,6,3,1,30.47,49.77,187.73,27.66,18.124,8.334,90.15,-9.79,0.0
2023-03-19T18:00:00,18,6,3,1,28.63,60.47,0.0,22.18,17.364,0.0,72.74,-17.364,0.0
2023-03-19T19:00:00,19,6,3,1,27.88,49.37,0.0,43.49,19.12,0.0,53.69,-19.12,0.0
2023-03-19T20:00:00,20,6,3,1,24.42,57.78,0.32,25.85,20.053,0.0,33.59,-20.0,0.053
2023-03-19T21:00:00,21,6,3,1,24.65,66.06,0.0,49.46,19.304,0.017,14.39,-19.287,0.0
2023-03-19T22:00:00,22,6,3,1,23.51,44.3,0.0,0.0,16.684,0.0,9.81,-4.439,12.245
2023-03-19T23:00:00,23,6,3,1,19.11,58.88,0.0,5.76,13.662,0.025,9.85,-0.0,13.637
2023-03-20T00:00:00,0,0,3,0,18.55,51.54,0.65,6.8,10.903,0.0,10.21,-0.0,10.903
2023-03-20T01:00:00,1,0,3,0,18.44,55.62,0.0,45.23,8.268,0.024,9.8,-0.0,8.244
2023-03-20T02:00:00,2,0,3,0,16.41,58.29,3.75,29.6,9.05,0.051,9.79,-0.0,8.999
2023-03-20T03:00:00,3,0,3,0,14.81,59.14,2.26,0.0,10.124,0.021,9.89,-0.0,10.103
2023-03-20T04:00:00,4,0,3,0,18.23,56.26,3.72,10.78,12.052,0.012,10.2,-0.0,12.04
2023-03-20T05:00:00,5,0,3,0,21.67,61.82,0.91,0.0,9.585,0.022,9.86,-0.0,9.563
2023-03-20T06:00:00,6,0,3,0,21.74,56.65,2.34,0.0,14.353,0.0,9.95,-0.0,14.353
2023-03-20T07:00:00,7,0,3,0,19.4,60.49,167.8,36.06,19.601,7.913,10.04,-0.0,11.688
2023-03-20T08:00:00,8,0,3,0,23.44,50.12,419.96,9.08,20.636,20.308,10.08,-0.0,0.328
2023-03-20T09:00:00,9,0,3,0,26.54,56.17,637.57,9.64,20.277,30.906,19.76,10.629,0.0
2023-03-20T10:00:00,10,0,3,0,24.72,65.76,787.05,5.79,17.857,37.436,37.85,19.579,0.0
2023-03-20T11:00:00,11,0,3,0,27.52,51.37,830.95,12.15,14.851,40.164,56.34,20.0,0.0
2023-03-20T12:00:00,12,0,3,0,26.19,53.01,835.72,14.25,15.668,38.805,74.4,20.0,0.0
2023-03-20T13:00:00,13,0,3,0,30.73,50.01,724.3,26.73,18.291,32.846,87.88,14.555,0.0
2023-03-20T14:00:00,14,0,3,0,29.12,61.19,683.47,20.52,13.72,31.931,99.87,13.063,0.0
2023-03-20T15:00:00,15,0,3,0,30.51,60.94,487.86,32.54,17.347,20.966,99.94,0.0,0.0
2023-03-20T16:00:00,16,0,3,0,28.34,54.82,366.3,29.58,19.079,17.768,98.87,-1.311,0.0
2023-03-20T17:00:00,17,0,3,0,29.56,48.95,236.1,0.0,21.898,11.158,88.09,-10.74,0.0
2023-03-20T18:00:00,18,0,3,0,28.83,49.47,1.34,12.3,22.681,0.005,67.94,-20.0,2.676
2023-03-20T19:00:00,19,0,3,0,26.71,52.06,0.0,0.0,25.173,0.0,48.07,-20.0,5.173
2023-03-20T20:00:00,20,0,3,0,24.08,60.3,0.0,1.62,23.628,0.0,28.27,-20.0,3.628
2023-03-20T21:00:00,21,0,3,0,21.13,57.3,0.64,3.4,22.356,0.006,9.81,-17.949,4.401
2023-03-20T22:00:00,22,0,3,0,22.45,63.98,1.73,11.28,18.855,0.002,9.9,-0.0,18.853
2023-03-20T23:00:00,23,0,3,0,20.75,54.1,0.0,6.07,17.077,0.009,9.96,-0.0,17.068
2023-03-21T00:00:00,0,1,3,0,17.96,48.59,0.83,12.21,10.706,0.003,10.06,-0.0,10.703
2023-03-21T01:00:00,1,1,3,0,20.23,70.1,0.0,0.0,11.03,0.0,10.08,-0.0,11.03
2023-03-21T02:00:00,2,1,3,0,17.69,65.28,0.0,38.26,10.359,0.018,9.84,-0.0,10.341
2023-03-21T03:00:00,3,1,3,0,16.55,62.99,0.0,0.0,9.346,0.0,10.03,-0.0,9.346
2023-03-21T04:00:00,4,1,3,0,17.42,57.39,0.66,18.09,11.383,0.005,10.13,-0.0,11.378
2023-03-21T05:00:00,5,1,3,0,19.42,53.3,0.0,17.29,11.781,0.023,9.82,-0.0,11.758
2023-03-21T06:00:00,6,1,3,0,20.97,59.16,0.0,11.45,15.839,0.014,10.02,-0.0,15.825
2023-03-21T07:00:00,7,1,3,0,19.66,47.65,253.99,1.48,17.737,12.57,9.91,-0.0,5.167
2023-03-21T08:00:00,8,1,3,0,23.13,57.15,396.53,20.07,20.275,19.115,9.78,-0.0,1.16
2023-03-21T09:00:00,9,1,3,0,22.8,61.05,673.49,1.85,21.154,32.972,21.02,11.818,0.0
2023-03-21T10:00:00,10,1,3,0,25.63,56.35,815.85,0.0,15.604,39.884,39.34,20.0,0.0
2023-03-21T11:00:00,11,1,3,0,27.52,54.34,914.14,0.0,16.132,42.39,57.54,20.0,0.0
2023-03-21T12:00:00,12,1,3,0,29.21,62.14,890.39,8.53,14.648,42.884,76.21,20.0,0.0
2023-03-21T13:00:00,13,1,3,0,31.05,53.0,929.84,0.0,13.56,43.546,94.79,20.0,0.0
2023-03-21T14:00:00,14,1,3,0,29.22,47.46,609.34,32.39,14.46,28.347,100.0,6.008,0.0
2023-03-21T15:00:00,15,1,3,0,31.23,54.59,529.9,28.74,17.531,24.491,99.79,0.0,0.0
2023-03-21T16:00:00,16,1,3,0,30.66,67.9,306.04,46.25,20.574,14.08,93.46,-6.494,0.0
2023-03-21T17:00:00,17,1,3,0,26.49,60.13,145.96,53.67,21.5,6.896,78.61,-14.604,0.0
2023-03-21T18:00:00,18,1,3,0,30.32,67.48,0.0,44.25,23.235,0.0,58.88,-20.0,3.235
2023-03-21T19:00:00,19,1,3,0,22.61,65.18,0.43,28.63,26.413,0.0,38.84,-20.0,6.413
2023-03-21T20:00:00,20,1,3,0,25.23,52.28,1.0,0.0,25.041,0.0,19.02,-20.0,5.041
2023-03-21T21:00:00,21,1,3,0,25.85,53.01,0.0,29.54,22.31,0.042,9.91,-8.902,13.366
2023-03-21T22:00:00,22,1,3,0,22.69,66.57,1.6,60.96,20.555,0.0,10.13,-0.0,20.555
2023-03-21T23:00:00,23,1,3,0,19.11,67.12,2.24,20.55,16.823,0.0,9.88,-0.0,16.823
2023-03-22T00:00:00,0,2,3,0,18.34,54.76,0.0,30.27,12.21,0.003,9.98,-0.0,12.207
2023-03-22T01:00:00,1,2,3,0,21.24,64.02,1.46,46.01,9.106,0.009,9.79,-0.0,9.097
2023-03-22T02:00:00,2,2,3,0,15.77,57.29,0.0,53.1,9.067,0.0,9.84,-0.0,9.067
2023-03-22T03:00:00,3,2,3,0,19.87,65.64,0.0,67.13,8.868,0.015,10.12,-0.0,8.853
2023-03-22T04:00:00,4,2,3,0,17.92,56.23,0.0,41.09,11.025,0.008,10.16,-0.0,11.017
2023-03-22T05:00:00,5,2,3,0,17.71,69.89,0.0,57.48,13.083,0.0,9.9,-0.0,13.083
2023-03-22T06:00:00,6,2,3,0,18.46,67.41,14.93,85.41,17.39,0.705,10.08,-0.0,16.685
2023-03-22T07:00:00,7,2,3,0,19.74,75.02,91.58,79.26,18.131,4.357,10.12,-0.0,13.774
2023-03-22T08:00:00,8,2,3,0,23.38,60.66,283.55,53.47,23.067,13.634,9.84,-0.0,9.433
2023-03-22T09:00:00,9,2,3,0,25.19,61.95,290.47,71.78,19.812,13.35,10.07,-0.0,6.462
2023-03-22T10:00:00,10,2,3,0,24.61,50.58,643.09,26.65,17.529,30.735,22.15,13.206,0.0
2023-03-22T11:00:00,11,2,3,0,26.96,60.68,671.07,35.67,15.175,33.106,38.7,17.931,0.0
2023-03-22T12:00:00,12,2,3,0,28.38,56.58,886.87,10.17,14.83,41.885,57.03,20.0,0.0
2023-03-22T13:00:00,13,2,3,0,32.61,58.42,736.78,23.06,17.42,38.488,75.13,20.0,0.0
2023-03-22T14:00:00,14,2,3,0,29.05,55.5,835.96,0.0,15.997,39.603,93.87,20.0,0.0
2023-03-22T15:00:00,15,2,3,0,33.62,53.0,615.08,8.55,17.769,27.312,99.98,6.689,0.0
2023-03-22T16:00:00,16,2,3,0,31.04,59.24,320.34,34.23,18.343,14.731,96.34,-3.612,0.0
2023-03-22T17:00:00,17,2,3,0,28.72,58.13,217.87,14.94,18.842,9.605,86.9,-9.237,0.0
2023-03-22T18:00:00,18,2,3,0,28.63,62.01,6.8,33.47,24.075,0.334,67.3,-20.0,3.741
2023-03-22T19:00:00,19,2,3,0,27.67,49.84,0.0,29.98,25.827,0.0,47.16,-20.0,5.827
2023-03-22T20:00:00,20,2,3,0,24.25,53.36,2.97,5.37,24.679,0.0,26.85,-20.0,4.679
2023-03-22T21:00:00,21,2,3,0,24.19,51.95,0.0,34.42,21.615,0.0,10.2,-17.151,4.464
2023-03-22T22:00:00,22,2,3,0,20.75,61.15,0.0,18.0,19.625,0.006,10.06,-0.0,19.619
2023-03-22T23:00:00,23,2,3,0,18.95,71.14,0.23,34.74,18.011,0.0,10.14,-0.0,18.011
2023-03-23T00:00:00,0,3,3,0,20.26,68.21,0.0,44.49,13.7,0.009,9.96,-0.0,13.691
2023-03-23T01:00:00,1,3,3,0,16.54,58.15,0.22,13.92,9.528,0.01,10.0,-0.0,9.518
2023-03-23T02:00:00,2,3,3,0,16.46,67.96,0.99,41.87,11.158,0.0,10.16,-0.0,11.158
2023-03-23T03:00:00,3,3,3,0,16.76,63.13,2.22,16.02,10.736,0.0,10.07,-0.0,10.736
2023-03-23T04:00:00,4,3,3,0,17.65,61.75,1.97,13.95,11.985,0.0,9.98,-0.0,11.985
2023-03-23T05:00:00,5,3,3,0,21.72,53.7,0.54,26.45,12.801,0.019,9.9,-0.0,12.782
2023-03-23T06:00:00,6,3,3,0,20.35,65.24,0.0,11.05,15.113,0.0,9.62,-0.0,15.113
2023-03-23T07:00:00,7,3,3,0,21.59,51.39,246.1,6.4,20.031,11.462,10.14,-0.0,8.569
2023-03-23T08:00:00,8,3,3,0,21.3,58.96,382.72,28.71,18.297,18.397,10.23,0.1,0.0
2023-03-23T09:00:00,9,3,3,0,24.1,64.39,518.92,31.04,19.007,24.035,14.83,5.028,0.0
2023-03-23T10:00:00,10,3,3,0,27.04,51.53,815.89,0.46,16.486,40.812,33.29,20.0,0.0
2023-03-23T11:00:00,11,3,3,0,26.78,58.14,693.36,28.47,14.564,31.991,49.01,17.427,0.0
2023-03-23T12:00:00,12,3,3,0,30.82,52.55,910.73,4.68,14.221,43.243,67.5,20.0,0.0
2023-03-23T13:00:00,13,3,3,0,29.08,52.54,906.15,0.0,14.091,42.045,85.88,20.0,0.0
2023-03-23T14:00:00,14,3,3,0,30.23,52.15,831.41,0.0,14.895,37.808,99.71,15.271,0.0
2023-03-23T15:00:00,15,3,3,0,30.71,55.93,541.74,23.69,16.148,26.368,99.91,0.0,0.0
2023-03-23T16:00:00,16,3,3,0,31.67,51.15,470.54,0.0,18.904,21.582,100.0,0.0,0.0
2023-03-23T17:00:00,17,3,3,0,30.16,47.32,272.46,1.23,19.26,11.988,92.89,-7.272,0.0
2023-03-23T18:00:00,18,3,3,0,29.23,48.12,13.44,24.99,23.161,0.644,72.81,-20.0,2.517
2023-03-23T19:00:00,19,3,3,0,27.24,62.48,0.0,28.49,25.433,0.0,52.63,-20.0,5.433
2023-03-23T20:00:00,20,3,3,0,25.1,62.04,0.0,16.19,23.495,0.025,32.87,-20.0,3.47
2023-03-23T21:00:00,21,3,3,0,25.2,59.89,0.61,25.73,22.902,0.026,12.77,-20.0,2.876
2023-03-23T22:00:00,22,3,3,0,23.51,62.21,0.0,35.3,19.711,0.0,9.76,-2.728,16.983
2023-03-23T23:00:00,23,3,3,0,21.36,56.31,0.0,29.56,17.407,0.0,10.03,-0.0,17.407
2023-03-24T00:00:00,0,4,3,0,19.31,47.58,0.0,14.59,10.504,0.0,10.12,-0.0,10.504
2023-03-24T01:00:00,1,4,3,0,19.86,56.03,1.01,0.0,10.784,0.014,10.08,-0.0,10.77
2023-03-24T02:00:00,2,4,3,0,17.39,49.15,0.45,0.0,11.493,0.0,9.83,-0.0,11.493
2023-03-24T03:00:00,3,4,3,0,16.56,60.01,0.0,0.0,7.949,0.0,9.86,-0.0,7.949
2023-03-24T04:00:00,4,4,3,0,18.82,64.37,2.23,0.0,10.454,0.018,10.32,-0.0,10.436
2023-03-24T05:00:00,5,4,3,0,22.76,52.6,0.31,0.0,10.603,0.018,9.87,-0.0,10.585
2023-03-24T06:00:00,6,4,3,0,19.58,54.64,4.1,0.0,15.008,0.191,10.01,-0.0,14.817
2023-03-24T07:00:00,7,4,3,0,22.29,51.63,218.2,4.78,18.281,10.191,9.63,-0.0,8.09
2023-03-24T08:00:00,8,4,3,0,20.95,60.54,374.94,24.27,21.543,18.208,10.2,-0.0,3.335
2023-03-24T09:00:00,9,4,3,0,24.57,58.04,565.55,23.46,19.773,28.781,18.41,9.008,0.0
2023-03-24T10:00:00,10,4,3,0,28.1,49.76,734.54,14.06,16.093,33.722,34.77,17.629,0.0
2023-03-24T11:00:00,11,4,3,0,28.31,62.3,680.82,34.02,17.15,32.351,48.34,15.201,0.0
2023-03-24T12:00:00,12,4,3,0,29.73,67.49,834.51,14.2,15.49,38.518,67.08,20.0,0.0
2023-03-24T13:00:00,13,4,3,0,29.83,61.46,731.82,24.82,16.209,33.259,82.43,17.05,0.0
2023-03-24T14:00:00,14,4,3,0,31.47,57.52,513.19,47.85,14.982,23.142,90.32,8.16,0.0
2023-03-24T15:00:00,15,4,3,0,31.53,57.9,407.36,51.01,16.456,20.137,93.11,3.681,0.0
2023-03-24T16:00:00,16,4,3,0,30.11,54.98,346.59,39.42,18.833,16.304,91.1,-2.529,0.0
2023-03-24T17:00:00,17,4,3,0,30.29,56.01,149.73,47.62,19.883,6.988,78.06,-12.895,0.0
2023-03-24T18:00:00,18,4,3,0,29.33,60.89,5.11,26.87,23.709,0.235,58.15,-20.0,3.474
2023-03-24T19:00:00,19,4,3,0,26.6,62.75,0.0,27.83,25.462,0.0,38.14,-20.0,5.462
2023-03-24T20:00:00,20,4,3,0,24.91,53.09,1.42,29.55,22.935,0.007,18.12,-20.0,2.928
2023-03-24T21:00:00,21,4,3,0,23.58,60.77,0.0,24.71,22.907,0.012,10.37,-8.047,14.848
2023-03-24T22:00:00,22,4,3,0,23.68,63.31,0.0,17.19,18.987,0.034,10.28,-0.0,18.953
2023-03-24T23:00:00,23,4,3,0,21.55,55.88,0.0,8.53,16.391,0.0,10.09,-0.0,16.391
2023-03-25T00:00:00,0,5,3,1,20.94,55.63,1.29,0.0,11.901,0.0,10.04,-0.0,11.901
2023-03-25T01:00:00,1,5,3,1,20.26,63.41,0.0,19.17,10.478,0.013,10.23,-0.0,10.465
2023-03-25T02:00:00,2,5,3,1,19.93,62.03,0.93,7.8,10.236,0.025,10.24,-0.0,10.211
2023-03-25T03:00:00,3,5,3,1,18.98,60.96,0.0,7.04,10.13,0.008,10.03,-0.0,10.122
2023-03-25T04:00:00,4,5,3,1,19.72,59.81,0.0,7.93,11.559,0.005,10.02,-0.0,11.554
2023-03-25T05:00:00,5,5,3,1,20.06,64.08,0.05,33.1,11.124,0.0,9.86,-0.0,11.124
2023-03-25T06:00:00,6,5,3,1,19.5,57.53,9.77,9.63,13.22,0.488,10.06,-0.0,12.732
2023-03-25T07:00:00,7,5,3,1,24.93,51.02,235.35,14.13,14.922,11.382,10.04,-0.0,3.54
2023-03-25T08:00:00,8,5,3,1,23.27,50.38,395.7,18.4,15.684,19.146,13.34,3.462,0.0
2023-03-25T09:00:00,9,5,3,1,24.46,58.65,642.06,6.19,18.681,31.89,25.62,13.209,0.0
2023-03-25T10:00:00,10,5,3,1,27.69,55.2,734.46,11.27,18.105,31.537,37.89,13.432,0.0
2023-03-25T11:00:00,11,5,3,1,28.18,57.12,813.99,14.25,18.352,38.694,56.26,20.0,0.0
2023-03-25T12:00:00,12,5,3,1,28.31,48.48,969.17,0.0,20.044,44.965,74.47,20.0,0.0
2023-03-25T13:00:00,13,5,3,1,32.11,51.05,917.32,0.0,20.443,42.866,92.84,20.0,0.0
2023-03-25T14:00:00,14,5,3,1,31.59,51.22,830.57,0.0,16.629,39.3,100.0,7.723,0.0
2023-03-25T15:00:00,15,5,3,1,30.78,60.46,583.07,18.6,15.377,28.532,100.0,0.0,0.0
2023-03-25T16:00:00,16,5,3,1,33.42,54.08,449.39,0.0,21.513,19.834,98.43,-1.679,0.0
2023-03-25T17:00:00,17,5,3,1,31.88,46.97,251.7,0.0,19.614,11.453,90.02,-8.161,0.0
2023-03-25T18:00:00,18,5,3,1,28.54,55.03,17.66,0.0,18.494,0.81,72.34,-17.684,0.0
2023-03-25T19:00:00,19,5,3,1,31.17,47.82,0.0,3.32,18.613,0.0,53.79,-18.613,0.0
2023-03-25T20:00:00,20,5,3,1,28.55,43.64,0.0,28.04,19.796,0.0,34.18,-19.796,0.0
2023-03-25T21:00:00,21,5,3,1,25.23,63.9,1.12,6.31,18.028,0.014,16.06,-18.014,0.0
2023-03-25T22:00:00,22,5,3,1,25.73,59.54,0.0,49.08,17.725,0.009,10.24,-6.053,11.663
2023-03-25T23:00:00,23,5,3,1,22.69,68.62,0.0,51.31,15.926,0.0,9.85,-0.0,15.926
2023-03-26T00:00:00,0,6,3,1,20.63,58.83,0.16,35.24,12.374,0.017,9.86,-0.0,12.357
2023-03-26T01:00:00,1,6,3,1,18.35,59.01,0.0,32.9,12.109,0.0,9.97,-0.0,12.109
2023-03-26T02:00:00,2,6,3,1,20.23,54.34,1.51,0.0,11.541,0.0,9.92,-0.0,11.541
2023-03-26T03:00:00,3,6,3,1,19.52,60.94,0.2,14.72,10.637,0.015,9.88,-0.0,10.622
2023-03-26T04:00:00,4,6,3,1,18.64,64.75,0.14,39.47,11.009,0.018,10.02,-0.0,10.991
2023-03-26T05:00:00,5,6,3,1,19.1,66.48,0.0,41.96,9.777,0.007,10.02,-0.0,9.77
2023-03-26T06:00:00,6,6,3,1,21.79,59.64,5.94,39.38,13.007,0.299,9.81,-0.0,12.708
2023-03-26T07:00:00,7,6,3,1,21.35,60.05,199.63,22.58,14.928,9.084,9.91,-0.0,5.844
2023-03-26T08:00:00,8,6,3,1,22.6,57.71,324.87,41.03,16.192,16.193,10.11,0.001,0.0
2023-03-26T09:00:00,9,6,3,1,22.32,68.74,473.65,36.49,19.247,23.181,13.58,3.934,0.0
2023-03-26T10:00:00,10,6,3,1,27.72,49.76,664.82,22.49,18.227,31.123,25.36,12.896,0.0
2023-03-26T11:00:00,11,6,3,1,26.29,57.2,547.39,50.46,17.413,26.825,34.09,9.412,0.0
2023-03-26T12:00:00,12,6,3,1,30.2,50.63,871.71,7.7,19.867,41.271,52.36,20.0,0.0
2023-03-26T13:00:00,13,6,3,1,30.56,64.01,864.66,4.46,18.808,37.545,70.05,18.737,0.0
2023-03-26T14:00:00,14,6,3,1,33.86,53.72,787.95,2.07,18.611,35.965,85.88,17.354,0.0
2023-03-26T15:00:00,15,6,3,1,30.5,47.16,673.53,0.0,17.812,31.203,98.44,13.391,0.0
2023-03-26T16:00:00,16,6,3,1,32.68,54.34,465.95,0.0,20.976,22.775,99.74,1.799,0.0
2023-03-26T17:00:00,17,6,3,1,30.65,55.24,223.07,8.78,18.441,10.319,91.55,-8.122,0.0
2023-03-26T18:00:00,18,6,3,1,31.18,54.01,1.76,10.62,21.329,0.082,71.47,-20.0,1.247
2023-03-26T19:00:00,19,6,3,1,29.09,58.09,1.03,16.09,20.698,0.037,51.67,-20.0,0.661
2023-03-26T20:00:00,20,6,3,1,26.39,55.98,0.0,13.38,22.258,0.0,31.53,-20.0,2.258
2023-03-26T21:00:00,21,6,3,1,26.33,54.57,1.84,0.0,19.688,0.019,11.79,-19.669,0.0
2023-03-26T22:00:00,22,6,3,1,22.01,48.33,0.0,0.0,18.156,0.0,10.2,-1.931,16.225
2023-03-26T23:00:00,23,6,3,1,23.2,65.3,0.09,17.66,16.826,0.0,10.01,-0.0,16.826
2023-03-27T00:00:00,0,0,3,0,22.36,55.52,0.06,12.37,12.262,0.0,10.04,-0.0,12.262
2023-03-27T01:00:00,1,0,3,0,20.69,53.77,0.47,20.93,10.665,0.0,10.03,-0.0,10.665
2023-03-27T02:00:00,2,0,3,0,21.7,57.21,2.11,23.12,9.57,0.0,10.06,-0.0,9.57
2023-03-27T03:00:00,3,0,3,0,17.97,56.0,0.0,0.0,10.365,0.0,9.74,-0.0,10.365
2023-03-27T04:00:00,4,0,3,0,17.43,54.6,0.0,0.0,9.765,0.0,9.83,-0.0,9.765
2023-03-27T05:00:00,5,0,3,0,18.19,62.08,0.0,0.0,10.224,0.0,10.28,-0.0,10.224
2023-03-27T06:00:00,6,0,3,0,21.88,64.79,17.29,24.98,14.04,0.861,9.99,-0.0,13.179
2023-03-27T07:00:00,7,0,3,0,22.96,49.7,217.74,26.13,20.978,10.214,10.06,-0.0,10.764
2023-03-27T08:00:00,8,0,3,0,23.81,55.76,384.97,21.54,20.781,17.716,10.12,-0.0,3.065
2023-03-27T09:00:00,9,0,3,0,24.36,52.59,662.87,0.0,20.943,30.539,18.77,9.596,0.0
2023-03-27T10:00:00,10,0,3,0,28.54,51.64,796.09,0.0,16.972,37.598,37.07,20.0,0.0
2023-03-27T11:00:00,11,0,3,0,27.12,62.12,896.94,2.04,16.282,45.569,55.42,20.0,0.0
2023-03-27T12:00:00,12,0,3,0,31.77,46.66,927.19,0.0,16.858,44.918,73.88,20.0,0.0
2023-03-27T13:00:00,13,0,3,0,36.17,56.12,896.91,0.0,20.801,42.813,92.33,20.0,0.0
2023-03-27T14:00:00,14,0,3,0,33.56,49.01,836.08,0.0,18.784,37.306,99.89,8.23,0.0
2023-03-27T15:00:00,15,0,3,0,32.47,58.2,675.73,0.0,18.215,32.674,99.81,0.0,0.0
2023-03-27T16:00:00,16,0,3,0,30.92,49.64,486.41,0.0,17.532,23.582,100.0,0.0,0.0
2023-03-27T17:00:00,17,0,3,0,28.49,54.32,190.6,26.18,18.424,9.117,90.91,-9.307,0.0
2023-03-27T18:00:00,18,0,3,0,30.08,54.9,0.0,22.43,23.972,0.0,70.55,-20.0,3.972
2023-03-27T19:00:00,19,0,3,0,27.37,61.92,0.0,15.41,25.555,0.003,50.44,-20.0,5.552
2023-03-27T20:00:00,20,0,3,0,25.66,55.75,3.46,5.85,25.084,0.012,30.7,-20.0,5.072
2023-03-27T21:00:00,21,0,3,0,28.98,53.96,1.4,4.37,24.297,0.023,10.92,-20.0,4.274
2023-03-27T22:00:00,22,0,3,0,24.41,63.66,0.78,37.99,19.533,0.017,9.8,-0.693,18.823
2023-03-27T23:00:00,23,0,3,0,23.34,53.21,1.17,14.95,16.571,0.02,9.8,-0.0,16.551
2023-03-28T00:00:00,0,1,3,0,21.24,59.52,1.91,8.82,13.632,0.0,9.64,-0.0,13.632
2023-03-28T01:00:00,1,1,3,0,19.83,54.37,0.0,1.43,11.066,0.022,10.04,-0.0,11.044
2023-03-28T02:00:00,2,1,3,0,21.49,63.74,0.0,0.0,8.639,0.008,9.85,-0.0,8.631
2023-03-28T03:00:00,3,1,3,0,19.01,62.6,0.51,18.45,10.985,0.0,10.13,-0.0,10.985
2023-03-28T04:00:00,4,1,3,0,21.06,64.15,0.0,27.16,10.692,0.022,10.11,-0.0,10.67
2023-03-28T05:00:00,5,1,3,0,19.8,48.88,0.0,11.77,11.978,0.0,10.22,-0.0,11.978
2023-03-28T06:00:00,6,1,3,0,20.7,63.3,21.98,19.69,14.429,1.035,10.16,-0.0,13.394
2023-03-28T07:00:00,7,1,3,0,20.36,58.16,238.61,13.64,20.553,10.953,9.76,-0.0,9.6
2023-03-28T08:00:00,8,1,3,0,21.27,49.32,484.51,0.0,22.991,24.305,11.17,1.314,0.0
2023-03-28T09:00:00,9,1,3,0,25.43,54.69,664.26,0.0,19.358,30.504,21.63,11.146,0.0
2023-03-28T10:00:00,10,1,3,0,26.52,50.15,629.36,27.54,17.769,27.095,29.84,9.326,0.0
2023-03-28T11:00:00,11,1,3,0,27.44,56.62,888.64,3.04,15.787,42.694,48.39,20.0,0.0
2023-03-28T12:00:00,12,1,3,0,30.28,59.99,873.91,8.5,13.678,39.12,66.85,20.0,0.0
2023-03-28T13:00:00,13,1,3,0,32.08,45.65,688.56,26.98,16.313,31.992,81.26,15.679,0.0
2023-03-28T14:00:00,14,1,3,0,29.67,58.27,532.55,43.56,13.281,23.905,91.09,10.624,0.0
2023-03-28T15:00:00,15,1,3,0,30.94,53.71,551.55,22.31,16.544,25.32,99.01,8.776,0.0
2023-03-28T16:00:00,16,1,3,0,32.56,44.22,369.46,25.84,21.571,17.24,94.64,-4.331,0.0
2023-03-28T17:00:00,17,1,3,0,32.0,57.9,220.19,18.08,20.054,10.371,85.17,-9.683,0.0
2023-03-28T18:00:00,18,1,3,0,29.82,58.69,24.56,25.06,26.047,1.21,65.07,-20.0,4.837
2023-03-28T19:00:00,19,1,3,0,29.03,62.75,0.0,2.53,28.054,0.0,45.42,-20.0,8.054
2023-03-28T20:00:00,20,1,3,0,28.63,54.93,0.57,0.0,25.874,0.031,24.94,-20.0,5.843
2023-03-28T21:00:00,21,1,3,0,26.43,51.7,1.37,16.18,23.549,0.005,9.99,-15.102,8.442
2023-03-28T22:00:00,22,1,3,0,23.43,61.25,0.0,22.45,19.136,0.0,9.8,-0.0,19.136
2023-03-28T23:00:00,23,1,3,0,22.28,65.19,0.0,18.76,16.082,0.0,10.05,-0.0,16.082
2023-03-29T00:00:00,0,2,3,0,20.91,57.73,0.0,22.34,12.179,0.021,9.97,-0.0,12.158
2023-03-29T01:00:00,1,2,3,0,21.84,62.99,0.0,16.91,10.098,0.0,10.08,-0.0,10.098
2023-03-29T02:00:00,2,2,3,0,20.72,45.37,0.67,2.25,10.65,0.0,9.89,-0.0,10.65
2023-03-29T03:00:00,3,2,3,0,21.74,66.43,0.0,18.75,9.904,0.0,9.72,-0.0,9.904
2023-03-29T04:00:00,4,2,3,0,20.08,61.16,0.0,0.0,9.287,0.055,10.19,-0.0,9.232
2023-03-29T05:00:00,5,2,3,0,21.52,43.64,0.0,0.0,13.058,0.0,10.13,-0.0,13.058
2023-03-29T06:00:00,6,2,3,0,21.1,58.51,34.04,0.0,16.29,1.657,10.14,-0.0,14.633
2023-03-29T07:00:00,7,2,3,0,24.34,47.49,206.77,17.41,20.401,10.38,10.13,-0.0,10.021
2023-03-29T08:00:00,8,2,3,0,25.73,50.99,472.29,0.0,20.604,22.034,11.33,1.43,0.0
2023-03-29T09:00:00,9,2,3,0,25.5,57.65,662.48,0.51,21.23,33.248,22.46,12.018,0.0
2023-03-29T10:00:00,10,2,3,0,24.98,53.78,814.09,0.0,19.825,39.428,40.27,19.603,0.0
2023-03-29T11:00:00,11,2,3,0,31.65,58.36,840.45,8.56,17.344,39.546,58.74,20.0,0.0
2023-03-29T12:00:00,12,2,3,0,31.25,54.8,780.05,23.12,16.26,38.038,77.38,20.0,0.0
2023-03-29T13:00:00,13,2,3,0,29.69,55.43,713.25,25.0,15.793,33.833,94.11,18.04,0.0
2023-03-29T14:00:00,14,2,3,0,31.23,61.51,599.76,33.31,13.672,28.455,100.0,6.735,0.0
2023-03-29T15:00:00,15,2,3,0,34.32,53.87,455.74,41.53,16.921,21.128,99.5,0.0,0.0
2023-03-29T16:00:00,16,2,3,0,33.16,55.35,350.71,36.76,18.806,15.285,96.53,-3.521,0.0
2023-03-29T17:00:00,17,2,3,0,30.63,60.47,157.58,57.22,20.52,7.5,83.67,-13.02,0.0
2023-03-29T18:00:00,18,2,3,0,33.0,59.6,7.78,65.92,25.856,0.365,63.41,-20.0,5.491
2023-03-29T19:00:00,19,2,3,0,26.67,65.18,0.8,38.97,25.828,0.0,43.31,-20.0,5.828
2023-03-29T20:00:00,20,2,3,0,27.2,56.12,1.47,41.42,24.024,0.0,23.6,-20.0,4.024
2023-03-29T21:00:00,21,2,3,0,25.56,53.77,0.51,25.21,24.25,0.0,9.95,-13.459,10.791
2023-03-29T22:00:00,22,2,3,0,24.78,52.25,2.86,19.9,19.815,0.001,9.95,-0.0,19.814
2023-03-29T23:00:00,23,2,3,0,22.96,47.55,1.67,17.93,16.639,0.0,9.75,-0.0,16.639
2023-03-30T00:00:00,0,3,3,0,22.94,69.25,0.83,41.65,12.495,0.017,9.75,-0.0,12.478
2023-03-30T01:00:00,1,3,3,0,21.51,59.79,0.0,52.79,10.274,0.002,10.13,-0.0,10.272
2023-03-30T02:00:00,2,3,3,0,19.89,64.93,1.7,59.07,9.867,0.0,9.81,-0.0,9.867
2023-03-30T03:00:00,3,3,3,0,19.44,72.64,0.0,48.93,8.667,0.0,10.27,-0.0,8.667
2023-03-30T04:00:00,4,3,3,0,20.0,70.51,1.12,93.51,8.037,0.0,10.3,-0.0,8.037
2023-03-30T05:00:00,5,3,3,0,21.76,64.11,0.0,35.38,12.018,0.023,9.84,-0.0,11.995
2023-03-30T06:00:00,6,3,3,0,22.36,59.16,18.53,69.04,17.378,0.887,9.9,-0.0,16.491
2023-03-30T07:00:00,7,3,3,0,23.62,72.71,103.15,70.1,18.541,4.999,10.11,-0.0,13.542
2023-03-30T08:00:00,8,3,3,0,25.26,61.62,272.16,52.84,19.419,13.02,10.23,-0.0,6.399
2023-03-30T09:00:00,9,3,3,0,27.29,54.46,441.42,42.39,20.719,21.569,10.81,0.85,0.0
2023-03-30T10:00:00,10,3,3,0,27.45,53.82,574.07,38.71,16.916,26.132,19.16,9.216,0.0
2023-03-30T11:00:00,11,3,3,0,29.34,64.87,681.68,29.01,16.522,32.265,33.69,15.743,0.0
2023-03-30T12:00:00,12,3,3,0,30.88,53.36,689.23,33.83,16.653,33.588,49.34,16.935,0.0
2023-03-30T13:00:00,13,3,3,0,32.22,50.19,678.18,31.32,15.881,32.388,64.43,16.507,0.0
2023-03-30T14:00:00,14,3,3,0,35.34,48.34,737.89,11.62,18.771,34.342,79.02,15.571,0.0
2023-03-30T15:00:00,15,3,3,0,31.42,56.74,469.14,37.29,16.789,22.015,83.54,5.226,0.0
2023-03-30T16:00:00,16,3,3,0,32.95,53.58,404.55,18.3,17.131,18.563,85.03,1.432,0.0
2023-03-30T17:00:00,17,3,3,0,34.17,61.22,120.53,63.97,22.265,5.504,68.31,-16.761,0.0
2023-03-30T18:00:00,18,3,3,0,30.99,58.28,28.21,39.69,23.714,1.25,48.2,-20.0,2.464
2023-03-30T19:00:00,19,3,3,0,32.7,61.52,0.0,53.79,26.46,0.017,28.17,-20.0,6.443
2023-03-30T20:00:00,20,3,3,0,27.72,53.96,0.0,15.82,24.602,0.014,10.0,-18.201,6.387
2023-03-30T21:00:00,21,3,3,0,27.99,63.17,0.0,0.0,23.721,0.0,9.87,-0.0,23.721
2023-03-30T22:00:00,22,3,3,0,23.74,60.48,0.0,51.89,19.464,0.006,10.12,-0.0,19.458
2023-03-30T23:00:00,23,3,3,0,23.3,65.99,0.04,25.6,14.532,0.0,9.98,-0.0,14.532
2023-03-31T00:00:00,0,4,3,0,22.12,53.04,0.7,0.0,10.734,0.013,9.96,-0.0,10.721
2023-03-31T01:00:00,1,4,3,0,22.04,52.37,0.0,22.83,10.967,0.025,9.84,-0.0,10.942
2023-03-31T02:00:00,2,4,3,0,20.84,53.38,0.0,33.15,10.126,0.0,10.29,-0.0,10.126
2023-03-31T03:00:00,3,4,3,0,21.44,58.61,0.33,4.55,9.506,0.0,10.13,-0.0,9.506
2023-03-31T04:00:00,4,4,3,0,20.19,64.94,0.0,13.54,11.29,0.0,9.78,-0.0,11.29
2023-03-31T05:00:00,5,4,3,0,21.08,53.35,2.02,16.64,12.684,0.018,10.08,-0.0,12.666
2023-03-31T06:00:00,6,4,3,0,25.21,50.27,32.78,2.18,14.852,1.61,9.91,-0.0,13.242
2023-03-31T07:00:00,7,4,3,0,23.96,57.55,269.42,3.98,18.423,13.034,9.86,-0.0,5.389
2023-03-31T08:00:00,8,4,3,0,24.43,61.25,343.99,43.33,20.91,16.401,9.89,-0.0,4.509
2023-03-31T09:00:00,9,4,3,0,25.38,55.69,525.94,29.18,17.806,25.879,17.5,8.073,0.0
2023-03-31T10:00:00,10,4,3,0,27.7,49.06,694.31,16.64,17.763,33.137,31.55,15.374,0.0
2023-03-31T11:00:00,11,4,3,0,31.2,59.05,590.17,43.06,15.682,28.085,42.97,12.403,0.0
2023-03-31T12:00:00,12,4,3,0,30.73,62.2,553.37,50.96,17.174,26.211,51.34,9.037,0.0
2023-03-31T13:00:00,13,4,3,0,31.48,56.3,745.15,19.72,14.148,33.791,69.51,19.643,0.0
2023-03-31T14:00:00,14,4,3,0,32.7,55.65,580.95,35.36,17.269,28.51,80.06,11.241,0.0
2023-03-31T15:00:00,15,4,3,0,34.33,53.97,318.08,66.19,16.238,15.339,78.77,-0.899,0.0
2023-03-31T16:00:00,16,4,3,0,32.74,61.38,226.05,64.08,18.47,10.672,70.95,-7.798,0.0
2023-03-31T17:00:00,17,4,3,0,31.21,57.56,202.22,35.54,21.649,9.515,58.89,-12.134,0.0
2023-03-31T18:00:00,18,4,3,0,32.15,50.27,27.66,42.11,26.274,1.324,38.98,-20.0,4.95
2023-03-31T19:00:00,19,4,3,0,30.12,58.52,0.0,55.99,27.654,0.0,19.04,-20.0,7.654
2023-03-31T20:00:00,20,4,3,0,28.75,58.61,0.81,29.24,26.702,0.0,9.85,-8.878,17.824
2023-03-31T21:00:00,21,4,3,0,26.25,59.89,0.39,43.45,23.861,0.004,10.36,-0.0,23.857
2023-03-31T22:00:00,22,4,3,0,25.45,52.6,0.0,54.65,20.419,0.013,9.82,-0.0,20.406
2023-03-31T23:00:00,23,4,3,0,22.96,54.73,0.13,15.7,15.951,0.005,10.13,-0.0,15.946
2023-04-01T00:00:00,0,5,4,1,22.02,55.9,0.0,22.31,12.265,0.018,10.11,-0.0,12.247
2023-04-01T01:00:00,1,5,4,1,20.21,63.94,0.0,27.05,12.633,0.014,9.79,-0.0,12.619
2023-04-01T02:00:00,2,5,4,1,22.18,72.54,2.66,23.63,12.327,0.0,10.04,-0.0,12.327
2023-04-01T03:00:00,3,5,4,1,20.76,62.11,1.93,31.04,10.523,0.001,9.74,-0.0,10.522
2023-04-01T04:00:00,4,5,4,1,22.33,55.01,0.0,33.87,10.279,0.011,9.88,-0.0,10.268
2023-04-01T05:00:00,5,5,4,1,23.24,59.68,0.95,33.73,11.09,0.0,9.99,-0.0,11.09
2023-04-01T06:00:00,6,5,4,1,26.16,60.59,29.28,44.86,12.161,1.433,10.02,-0.0,10.728
2023-04-01T07:00:00,7,5,4,1,21.25,64.42,213.97,27.53,15.189,10.477,10.19,-0.0,4.712
2023-04-01T08:00:00,8,5,4,1,24.31,65.82,341.27,31.87,17.498,17.086,9.9,-0.0,0.412
2023-04-01T09:00:00,9,5,4,1,26.21,63.56,568.07,18.83,18.118,28.031,19.17,9.913,0.0
2023-04-01T10:00:00,10,5,4,1,27.71,58.5,684.17,19.0,18.469,31.826,31.55,13.357,0.0
2023-04-01T11:00:00,11,5,4,1,29.15,57.78,607.46,37.44,21.583,28.701,37.95,7.118,0.0
2023-04-01T12:00:00,12,5,4,1,30.75,62.56,726.11,25.67,20.15,33.45,50.19,13.3,0.0
2023-04-01T13:00:00,13,5,4,1,30.24,56.05,608.11,41.48,20.771,28.739,57.3,7.968,0.0
2023-04-01T14:00:00,14,5,4,1,33.69,55.51,587.26,37.08,19.207,25.429,63.01,6.222,0.0
2023-04-01T15:00:00,15,5,4,1,32.62,56.37,390.95,48.86,19.543,19.421,63.0,-0.122,0.0
2023-04-01T16:00:00,16,5,4,1,33.67,42.66,401.94,24.26,18.809,18.116,62.64,-0.693,0.0
2023-04-01T17:00:00,17,5,4,1,32.97,60.56,187.72,27.54,19.102,8.567,52.11,-10.535,0.0
2023-04-01T18:00:00,18,5,4,1,32.56,59.42,42.75,38.35,20.001,1.996,34.08,-18.005,0.0
2023-04-01T19:00:00,19,5,4,1,30.69,43.62,1.12,27.67,20.856,0.0,13.95,-20.0,0.856
2023-04-01T20:00:00,20,5,4,1,30.4,60.86,0.22,29.16,20.464,0.0,10.08,-3.893,16.571
2023-04-01T21:00:00,21,5,4,1,28.37,57.56,0.0,43.21,17.114,0.024,9.94,-0.0,17.09
2023-04-01T22:00:00,22,5,4,1,22.71,64.04,0.0,22.61,17.593,0.044,9.94,-0.0,17.549
2023-04-01T23:00:00,23,5,4,1,22.55,56.18,0.79,0.0,16.039,0.0,9.7,-0.0,16.039
2023-04-02T00:00:00,0,6,4,1,19.6,53.96,0.76,22.2,10.768,0.012,10.03,-0.0,10.756
2023-04-02T01:00:00,1,6,4,1,22.06,58.17,0.0,13.1,12.394,0.025,10.07,-0.0,12.369
2023-04-02T02:00:00,2,6,4,1,20.75,57.64,1.97,35.6,11.863,0.0,9.91,-0.0,11.863
2023-04-02T03:00:00,3,6,4,1,20.03,52.47,2.24,9.31,11.388,0.007,10.14,-0.0,11.381
2023-04-02T04:00:00,4,6,4,1,22.53,62.93,2.22,18.59,12.765,0.027,10.18,-0.0,12.738
2023-04-02T05:00:00,5,6,4,1,22.29,60.37,2.23,16.46,10.505,0.0,9.83,-0.0,10.505
2023-04-02T06:00:00,6,6,4,1,23.94,62.52,53.01,0.0,11.892,2.591,10.35,-0.0,9.301
2023-04-02T07:00:00,7,6,4,1,22.59,61.17,155.66,49.12,14.663,7.318,10.08,-0.0,7.345
2023-04-02T08:00:00,8,6,4,1,24.77,53.42,398.84,24.37,16.148,20.13,13.9,3.982,0.0
2023-04-02T09:00:00,9,6,4,1,27.78,63.43,419.57,48.75,17.76,20.239,15.84,2.479,0.0
2023-04-02T10:00:00,10,6,4,1,28.75,59.75,300.99,76.89,19.85,14.293,10.6,-5.557,0.0
2023-04-02T11:00:00,11,6,4,1,28.8,58.76,533.83,53.0,19.028,24.066,15.12,5.038,0.0
2023-04-02T12:00:00,12,6,4,1,31.55,59.75,621.89,41.82,21.746,28.969,21.62,7.223,0.0
2023-04-02T13:00:00,13,6,4,1,32.84,57.86,498.86,55.66,19.846,23.021,24.42,3.175,0.0
2023-04-02T14:00:00,14,6,4,1,33.21,53.75,536.33,41.77,19.594,25.006,29.57,5.412,0.0
2023-04-02T15:00:00,15,6,4,1,32.64,45.34,577.64,14.03,18.102,25.026,36.05,6.924,0.0
2023-04-02T16:00:00,16,6,4,1,31.43,60.76,360.09,34.38,14.913,16.304,37.23,1.391,0.0
2023-04-02T17:00:00,17,6,4,1,32.47,49.55,258.58,7.02,17.922,11.832,31.14,-6.09,0.0
2023-04-02T18:00:00,18,6,4,1,31.2,56.25,42.95,14.11,21.133,2.046,11.97,-19.087,0.0
2023-04-02T19:00:00,19,6,4,1,32.02,55.7,0.0,17.83,22.733,0.0,9.8,-2.04,20.693
2023-04-02T20:00:00,20,6,4,1,31.05,56.58,0.0,0.0,19.925,0.028,10.03,-0.0,19.897
2023-04-02T21:00:00,21,6,4,1,27.21,54.9,0.0,18.94,20.213,0.0,9.86,-0.0,20.213
2023-04-02T22:00:00,22,6,4,1,24.77,54.72,0.0,12.58,15.401,0.0,10.14,-0.0,15.401
2023-04-02T23:00:00,23,6,4,1,23.98,53.12,0.0,24.34,15.593,0.0,10.13,-0.0,15.593
2023-04-03T00:00:00,0,0,4,0,23.27,54.0,0.0,8.73,11.441,0.037,10.25,-0.0,11.404
2023-04-03T01:00:00,1,0,4,0,22.18,57.71,0.0,0.0,12.11,0.017,9.94,-0.0,12.093
2023-04-03T02:00:00,2,0,4,0,21.8,52.77,1.07,4.31,12.117,0.012,9.99,-0.0,12.105
2023-04-03T03:00:00,3,0,4,0,21.0,60.1,2.44,12.44,9.349,0.011,9.78,-0.0,9.338
2023-04-03T04:00:00,4,0,4,0,23.32,65.0,3.57,15.25,10.386,0.0,9.92,-0.0,10.386
2023-04-03T05:00:00,5,0,4,0,24.83,52.32,0.37,0.0,13.423,0.012,10.0,-0.0,13.411
2023-04-03T06:00:00,6,0,4,0,22.51,49.25,35.24,0.0,17.954,1.666,10.01,-0.0,16.288
2023-04-03T07:00:00,7,0,4,0,24.69,55.59,220.71,20.26,20.473,10.727,9.94,-0.0,9.746
2023-04-03T08:00:00,8,0,4,0,26.33,46.6,470.44,0.0,19.8,23.117,12.96,3.317,0.0
2023-04-03T09:00:00,9,0,4,0,27.3,60.23,633.53,2.46,21.062,31.648,22.83,10.586,0.0
2023-04-03T10:00:00,10,0,4,0,27.2,53.66,787.94,0.0,16.732,36.888,41.15,20.0,0.0
2023-04-03T11:00:00,11,0,4,0,28.73,48.89,882.14,0.89,17.247,41.827,59.79,20.0,0.0
2023-04-03T12:00:00,12,0,4,0,32.43,52.23,686.56,31.1,17.475,31.236,72.29,13.761,0.0
2023-04-03T13:00:00,13,0,4,0,31.96,45.58,838.47,5.79,15.17,40.624,90.57,20.0,0.0
2023-04-03T14:00:00,14,0,4,0,33.7,54.72,791.4,0.0,18.628,36.266,100.0,10.162,0.0
2023-04-03T15:00:00,15,0,4,0,32.39,59.57,664.56,0.0,17.944,30.319,99.85,0.0,0.0
2023-04-03T16:00:00,16,0,4,0,31.75,43.27,486.79,0.0,19.074,22.784,99.94,0.0,0.0
2023-04-03T17:00:00,17,0,4,0,34.25,54.72,247.16,0.95,22.919,10.756,87.68,-12.163,0.0
2023-04-03T18:00:00,18,0,4,0,33.13,50.0,31.73,8.36,25.228,1.501,67.8,-20.0,3.727
2023-04-03T19:00:00,19,0,4,0,31.4,63.07,0.0,38.67,28.083,0.0,48.04,-20.0,8.083
2023-04-03T20:00:00,20,0,4,0,32.06,47.38,0.0,39.88,30.189,0.0,27.87,-20.0,10.189
2023-04-03T21:00:00,21,0,4,0,27.27,58.23,2.04,25.98,25.082,0.0,9.74,-17.837,7.245
2023-04-03T22:00:00,22,0,4,0,26.67,55.99,2.02,29.96,19.245,0.02,9.94,-0.0,19.225
2023-04-03T23:00:00,23,0,4,0,23.63,58.5,0.0,0.0,14.259,0.038,10.04,-0.0,14.221
2023-04-04T00:00:00,0,1,4,0,20.6,62.78,1.81,37.34,11.353,0.0,10.04,-0.0,11.353
2023-04-04T01:00:00,1,1,4,0,24.29,61.0,0.24,40.33,11.111,0.023,9.97,-0.0,11.088
2023-04-04T02:00:00,2,1,4,0,20.42,64.32,0.0,52.55,10.443,0.0,10.12,-0.0,10.443
2023-04-04T03:00:00,3,1,4,0,20.04,71.08,0.0,40.59,10.847,0.017,10.09,-0.0,10.83
2023-04-04T04:00:00,4,1,4,0,22.13,60.21,2.55,33.71,11.26,0.008,9.98,-0.0,11.252
2023-04-04T05:00:00,5,1,4,0,22.9,66.85,1.08,46.16,13.093,0.0,10.04,-0.0,13.093
2023-04-04T06:00:00,6,1,4,0,21.75,62.17,28.78,18.57,14.784,1.392,9.98,-0.0,13.392
2023-04-04T07:00:00,7,1,4,0,24.32,63.6,212.57,28.87,18.591,10.491,10.01,-0.0,8.1
2023-04-04T08:00:00,8,1,4,0,27.59,51.94,362.55,26.6,19.942,16.437,10.03,-0.0,3.505
2023-04-04T09:00:00,9,1,4,0,26.27,62.61,482.75,35.47,20.384,22.686,12.27,2.302,0.0
2023-04-04T10:00:00,10,1,4,0,27.64,54.68,803.72,0.0,18.394,36.778,29.1,18.384,0.0
2023-04-04T11:00:00,11,1,4,0,32.44,44.41,863.03,0.0,18.922,40.427,47.43,20.0,0.0
2023-04-04T12:00:00,12,1,4,0,32.98,52.15,764.02,21.0,14.322,33.79,65.28,19.468,0.0
2023-04-04T13:00:00,13,1,4,0,32.02,65.57,718.73,23.39,16.846,34.321,81.52,17.475,0.0
2023-04-04T14:00:00,14,1,4,0,31.62,48.85,814.68,0.0,15.123,39.646,99.87,20.0,0.0
2023-04-04T15:00:00,15,1,4,0,32.94,50.82,587.99,17.18,18.313,28.424,99.99,0.197,0.0
2023-04-04T16:00:00,16,1,4,0,33.42,55.37,409.91,21.97,18.401,19.306,99.95,0.0,0.0
2023-04-04T17:00:00,17,1,4,0,34.93,51.46,214.36,34.51,24.068,9.947,85.89,-14.121,0.0
2023-04-04T18:00:00,18,1,4,0,31.09,56.74,30.5,32.93,23.97,1.407,65.78,-20.0,2.563
2023-04-04T19:00:00,19,1,4,0,31.26,51.18,0.0,16.13,26.638,0.0,45.66,-20.0,6.638
2023-04-04T20:00:00,20,1,4,0,29.76,59.4,1.41,37.07,27.386,0.0,26.12,-20.0,7.386
2023-04-04T21:00:00,21,1,4,0,24.25,56.2,1.07,10.95,22.376,0.009,10.24,-15.879,6.488
2023-04-04T22:00:00,22,1,4,0,28.07,64.64,0.0,14.15,20.541,0.012,10.02,-0.0,20.529
2023-04-04T23:00:00,23,1,4,0,22.76,60.18,0.0,28.49,17.39,0.062,10.08,-0.0,17.328
2023-04-05T00:00:00,0,2,4,0,23.72,57.61,0.0,23.81,11.833,0.013,9.97,-0.0,11.82
2023-04-05T01:00:00,1,2,4,0,22.47,61.3,0.0,2.1,10.452,0.0,10.08,-0.0,10.452
2023-04-05T02:00:00,2,2,4,0,23.56,48.28,0.0,0.0,11.534,0.027,10.02,-0.0,11.507
2023-04-05T03:00:00,3,2,4,0,22.67,64.19,0.0,0.0,10.771,0.014,10.03,-0.0,10.757
2023-04-05T04:00:00,4,2,4,0,19.05,53.01,1.89,1.56,12.268,0.0,9.86,-0.0,12.268
2023-04-05T05:00:00,5,2,4,0,21.23,63.51,1.24,6.84,10.361,0.0,10.27,-0.0,10.361
2023-04-05T06:00:00,6,2,4,0,23.01,65.83,50.44,20.02,15.163,2.501,9.84,-0.0,12.662
2023-04-05T07:00:00,7,2,4,0,25.32,53.59,257.63,12.99,18.665,12.446,10.13,-0.0,6.219
2023-04-05T08:00:00,8,2,4,0,27.23,51.22,483.39,1.01,21.695,22.309,10.45,0.614,0.0
2023-04-05T09:00:00,9,2,4,0,28.66,51.89,646.21,0.0,19.417,29.248,19.32,9.831,0.0
2023-04-05T10:00:00,10,2,4,0,31.05,57.44,660.68,21.4,18.231,31.542,32.0,13.311,0.0
2023-04-05T11:00:00,11,2,4,0,30.57,46.4,883.06,0.0,16.763,42.48,50.28,20.0,0.0
2023-04-05T12:00:00,12,2,4,0,30.77,50.73,895.65,0.0,13.803,40.357,68.46,20.0,0.0
2023-04-05T13:00:00,13,2,4,0,33.64,48.71,844.11,3.84,15.007,37.405,87.16,20.0,0.0
2023-04-05T14:00:00,14,2,4,0,34.22,43.62,793.23,0.0,17.572,36.646,99.95,14.07,0.0
2023-04-05T15:00:00,15,2,4,0,33.24,44.69,674.07,0.0,20.749,31.439,100.0,0.0,0.0
2023-04-05T16:00:00,16,2,4,0,35.36,49.4,485.58,0.0,20.746,23.073,99.79,0.0,0.0
2023-04-05T17:00:00,17,2,4,0,35.98,48.96,268.37,0.0,23.423,12.602,89.09,-10.821,0.0
2023-04-05T18:00:00,18,2,4,0,32.26,47.86,44.53,8.13,25.8,2.07,69.31,-20.0,3.73
2023-04-05T19:00:00,19,2,4,0,27.85,54.92,0.29,10.92,26.17,0.0,49.12,-20.0,6.17
2023-04-05T20:00:00,20,2,4,0,27.89,52.64,0.0,20.11,25.393,0.026,29.06,-20.0,5.367
2023-04-05T21:00:00,21,2,4,0,29.7,60.02,0.44,10.8,23.174,0.012,10.04,-19.179,3.983
2023-04-05T22:00:00,22,2,4,0,25.41,54.56,0.0,5.69,17.723,0.029,10.17,-0.0,17.694
2023-04-05T23:00:00,23,2,4,0,22.04,62.79,1.31,8.13,17.564,0.028,10.0,-0.0,17.536
2023-04-06T00:00:00,0,3,4,0,24.58,50.29,1.35,27.12,11.438,0.006,9.97,-0.0,11.432
2023-04-06T01:00:00,1,3,4,0,22.64,60.17,0.08,18.74,11.472,0.0,9.89,-0.0,11.472
2023-04-06T02:00:00,2,3,4,0,23.73,63.7,1.23,37.16,11.292,0.0,9.94,-0.0,11.292
2023-04-06T03:00:00,3,3,4,0,22.08,62.5,1.52,47.51,9.521,0.0,9.84,-0.0,9.521
2023-04-06T04:00:00,4,3,4,0,22.14,58.93,0.16,37.38,8.849,0.031,10.19,-0.0,8.818
2023-04-06T05:00:00,5,3,4,0,22.86,58.62,0.0,25.08,12.029,0.013,10.11,-0.0,12.016
2023-04-06T06:00:00,6,3,4,0,24.4,63.95,26.47,36.43,15.31,1.182,9.81,-0.0,14.128
2023-04-06T07:00:00,7,3,4,0,27.92,51.59,203.03,31.98,19.711,9.483,9.92,-0.0,10.228
2023-04-06T08:00:00,8,3,4,0,28.23,61.38,354.73,34.71,20.629,16.304,10.12,-0.0,4.325
2023-04-06T09:00:00,9,3,4,0,26.18,61.3,467.27,39.38,19.413,20.208,10.83,0.795,0.0
2023-04-06T10:00:00,10,3,4,0,29.66,55.08,610.84,30.0,17.931,28.196,20.17,10.265,0.0
2023-04-06T11:00:00,11,3,4,0,32.55,56.42,553.42,48.1,18.216,26.467,27.73,8.251,0.0
2023-04-06T12:00:00,12,3,4,0,34.34,55.72,614.61,40.63,18.819,28.81,36.96,9.991,0.0
2023-04-06T13:00:00,13,3,4,0,33.73,67.56,448.54,64.14,19.836,21.078,38.04,1.242,0.0
2023-04-06T14:00:00,14,3,4,0,36.54,58.63,428.28,58.57,21.097,20.587,37.76,-0.51,0.0
2023-04-06T15:00:00,15,3,4,0,36.69,48.94,487.97,37.56,19.58,21.875,39.81,2.295,0.0
2023-04-06T16:00:00,16,3,4,0,37.78,54.54,241.85,61.96,21.162,10.574,29.16,-10.588,0.0
2023-04-06T17:00:00,17,3,4,0,33.13,45.46,264.42,8.02,21.584,12.492,19.86,-9.092,0.0
2023-04-06T18:00:00,18,3,4,0,31.31,52.21,49.95,71.21,23.359,2.366,9.91,-10.022,10.971
2023-04-06T19:00:00,19,3,4,0,31.16,47.4,0.0,14.32,27.409,0.0,9.91,-0.0,27.409
2023-04-06T20:00:00,20,3,4,0,28.6,58.32,0.0,35.04,24.774,0.0,9.95,-0.0,24.774
2023-04-06T21:00:00,21,3,4,0,26.91,64.21,0.0,29.62,21.765,0.024,10.03,-0.0,21.741
2023-04-06T22:00:00,22,3,4,0,24.34,64.62,0.0,32.17,18.303,0.0,10.24,-0.0,18.303
2023-04-06T23:00:00,23,3,4,0,24.43,51.59,0.0,17.38,17.551,0.0,10.03,-0.0,17.551
2023-04-07T00:00:00,0,4,4,0,23.78,51.13,0.0,0.0,11.865,0.0,9.8,-0.0,11.865
2023-04-07T01:00:00,1,4,4,0,22.26,55.25,1.47,26.59,9.452,0.004,10.11,-0.0,9.448
2023-04-07T02:00:00,2,4,4,0,24.31,44.25,0.33,15.5,11.099,0.0,9.8,-0.0,11.099
2023-04-07T03:00:00,3,4,4,0,21.36,55.61,1.74,0.0,11.169,0.022,10.07,-0.0,11.147
2023-04-07T04:00:00,4,4,4,0,24.78,59.24,1.2,4.36,9.956,0.002,9.94,-0.0,9.954
2023-04-07T05:00:00,5,4,4,0,23.57,53.97,0.75,0.0,11.416,0.0,10.09,-0.0,11.416
2023-04-07T06:00:00,6,4,4,0,24.98,51.96,33.66,25.56,14.521,1.701,10.08,-0.0,12.82
2023-04-07T07:00:00,7,4,4,0,25.24,52.99,253.5,19.36,19.458,12.087,10.03,-0.0,7.371
2023-04-07T08:00:00,8,4,4,0,28.27,59.6,250.13,57.28,22.283,11.637,9.85,-0.0,10.646
2023-04-07T09:00:00,9,4,4,0,29.17,59.31,537.13,21.99,20.927,24.1,12.83,3.173,0.0
2023-04-07T10:00:00,10,4,4,0,30.81,55.55,569.84,34.74,17.507,26.646,21.41,9.139,0.0
2023-04-07T11:00:00,11,4,4,0,30.51,58.07,718.29,23.15,17.855,34.97,37.1,17.115,0.0
2023-04-07T12:00:00,12,4,4,0,33.76,50.31,844.74,7.2,17.451,40.864,55.75,20.0,0.0
2023-04-07T13:00:00,13,4,4,0,34.57,55.18,673.09,32.09,17.51,32.234,69.04,14.724,0.0
2023-04-07T14:00:00,14,4,4,0,37.68,46.95,602.66,27.87,20.076,27.941,76.37,7.865,0.0
2023-04-07T15:00:00,15,4,4,0,35.02,51.83,490.67,42.15,19.956,23.872,79.8,3.916,0.0
2023-04-07T16:00:00,16,4,4,0,35.38,46.66,365.2,28.01,19.38,16.232,76.58,-3.148,0.0
2023-04-07T17:00:00,17,4,4,0,35.96,51.43,314.19,0.0,22.351,15.018,69.55,-7.333,0.0
2023-04-07T18:00:00,18,4,4,0,34.19,50.88,60.86,19.6,26.334,2.842,49.27,-20.0,3.492
2023-04-07T19:00:00,19,4,4,0,30.98,36.01,1.19,18.93,27.133,0.0,29.16,-20.0,7.133
2023-04-07T20:00:00,20,4,4,0,27.05,58.64,0.23,19.39,26.526,0.0,9.8,-19.376,7.15
2023-04-07T21:00:00,21,4,4,0,29.71,56.73,1.96,0.0,25.318,0.0,10.06,-0.0,25.318
2023-04-07T22:00:00,22,4,4,0,23.43,51.25,0.0,0.0,18.895,0.023,9.9,-0.0,18.872
2023-04-07T23:00:00,23,4,4,0,26.62,56.39,0.0,2.86,16.935,0.0,9.77,-0.0,16.935
2023-04-08T00:00:00,0,5,4,1,24.79,54.28,0.0,5.09,13.198,0.0,10.29,-0.0,13.198
2023-04-08T01:00:00,1,5,4,1,24.0,46.75,3.03,15.57,12.509,0.01,9.67,-0.0,12.499
2023-04-08T02:00:00,2,5,4,1,20.9,69.54,0.0,20.48,9.348,0.0,9.94,-0.0,9.348
2023-04-08T03:00:00,3,5,4,1,19.85,59.82,1.93,23.68,11.283,0.012,10.24,-0.0,11.271
2023-04-08T04:00:00,4,5,4,1,22.58,61.31,0.0,30.17,9.977,0.008,10.01,-0.0,9.969
2023-04-08T05:00:00,5,5,4,1,22.1,56.26,0.15,22.21,12.369,0.0,10.37,-0.0,12.369
2023-04-08T06:00:00,6,5,4,1,23.05,54.89,51.64,5.65,11.827,2.519,10.12,-0.0,9.308
2023-04-08T07:00:00,7,5,4,1,25.53,56.35,266.34,9.24,14.765,12.351,9.82,-0.0,2.414
2023-04-08T08:00:00,8,5,4,1,30.58,48.43,440.07,15.07,17.358,20.511,13.01,3.153,0.0
2023-04-08T09:00:00,9,5,4,1,30.22,63.03,553.41,19.89,21.176,25.959,17.22,4.783,0.0
2023-04-08T10:00:00,10,5,4,1,32.52,61.26,523.23,45.01,20.017,25.749,22.54,5.732,0.0
2023-04-08T11:00:00,11,5,4,1,33.66,56.81,680.07,30.26,20.914,30.688,31.42,9.774,0.0
2023-04-08T12:00:00,12,5,4,1,35.53,52.97,680.47,33.5,24.41,30.565,37.13,6.155,0.0
2023-04-08T13:00:00,13,5,4,1,33.86,52.52,570.86,44.99,22.187,27.426,42.16,5.239,0.0
2023-04-08T14:00:00,14,5,4,1,31.85,56.66,744.42,5.5,19.665,34.453,55.52,14.788,0.0
2023-04-08T15:00:00,15,5,4,1,34.82,62.09,326.38,66.61,19.952,15.11,50.52,-4.842,0.0
2023-04-08T16:00:00,16,5,4,1,36.18,48.96,414.8,17.69,19.966,19.31,50.22,-0.656,0.0
2023-04-08T17:00:00,17,5,4,1,33.33,51.34,185.87,46.0,19.799,8.432,38.75,-11.367,0.0
2023-04-08T18:00:00,18,5,4,1,33.23,47.88,33.82,38.92,20.627,1.457,19.76,-19.17,0.0
2023-04-08T19:00:00,19,5,4,1,30.84,51.38,0.0,0.0,20.052,0.0,9.88,-9.619,10.433
2023-04-08T20:00:00,20,5,4,1,32.58,52.14,0.0,20.69,21.561,0.0,10.15,-0.0,21.561
2023-04-08T21:00:00,21,5,4,1,30.16,57.54,0.0,0.0,19.713,0.009,10.11,-0.0,19.704
2023-04-08T22:00:00,22,5,4,1,28.16,58.45,0.75,5.16,19.173,0.036,10.08,-0.0,19.137
2023-04-08T23:00:00,23,5,4,1,26.1,54.68,0.0,4.26,15.148,0.0,9.8,-0.0,15.148
2023-04-09T00:00:00,0,6,4,1,23.72,54.75,0.0,0.0,13.079,0.0,9.99,-0.0,13.079
2023-04-09T01:00:00,1,6,4,1,22.98,53.91,1.35,27.38,12.145,0.021,10.14,-0.0,12.124
2023-04-09T02:00:00,2,6,4,1,20.62,64.25,0.0,13.94,11.013,0.005,9.92,-0.0,11.008
2023-04-09T03:00:00,3,6,4,1,19.57,61.29,0.5,27.58,11.398,0.0,9.69,-0.0,11.398
2023-04-09T04:00:00,4,6,4,1,22.96,65.03,1.64,42.87,11.319,0.014,9.9,-0.0,11.305
2023-04-09T05:00:00,5,6,4,1,22.87,67.78,2.32,41.85,11.806,0.026,9.86,-0.0,11.78
2023-04-09T06:00:00,6,6,4,1,25.51,53.8,37.84,16.34,14.268,1.792,9.91,-0.0,12.476
2023-04-09T07:00:00,7,6,4,1,27.7,53.76,193.97,32.88,11.955,8.256,9.78,-0.0,3.699
2023-04-09T08:00:00,8,6,4,1,28.69,65.15,464.07,2.58,19.025,23.247,14.0,4.222,0.0
2023-04-09T09:00:00,9,6,4,1,27.7,58.35,565.92,16.08,18.86,25.35,19.95,6.49,0.0
2023-04-09T10:00:00,10,6,4,1,29.85,52.66,721.8,15.15,21.391,35.049,32.28,13.658,0.0
2023-04-09T11:00:00,11,6,4,1,32.29,61.94,641.07,35.36,20.227,29.886,41.24,9.659,0.0
2023-04-09T12:00:00,12,6,4,1,36.7,49.1,770.82,17.51,23.485,35.23,51.98,11.745,0.0
2023-04-09T13:00:00,13,6,4,1,36.53,50.73,846.51,6.63,23.032,38.48,66.4,15.448,0.0
2023-04-09T14:00:00,14,6,4,1,36.09,45.8,767.88,1.94,21.294,35.469,79.21,14.175,0.0
2023-04-09T15:00:00,15,6,4,1,34.66,50.1,615.53,6.96,20.601,29.041,87.0,8.44,0.0
2023-04-09T16:00:00,16,6,4,1,34.15,53.91,330.82,39.1,20.419,15.808,82.53,-4.611,0.0
2023-04-09T17:00:00,17,6,4,1,35.06,47.7,257.14,16.92,19.922,11.794,74.26,-8.128,0.0
2023-04-09T18:00:00,18,6,4,1,31.12,57.76,43.83,36.41,20.891,1.966,55.72,-18.925,0.0
2023-04-09T19:00:00,19,6,4,1,30.95,51.75,0.0,25.15,21.628,0.022,35.36,-20.0,1.606
2023-04-09T20:00:00,20,6,4,1,30.11,60.1,0.0,37.16,20.042,0.0,15.58,-20.0,0.042
2023-04-09T21:00:00,21,6,4,1,30.19,52.61,0.0,16.94,18.936,0.01,10.13,-5.466,13.46
2023-04-09T22:00:00,22,6,4,1,26.46,50.1,4.09,33.7,18.187,0.024,9.79,-0.0,18.163
2023-04-09T23:00:00,23,6,4,1,23.19,63.94,0.23,35.93,15.799,0.0,9.96,-0.0,15.799
2023-04-10T00:00:00,0,0,4,0,24.38,62.03,1.46,27.01,12.251,0.008,9.87,-0.0,12.243
2023-04-10T01:00:00,1,0,4,0,22.33,69.77,0.0,17.21,10.078,0.0,10.14,-0.0,10.078
2023-04-10T02:00:00,2,0,4,0,23.85,56.49,0.0,8.76,11.777,0.0,9.99,-0.0,11.777
2023-04-10T03:00:00,3,0,4,0,22.6,63.15,1.65,43.09,9.102,0.009,10.13,-0.0,9.093
2023-04-10T04:00:00,4,0,4,0,22.19,58.39,0.77,0.0,9.478,0.019,10.24,-0.0,9.459
2023-04-10T05:00:00,5,0,4,0,24.33,63.38,2.52,23.08,12.304,0.016,10.26,-0.0,12.288
2023-04-10T06:00:00,6,0,4,0,22.63,61.86,54.91,8.82,13.722,2.716,9.84,-0.0,11.006
2023-04-10T07:00:00,7,0,4,0,25.93,56.98,272.09,9.69,18.214,13.517,9.82,-0.0,4.697
2023-04-10T08:00:00,8,0,4,0,27.95,54.19,422.45,10.15,19.31,20.854,11.24,1.544,0.0
2023-04-10T09:00:00,9,0,4,0,27.83,57.89,627.93,5.2,20.332,29.861,20.36,9.529,0.0
2023-04-10T10:00:00,10,0,4,0,27.91,54.34,715.1,12.43,18.463,36.694,37.07,18.231,0.0
2023-04-10T11:00:00,11,0,4,0,33.18,46.72,728.92,21.41,17.68,34.715,52.73,17.035,0.0
2023-04-10T12:00:00,12,0,4,0,34.36,50.46,487.68,57.75,19.22,24.89,57.93,5.67,0.0
2023-04-10T13:00:00,13,0,4,0,34.35,52.23,648.52,29.23,16.675,31.382,71.32,14.707,0.0
2023-04-10T14:00:00,14,0,4,0,32.28,55.14,630.06,27.31,16.119,30.594,84.71,14.475,0.0
2023-04-10T15:00:00,15,0,4,0,36.96,66.15,448.9,39.43,20.86,20.069,83.96,-0.791,0.0
2023-04-10T16:00:00,16,0,4,0,32.87,56.29,310.19,45.14,20.04,13.942,77.82,-6.098,0.0
2023-04-10T17:00:00,17,0,4,0,35.24,49.65,301.41,4.01,23.932,13.931,67.71,-10.001,0.0
2023-04-10T18:00:00,18,0,4,0,31.65,51.77,56.29,19.99,26.211,2.612,48.05,-20.0,3.599
2023-04-10T19:00:00,19,0,4,0,30.82,54.35,0.0,0.0,27.028,0.0,27.63,-20.0,7.028
2023-04-10T20:00:00,20,0,4,0,29.51,55.35,0.0,13.17,26.698,0.027,9.94,-17.806,8.865
2023-04-10T21:00:00,21,0,4,0,28.56,50.89,0.77,10.56,22.541,0.013,10.22,-0.0,22.528
2023-04-10T22:00:00,22,0,4,0,27.59,47.97,1.0,0.0,21.567,0.024,10.14,-0.0,21.543
2023-04-10T23:00:00,23,0,4,0,26.99,54.73,0.63,22.59,16.078,0.0,9.81,-0.0,16.078
2023-04-11T00:00:00,0,1,4,0,23.99,50.79,0.0,0.0,11.721,0.018,9.67,-0.0,11.703
2023-04-11T01:00:00,1,1,4,0,26.48,52.48,0.0,0.0,11.181,0.014,9.85,-0.0,11.167
2023-04-11T02:00:00,2,1,4,0,22.86,58.57,0.51,14.9,10.864,0.0,10.02,-0.0,10.864
2023-04-11T03:00:00,3,1,4,0,22.41,57.38,0.0,26.7,10.581,0.01,10.01,-0.0,10.571
2023-04-11T04:00:00,4,1,4,0,21.06,63.89,0.0,0.0,7.481,0.0,10.0,-0.0,7.481
2023-04-11T05:00:00,5,1,4,0,21.34,62.26,0.06,0.0,14.222,0.002,10.09,-0.0,14.22
2023-04-11T06:00:00,6,1,4,0,24.34,55.05,66.58,9.24,17.252,3.204,10.0,-0.0,14.048
2023-04-11T07:00:00,7,1,4,0,25.65,51.66,253.38,15.9,20.544,12.089,10.14,-0.0,8.455
2023-04-11T08:00:00,8,1,4,0,24.49,58.77,390.66,27.97,21.293,18.449,10.11,-0.0,2.844
2023-04-11T09:00:00,9,1,4,0,28.38,54.87,564.48,19.65,21.68,26.307,13.93,4.627,0.0
2023-04-11T10:00:00,10,1,4,0,30.29,51.74,787.12,3.43,18.99,37.562,31.36,18.572,0.0
2023-04-11T11:00:00,11,1,4,0,34.25,55.06,511.73,51.24,19.016,23.678,35.6,4.662,0.0
2023-04-11T12:00:00,12,1,4,0,31.78,49.31,717.9,25.59,17.189,34.648,51.74,17.459,0.0
2023-04-11T13:00:00,13,1,4,0,33.4,52.77,731.47,18.45,17.685,32.7,65.47,15.015,0.0
2023-04-11T14:00:00,14,1,4,0,36.21,52.11,567.31,37.17,19.92,25.839,70.71,5.919,0.0
2023-04-11T15:00:00,15,1,4,0,37.12,49.1,553.58,17.53,17.596,24.74,77.59,7.144,0.0
2023-04-11T16:00:00,16,1,4,0,34.57,54.5,373.56,32.28,20.089,17.281,74.82,-2.808,0.0
2023-04-11T17:00:00,17,1,4,0,34.35,51.0,246.15,13.58,21.598,11.48,64.32,-10.118,0.0
2023-04-11T18:00:00,18,1,4,0,35.34,56.24,52.14,47.47,28.044,2.3,44.86,-20.0,5.744
2023-04-11T19:00:00,19,1,4,0,29.35,56.52,0.0,42.98,25.273,0.048,24.74,-20.0,5.225
2023-04-11T20:00:00,20,1,4,0,28.34,55.74,0.34,8.82,25.41,0.007,9.87,-14.6,10.803
2023-04-11T21:00:00,21,1,4,0,28.43,50.17,0.0,7.98,24.249,0.0,9.84,-0.0,24.249
2023-04-11T22:00:00,22,1,4,0,29.73,49.26,0.0,19.01,21.839,0.0,10.03,-0.0,21.839
2023-04-11T23:00:00,23,1,4,0,25.27,51.6,0.0,11.67,17.545,0.007,10.02,-0.0,17.538
2023-04-12T00:00:00,0,2,4,0,24.85,53.41,1.92,15.11,12.784,0.0,10.09,-0.0,12.784
2023-04-12T01:00:00,1,2,4,0,25.25,49.61,0.58,11.58,9.645,0.0,10.07,-0.0,9.645
2023-04-12T02:00:00,2,2,4,0,26.19,45.33,0.37,0.0,9.011,0.0,10.09,-0.0,9.011
2023-04-12T03:00:00,3,2,4,0,21.92,61.71,0.08,20.36,8.384,0.019,9.83,-0.0,8.365
2023-04-12T04:00:00,4,2,4,0,22.77,64.06,0.0,13.39,9.3,0.027,9.98,-0.0,9.273
2023-04-12T05:00:00,5,2,4,0,26.41,60.61,0.0,27.67,12.452,0.003,10.05,-0.0,12.449
2023-04-12T06:00:00,6,2,4,0,21.37,58.11,49.07,27.19,16.587,2.456,9.96,-0.0,14.131
2023-04-12T07:00:00,7,2,4,0,27.24,47.79,234.57,21.05,20.268,11.559,10.1,-0.0,8.709
2023-04-12T08:00:00,8,2,4,0,25.87,59.39,386.94,29.74,19.095,18.081,10.16,-0.0,1.014
2023-04-12T09:00:00,9,2,4,0,30.19,48.72,489.18,34.43,21.263,24.166,12.55,2.903,0.0
2023-04-12T10:00:00,10,2,4,0,30.6,57.28,511.67,42.28,18.571,24.318,17.95,5.747,0.0
2023-04-12T11:00:00,11,2,4,0,31.18,50.16,711.98,20.7,14.504,34.991,36.28,20.0,0.0
2023-04-12T12:00:00,12,2,4,0,32.75,41.99,750.2,21.34,17.868,36.214,53.17,18.346,0.0
2023-04-12T13:00:00,13,2,4,0,35.15,59.98,678.03,24.75,18.932,31.568,64.61,12.636,0.0
2023-04-12T14:00:00,14,2,4,0,36.83,41.81,793.14,0.93,18.466,35.959,81.02,17.493,0.0
2023-04-12T15:00:00,15,2,4,0,35.83,51.08,506.41,29.12,18.913,25.179,87.15,6.266,0.0
2023-04-12T16:00:00,16,2,4,0,35.61,48.96,452.78,6.64,20.919,19.515,85.38,-1.404,0.0
2023-04-12T17:00:00,17,2,4,0,35.61,52.46,194.4,41.34,24.089,8.881,70.45,-15.208,0.0
2023-04-12T18:00:00,18,2,4,0,32.28,53.59,84.33,5.46,24.623,3.737,50.3,-20.0,0.886
2023-04-12T19:00:00,19,2,4,0,33.09,47.48,0.0,7.88,27.388,0.022,29.99,-20.0,7.366
2023-04-12T20:00:00,20,2,4,0,32.23,55.12,0.0,18.28,26.666,0.002,10.17,-20.0,6.664
2023-04-12T21:00:00,21,2,4,0,32.99,54.94,0.0,21.94,27.365,0.0,10.12,-0.108,27.257
2023-04-12T22:00:00,22,2,4,0,26.57,50.0,0.82,22.04,20.79,0.045,10.11,-0.0,20.745
2023-04-12T23:00:00,23,2,4,0,25.99,58.45,0.0,22.46,15.372,0.0,9.89,-0.0,15.372
2023-04-13T00:00:00,0,3,4,0,26.46,52.72,1.18,28.97,10.97,0.01,10.03,-0.0,10.96
2023-04-13T01:00:00,1,3,4,0,25.6,52.29,0.0,26.64,9.784,0.0,10.25,-0.0,9.784
2023-04-13T02:00:00,2,3,4,0,22.85,64.66,0.22,50.53,8.496,0.0,9.77,-0.0,8.496
2023-04-13T03:00:00,3,3,4,0,22.97,58.64,0.0,34.11,12.004,0.033,10.16,-0.0,11.971
2023-04-13T04:00:00,4,3,4,0,25.19,59.4,1.05,21.28,9.653,0.002,10.18,-0.0,9.651
2023-04-13T05:00:00,5,3,4,0,22.82,61.58,1.81,26.79,13.113,0.0,9.74,-0.0,13.113
2023-04-13T06:00:00,6,3,4,0,24.02,51.23,92.91,22.57,15.108,4.534,9.91,-0.0,10.574
2023-04-13T07:00:00,7,3,4,0,25.78,62.45,208.63,31.48,18.925,10.057,9.96,-0.0,8.868
2023-04-13T08:00:00,8,3,4,0,30.17,55.16,432.43,14.15,22.007,20.254,10.13,-0.0,1.753
2023-04-13T09:00:00,9,3,4,0,29.77,52.19,531.09,22.0,21.476,25.424,13.63,3.948,0.0
2023-04-13T10:00:00,10,3,4,0,28.5,52.61,742.37,5.13,17.514,34.394,29.08,16.88,0.0
2023-04-13T11:00:00,11,3,4,0,30.07,56.22,814.08,4.78,17.262,38.021,47.57,20.0,0.0
2023-04-13T12:00:00,12,3,4,0,32.47,53.57,645.48,32.16,18.072,30.422,58.99,12.35,0.0
2023-04-13T13:00:00,13,3,4,0,34.21,59.96,873.2,0.0,16.851,42.541,77.3,20.0,0.0
2023-04-13T14:00:00,14,3,4,0,35.11,57.33,743.6,6.59,18.413,33.516,91.46,15.103,0.0
2023-04-13T15:00:00,15,3,4,0,33.65,50.28,653.25,0.0,16.258,29.333,100.0,9.545,0.0
2023-04-13T16:00:00,16,3,4,0,36.12,50.87,381.64,24.55,20.465,17.679,97.33,-2.786,0.0
2023-04-13T17:00:00,17,3,4,0,34.46,48.33,287.31,0.0,23.021,13.83,87.86,-9.191,0.0
2023-04-13T18:00:00,18,3,4,0,33.93,47.77,55.18,8.23,26.025,2.627,68.08,-20.0,3.398
2023-04-13T19:00:00,19,3,4,0,34.54,49.83,0.0,0.0,29.011,0.0,47.95,-20.0,9.011
2023-04-13T20:00:00,20,3,4,0,32.45,53.98,2.64,1.26,28.55,0.013,27.95,-20.0,8.537
2023-04-13T21:00:00,21,3,4,0,28.94,48.51,0.0,19.8,24.298,0.0,10.23,-18.023,6.275
2023-04-13T22:00:00,22,3,4,0,26.97,60.69,0.0,27.4,17.11,0.003,9.9,-0.0,17.107
2023-04-13T23:00:00,23,3,4,0,25.92,58.79,0.0,1.17,16.775,0.0,9.92,-0.0,16.775
2023-04-14T00:00:00,0,4,4,0,24.59,59.75,2.26,14.76,11.609,0.0,9.74,-0.0,11.609
2023-04-14T01:00:00,1,4,4,0,24.87,53.87,0.0,0.0,10.421,0.0,9.87,-0.0,10.421
2023-04-14T02:00:00,2,4,4,0,22.25,58.61,1.08,0.0,11.665,0.002,9.75,-0.0,11.663
2023-04-14T03:00:00,3,4,4,0,23.29,65.74,0.0,25.71,7.926,0.0,10.18,-0.0,7.926
2023-04-14T04:00:00,4,4,4,0,20.7,56.52,1.22,0.0,10.403,0.006,10.06,-0.0,10.397
2023-04-14T05:00:00,5,4,4,0,24.04,55.74,0.0,4.33,13.861,0.0,10.12,-0.0,13.861
2023-04-14T06:00:00,6,4,4,0,25.38,66.84,88.57,12.9,15.56,4.296,10.07,-0.0,11.264
2023-04-14T07:00:00,7,4,4,0,26.35,58.37,242.87,20.84,18.121,11.685,9.86,-0.0,6.436
2023-04-14T08:00:00,8,4,4,0,30.42,46.43,490.33,0.0,22.225,24.242,11.98,2.017,0.0
2023-04-14T09:00:00,9,4,4,0,28.06,59.42,579.17,15.28,22.079,26.977,16.33,4.898,0.0
2023-04-14T10:00:00,10,4,4,0,31.89,53.69,746.55,6.83,20.871,34.542,29.03,13.671,0.0
2023-04-14T11:00:00,11,4,4,0,32.95,47.82,808.44,6.79,17.457,38.804,46.93,20.0,0.0
2023-04-14T12:00:00,12,4,4,0,34.13,45.11,820.32,8.03,19.402,40.293,65.56,20.0,0.0
2023-04-14T13:00:00,13,4,4,0,34.3,54.16,706.48,24.2,18.283,32.7,78.9,14.417,0.0
2023-04-14T14:00:00,14,4,4,0,36.65,51.51,636.04,25.15,16.239,29.501,91.25,13.262,0.0
2023-04-14T15:00:00,15,4,4,0,36.88,42.79,629.33,7.31,19.714,27.173,97.83,7.459,0.0
2023-04-14T16:00:00,16,4,4,0,38.0,47.45,475.26,3.93,24.081,22.597,96.92,-1.484,0.0
2023-04-14T17:00:00,17,4,4,0,35.12,48.92,257.96,5.27,23.192,11.43,85.01,-11.762,0.0
2023-04-14T18:00:00,18,4,4,0,35.36,51.23,67.39,18.61,28.703,3.042,65.02,-20.0,5.661
2023-04-14T19:00:00,19,4,4,0,32.81,52.61,0.0,0.0,26.601,0.0,45.04,-20.0,6.601
2023-04-14T20:00:00,20,4,4,0,32.84,41.74,0.0,2.72,26.756,0.018,24.9,-20.0,6.738
2023-04-14T21:00:00,21,4,4,0,29.47,51.57,0.0,34.28,25.037,0.0,9.83,-14.82,10.217
2023-04-14T22:00:00,22,4,4,0,29.8,51.83,0.0,16.35,21.376,0.039,10.07,-0.0,21.337
2023-04-14T23:00:00,23,4,4,0,29.72,61.31,0.0,18.82,17.491,0.009,9.93,-0.0,17.482
2023-04-15T00:00:00,0,5,4,1,24.47,66.75,0.0,1.12,13.648,0.0,9.97,-0.0,13.648
2023-04-15T01:00:00,1,5,4,1,21.47,56.41,1.2,0.0,11.244,0.003,10.13,-0.0,11.241
2023-04-15T02:00:00,2,5,4,1,23.01,58.65,0.0,19.15,9.892,0.0,9.92,-0.0,9.892
2023-04-15T03:00:00,3,5,4,1,25.83,44.52,0.0,18.3,11.135,0.03,9.91,-0.0,11.105
2023-04-15T04:00:00,4,5,4,1,24.3,64.51,0.07,34.33,10.576,0.005,10.14,-0.0,10.571
2023-04-15T05:00:00,5,5,4,1,24.94,59.36,0.73,17.5,12.198,0.003,9.88,-0.0,12.195
2023-04-15T06:00:00,6,5,4,1,26.94,62.63,35.93,52.19,13.326,1.718,9.95,-0.0,11.608
2023-04-15T07:00:00,7,5,4,1,28.07,47.32,269.17,5.26,14.371,12.829,9.99,-0.0,1.542
2023-04-15T08:00:00,8,5,4,1,29.95,65.86,367.39,28.24,19.425,17.409,10.09,-0.0,2.016
2023-04-15T09:00:00,9,5,4,1,31.72,58.74,635.57,2.59,18.517,30.736,21.35,12.219,0.0
2023-04-15T10:00:00,10,5,4,1,32.92,55.54,624.97,26.49,21.392,27.657,26.91,6.265,0.0
2023-04-15T11:00:00,11,5,4,1,33.02,56.01,820.63,6.74,21.528,38.148,42.04,16.62,0.0
2023-04-15T12:00:00,12,5,4,1,34.74,49.35,876.16,0.0,22.703,40.984,59.31,18.281,0.0
2023-04-15T13:00:00,13,5,4,1,35.74,53.02,837.37,2.44,22.34,35.918,71.27,13.578,0.0
2023-04-15T14:00:00,14,5,4,1,35.95,43.74,721.18,12.31,22.846,34.163,82.08,11.317,0.0
2023-04-15T15:00:00,15,5,4,1,39.28,36.89,575.96,11.11,23.32,27.049,85.44,3.729,0.0
2023-04-15T16:00:00,16,5,4,1,36.33,41.87,492.96,0.0,20.645,21.051,85.86,0.406,0.0
2023-04-15T17:00:00,17,5,4,1,36.51,44.16,296.31,0.49,20.94,13.372,78.3,-7.568,0.0
2023-04-15T18:00:00,18,5,4,1,34.81,50.77,55.3,32.92,21.288,2.516,59.45,-18.772,0.0
2023-04-15T19:00:00,19,5,4,1,33.32,52.53,0.98,2.78,21.341,0.021,39.47,-20.0,1.32
2023-04-15T20:00:00,20,5,4,1,32.66,50.72,0.51,11.77,22.964,0.009,19.53,-20.0,2.955
2023-04-15T21:00:00,21,5,4,1,32.38,53.08,1.81,18.84,21.507,0.0,10.04,-9.482,12.025
2023-04-15T22:00:00,22,5,4,1,29.32,46.15,0.07,0.0,19.233,0.001,9.58,-0.0,19.232
2023-04-15T23:00:00,23,5,4,1,25.31,47.93,0.0,0.0,15.212,0.013,9.99,-0.0,15.199
2023-04-16T00:00:00,0,6,4,1,25.33,54.48,1.31,0.0,12.345,0.002,10.12,-0.0,12.343
2023-04-16T01:00:00,1,6,4,1,26.82,53.28,0.0,16.96,12.428,0.0,9.89,-0.0,12.428
2023-04-16T02:00:00,2,6,4,1,23.71,59.44,0.0,28.34,12.275,0.029,10.07,-0.0,12.246
2023-04-16T03:00:00,3,6,4,1,21.0,63.3,0.0,26.2,9.075,0.004,10.15,-0.0,9.071
2023-04-16T04:00:00,4,6,4,1,26.42,64.56,2.72,17.95,12.616,0.0,10.01,-0.0,12.616
2023-04-16T05:00:00,5,6,4,1,25.03,59.79,3.13,36.41,13.325,0.014,10.02,-0.0,13.311
2023-04-16T06:00:00,6,6,4,1,26.15,67.5,68.19,30.8,14.218,3.273,9.8,-0.0,10.945
2023-04-16T07:00:00,7,6,4,1,26.87,60.67,202.89,34.8,16.093,9.724,9.99,-0.0,6.369
2023-04-16T08:00:00,8,6,4,1,30.77,58.71,366.33,26.58,17.387,16.13,10.07,-0.0,1.257
2023-04-16T09:00:00,9,6,4,1,28.81,61.23,518.43,24.08,17.181,25.89,17.95,8.709,0.0
2023-04-16T10:00:00,10,6,4,1,34.45,54.5,728.15,10.98,22.159,34.027,28.87,11.868,0.0
2023-04-16T11:00:00,11,6,4,1,33.5,47.35,774.74,10.52,22.226,36.898,42.51,14.672,0.0
2023-04-16T12:00:00,12,6,4,1,34.64,58.96,678.83,29.31,21.622,29.876,50.08,8.254,0.0
2023-04-16T13:00:00,13,6,4,1,35.84,50.62,658.54,26.66,22.992,30.781,57.26,7.789,0.0
2023-04-16T14:00:00,14,6,4,1,37.03,50.36,748.89,6.77,23.803,34.854,67.12,11.051,0.0
2023-04-16T15:00:00,15,6,4,1,38.3,48.23,630.84,2.9,23.422,28.513,72.1,5.091,0.0
2023-04-16T16:00:00,16,6,4,1,35.36,59.78,346.0,35.38,20.879,15.199,66.12,-5.68,0.0
2023-04-16T17:00:00,17,6,4,1,33.45,51.77,290.84,0.0,17.702,13.459,62.08,-4.243,0.0
2023-04-16T18:00:00,18,6,4,1,35.04,42.0,111.98,0.0,20.571,4.987,46.82,-15.584,0.0
2023-04-16T19:00:00,19,6,4,1,34.97,59.43,0.0,0.0,23.04,0.0,26.62,-20.0,3.04
2023-04-16T20:00:00,20,6,4,1,33.03,54.21,1.15,0.0,23.127,0.0,10.05,-16.532,6.595
2023-04-16T21:00:00,21,6,4,1,31.54,48.1,1.05,0.0,19.571,0.001,9.87,-0.0,19.57
2023-04-16T22:00:00,22,6,4,1,28.43,47.16,0.28,1.91,18.414,0.015,10.23,-0.0,18.399
2023-04-16T23:00:00,23,6,4,1,26.78,58.22,1.82,0.0,17.51,0.0,10.05,-0.0,17.51
2023-04-17T00:00:00,0,0,4,0,25.27,49.21,0.0,0.0,11.884,0.0,9.65,-0.0,11.884
2023-04-17T01:00:00,1,0,4,0,24.51,63.07,0.0,29.0,10.267,0.0,9.9,-0.0,10.267
2023-04-17T02:00:00,2,0,4,0,23.67,63.52,0.0,19.97,8.499,0.0,10.04,-0.0,8.499
2023-04-17T03:00:00,3,0,4,0,26.39,55.14,0.0,31.35,10.708,0.004,9.97,-0.0,10.704
2023-04-17T04:00:00,4,0,4,0,21.46,54.39,0.0,11.22,9.741,0.017,10.16,-0.0,9.724
2023-04-17T05:00:00,5,0,4,0,26.04,55.14,0.0,24.08,14.089,0.016,9.83,-0.0,14.073
2023-04-17T06:00:00,6,0,4,0,23.99,56.29,47.09,41.51,15.676,2.292,10.03,-0.0,13.384
2023-04-17T07:00:00,7,0,4,0,27.4,63.19,161.91,59.43,19.572,7.198,9.91,-0.0,12.374
2023-04-17T08:00:00,8,0,4,0,27.98,59.57,357.11,32.68,22.048,17.126,10.02,-0.0,4.922
2023-04-17T09:00:00,9,0,4,0,27.92,61.87,447.75,35.91,19.697,21.822,11.87,2.125,0.0
2023-04-17T10:00:00,10,0,4,0,32.06,48.69,678.79,15.28,20.192,30.418,21.37,10.226,0.0
2023-04-17T11:00:00,11,0,4,0,33.23,56.36,749.32,14.95,17.47,34.802,37.53,17.332,0.0
2023-04-17T12:00:00,12,0,4,0,31.15,50.49,661.97,29.05,15.194,31.131,51.73,15.937,0.0
2023-04-17T13:00:00,13,0,4,0,36.48,53.03,794.9,4.62,17.779,40.084,70.68,20.0,0.0
2023-04-17T14:00:00,14,0,4,0,38.53,40.74,728.3,7.78,19.531,36.053,86.09,16.522,0.0
2023-04-17T15:00:00,15,0,4,0,40.17,55.64,587.78,11.27,23.905,26.8,88.16,2.895,0.0
2023-04-17T16:00:00,16,0,4,0,36.39,46.81,451.86,8.21,20.194,20.22,88.47,0.026,0.0
2023-04-17T17:00:00,17,0,4,0,35.61,54.01,266.01,16.03,24.309,12.331,76.41,-11.978,0.0
2023-04-17T18:00:00,18,0,4,0,36.97,52.85,54.14,10.61,27.666,2.572,56.4,-20.0,5.094
2023-04-17T19:00:00,19,0,4,0,36.86,45.32,0.0,24.96,29.157,0.042,36.17,-20.0,9.115
2023-04-17T20:00:00,20,0,4,0,33.8,54.66,0.55,5.84,29.594,0.036,16.14,-20.0,9.558
2023-04-17T21:00:00,21,0,4,0,29.67,51.46,0.0,15.52,23.347,0.0,9.93,-6.28,17.067
2023-04-17T22:00:00,22,0,4,0,28.95,53.17,0.0,16.18,19.48,0.0,9.94,-0.0,19.48
2023-04-17T23:00:00,23,0,4,0,27.61,51.92,0.0,15.07,17.765,0.016,9.82,-0.0,17.749
2023-04-18T00:00:00,0,1,4,0,23.85,65.87,0.21,18.1,11.667,0.0,9.88,-0.0,11.667
2023-04-18T01:00:00,1,1,4,0,25.41,50.03,0.0,10.99,11.197,0.007,10.15,-0.0,11.19
2023-04-18T02:00:00,2,1,4,0,27.79,59.62,0.0,30.36,10.099,0.0,10.23,-0.0,10.099
2023-04-18T03:00:00,3,1,4,0,24.28,57.82,1.4,40.63,9.755,0.0,9.86,-0.0,9.755
2023-04-18T04:00:00,4,1,4,0,26.84,64.75,0.0,39.02,9.01,0.001,10.37,-0.0,9.009
2023-04-18T05:00:00,5,1,4,0,25.38,69.23,0.0,22.56,13.222,0.0,9.78,-0.0,13.222
2023-04-18T06:00:00,6,1,4,0,25.96,55.3,60.18,30.19,15.725,2.919,9.82,-0.0,12.806
2023-04-18T07:00:00,7,1,4,0,27.18,54.99,296.91,6.92,20.061,14.08,9.72,-0.0,5.981
2023-04-18T08:00:00,8,1,4,0,27.52,55.06,383.41,26.13,21.258,18.475,9.73,-0.0,2.783
2023-04-18T09:00:00,9,1,4,0,30.1,58.04,595.0,8.05,22.415,29.371,16.57,6.956,0.0
2023-04-18T10:00:00,10,1,4,0,33.98,51.91,613.1,24.26,20.898,28.014,22.87,7.116,0.0
2023-04-18T11:00:00,11,1,4,0,35.93,61.68,464.21,58.07,21.175,20.974,22.74,-0.201,0.0
2023-04-18T12:00:00,12,1,4,0,33.62,49.36,785.32,10.95,16.437,35.792,40.5,19.355,0.0
2023-04-18T13:00:00,13,1,4,0,37.63,68.58,414.21,65.74,18.544,19.416,41.15,0.872,0.0
2023-04-18T14:00:00,14,1,4,0,36.23,41.86,583.05,30.31,20.77,26.0,45.9,5.23,0.0
2023-04-18T15:00:00,15,1,4,0,37.75,52.64,530.34,22.12,21.22,24.7,49.02,3.48,0.0
2023-04-18T16:00:00,16,1,4,0,37.82,51.49,380.52,27.61,24.027,16.436,41.72,-7.591,0.0
2023-04-18T17:00:00,17,1,4,0,37.84,56.8,159.17,64.29,25.534,7.182,23.47,-18.352,0.0
2023-04-18T18:00:00,18,1,4,0,35.01,56.38,53.24,40.05,26.532,2.448,9.84,-13.424,10.66
2023-04-18T19:00:00,19,1,4,0,35.67,51.78,1.11,19.39,31.806,0.05,9.64,-0.0,31.756
2023-04-18T20:00:00,20,1,4,0,33.11,53.89,0.0,18.68,26.344,0.0,10.12,-0.0,26.344
2023-04-18T21:00:00,21,1,4,0,31.46,57.12,1.84,27.88,25.765,0.03,10.14,-0.0,25.735
2023-04-18T22:00:00,22,1,4,0,27.85,64.91,0.0,21.84,16.654,0.0,9.77,-0.0,16.654
2023-04-18T23:00:00,23,1,4,0,31.26,42.47,0.12,35.27,20.023,0.0,9.8,-0.0,20.023
2023-04-19T00:00:00,0,2,4,0,26.5,69.92,0.0,47.1,10.825,0.017,10.09,-0.0,10.808
2023-04-19T01:00:00,1,2,4,0,26.8,67.5,0.02,8.25,10.614,0.0,9.69,-0.0,10.614
2023-04-19T02:00:00,2,2,4,0,22.02,49.72,0.0,15.94,9.066,0.017,9.77,-0.0,9.049
2023-04-19T03:00:00,3,2,4,0,23.72,57.53,0.0,14.25,10.51,0.013,10.2,-0.0,10.497
2023-04-19T04:00:00,4,2,4,0,26.65,62.54,0.0,14.29,10.258,0.0,9.9,-0.0,10.258
2023-04-19T05:00:00,5,2,4,0,25.45,64.93,0.0,40.92,13.798,0.025,9.98,-0.0,13.773
2023-04-19T06:00:00,6,2,4,0,23.27,66.42,72.85,17.58,14.756,3.509,9.8,-0.0,11.247
2023-04-19T07:00:00,7,2,4,0,28.08,56.23,273.71,10.76,17.911,13.526,10.15,-0.0,4.385
2023-04-19T08:00:00,8,2,4,0,28.27,49.33,282.18,45.63,20.762,12.968,9.96,-0.0,7.794
2023-04-19T09:00:00,9,2,4,0,33.06,62.95,438.71,42.71,24.683,20.742,10.13,-0.0,3.941
2023-04-19T10:00:00,10,2,4,0,31.99,58.37,602.37,30.6,20.784,28.067,16.6,7.283,0.0
2023-04-19T11:00:00,11,2,4,0,34.53,57.67,787.87,7.54,20.168,36.89,31.89,16.722,0.0
2023-04-19T12:00:00,12,2,4,0,36.36,46.72,592.71,41.23,18.334,26.963,39.98,8.629,0.0
2023-04-19T13:00:00,13,2,4,0,35.31,44.77,773.46,13.8,16.686,35.145,56.85,18.459,0.0
2023-04-19T14:00:00,14,2,4,0,35.38,51.88,646.15,20.41,19.901,30.274,66.44,10.373,0.0
2023-04-19T15:00:00,15,2,4,0,37.17,60.46,447.03,40.22,18.475,19.427,67.27,0.952,0.0
2023-04-19T16:00:00,16,2,4,0,38.07,58.63,424.12,22.08,22.119,20.235,65.32,-1.884,0.0
2023-04-19T17:00:00,17,2,4,0,34.27,50.62,245.36,32.63,22.165,11.383,54.85,-10.782,0.0
2023-04-19T18:00:00,18,2,4,0,33.06,47.98,76.65,0.0,25.849,3.492,34.8,-20.0,2.357
2023-04-19T19:00:00,19,2,4,0,34.82,63.41,0.71,0.0,27.405,0.012,14.58,-20.0,7.393
2023-04-19T20:00:00,20,2,4,0,31.21,48.34,1.01,0.48,28.235,0.0,10.24,-4.759,23.476
2023-04-19T21:00:00,21,2,4,0,31.0,54.53,0.0,0.0,26.14,0.003,9.86,-0.0,26.137
2023-04-19T22:00:00,22,2,4,0,26.69,52.63,0.0,9.12,20.597,0.014,10.1,-0.0,20.583
2023-04-19T23:00:00,23,2,4,0,25.73,56.42,0.0,0.0,15.35,0.0,9.58,-0.0,15.35
2023-04-20T00:00:00,0,3,4,0,26.26,51.18,0.0,11.7,12.433,0.002,9.93,-0.0,12.431
2023-04-20T01:00:00,1,3,4,0,27.21,51.75,0.0,18.01,10.762,0.01,9.69,-0.0,10.752
2023-04-20T02:00:00,2,3,4,0,23.51,57.69,0.0,28.51,10.129,0.0,9.84,-0.0,10.129
2023-04-20T03:00:00,3,3,4,0,27.58,52.66,0.0,15.67,11.684,0.0,10.04,-0.0,11.684
2023-04-20T04:00:00,4,3,4,0,23.58,57.7,0.0,26.59,9.983,0.0,10.02,-0.0,9.983
2023-04-20T05:00:00,5,3,4,0,24.91,57.59,0.0,3.03,13.025,0.016,9.86,-0.0,13.009
2023-04-20T06:00:00,6,3,4,0,29.09,64.26,86.17,17.41,14.161,4.355,9.98,-0.0,9.806
2023-04-20T07:00:00,7,3,4,0,28.42,51.38,253.59,11.8,19.476,11.866,10.02,-0.0,7.61
2023-04-20T08:00:00,8,3,4,0,28.09,52.5,358.89,31.24,22.205,16.83,9.88,-0.0,5.375
2023-04-20T09:00:00,9,3,4,0,30.5,57.63,443.12,41.03,21.308,20.776,10.08,-0.0,0.532
2023-04-20T10:00:00,10,3,4,0,35.2,49.27,586.39,31.26,22.078,26.393,13.96,4.315,0.0
2023-04-20T11:00:00,11,3,4,0,35.93,44.43,653.03,27.79,18.774,28.115,22.46,9.341,0.0
2023-04-20T12:00:00,12,3,4,0,35.2,57.49,729.45,22.14,17.79,32.266,36.13,14.476,0.0
2023-04-20T13:00:00,13,3,4,0,36.53,58.7,407.25,67.91,18.661,18.229,35.36,-0.432,0.0
2023-04-20T14:00:00,14,3,4,0,37.64,55.18,473.96,45.29,18.983,21.22,37.32,2.237,0.0
2023-04-20T15:00:00,15,3,4,0,35.7,46.32,416.82,49.27,20.17,18.635,36.09,-1.535,0.0
2023-04-20T16:00:00,16,3,4,0,37.08,46.49,459.25,10.68,22.77,19.883,33.15,-2.887,0.0
2023-04-20T17:00:00,17,3,4,0,36.37,45.84,226.99,31.48,24.764,10.199,18.19,-14.565,0.0
2023-04-20T18:00:00,18,3,4,0,37.36,48.87,83.85,8.8,25.346,3.975,9.68,-8.52,12.851
2023-04-20T19:00:00,19,3,4,0,36.04,49.05,0.0,0.0,29.606,0.0,10.05,-0.0,29.606
2023-04-20T20:00:00,20,3,4,0,32.66,52.89,1.17,13.25,29.023,0.04,9.87,-0.0,28.983
2023-04-20T21:00:00,21,3,4,0,30.65,54.2,2.09,41.29,24.26,0.0,10.02,-0.0,24.26
2023-04-20T22:00:00,22,3,4,0,29.89,47.72,1.76,1.47,20.243,0.0,9.91,-0.0,20.243
2023-04-20T23:00:00,23,3,4,0,27.25,57.39,0.14,34.32,17.602,0.025,10.05,-0.0,17.577
2023-04-21T00:00:00,0,4,4,0,27.03,60.14,0.0,33.49,13.041,0.013,10.09,-0.0,13.028
2023-04-21T01:00:00,1,4,4,0,26.17,53.76,0.0,19.0,11.609,0.008,9.69,-0.0,11.601
2023-04-21T02:00:00,2,4,4,0,23.78,56.81,0.0,42.49,8.492,0.0,9.82,-0.0,8.492
2023-04-21T03:00:00,3,4,4,0,23.47,50.82,0.0,0.0,8.627,0.0,10.21,-0.0,8.627
2023-04-21T04:00:00,4,4,4,0,27.21,50.49,0.0,3.66,10.894,0.01,10.04,-0.0,10.884
2023-04-21T05:00:00,5,4,4,0,25.51,53.96,0.0,13.7,9.99,0.0,10.08,-0.0,9.99
2023-04-21T06:00:00,6,4,4,0,28.09,48.09,103.89,5.55,17.334,5.202,10.32,-0.0,12.132
2023-04-21T07:00:00,7,4,4,0,26.93,51.16,280.85,0.0,19.316,13.201,10.15,-0.0,6.115
2023-04-21T08:00:00,8,4,4,0,30.6,57.55,482.86,0.0,21.787,22.288,10.45,0.501,0.0
2023-04-21T09:00:00,9,4,4,0,34.53,50.1,558.41,15.77,23.105,25.184,12.18,2.079,0.0
2023-04-21T10:00:00,10,4,4,0,30.85,48.52,630.44,23.18,20.337,27.554,19.19,7.217,0.0
2023-04-21T11:00:00,11,4,4,0,32.34,41.01,761.89,12.56,16.305,36.758,37.6,20.0,0.0
2023-04-21T12:00:00,12,4,4,0,37.37,58.93,771.46,14.03,17.381,35.145,53.78,17.764,0.0
2023-04-21T13:00:00,13,4,4,0,35.5,60.7,559.92,42.15,17.15,26.711,62.83,9.561,0.0
2023-04-21T14:00:00,14,4,4,0,37.06,52.63,630.26,22.61,19.586,28.623,70.91,9.037,0.0
2023-04-21T15:00:00,15,4,4,0,37.62,54.21,612.42,5.9,22.0,27.5,75.94,5.5,0.0
2023-04-21T16:00:00,16,4,4,0,37.02,51.99,447.0,10.12,22.874,19.95,73.18,-2.924,0.0
2023-04-21T17:00:00,17,4,4,0,35.35,52.72,248.86,28.92,23.011,11.725,61.79,-11.286,0.0
2023-04-21T18:00:00,18,4,4,0,35.8,44.59,68.57,15.2,27.584,3.061,41.83,-20.0,4.523
2023-04-21T19:00:00,19,4,4,0,36.0,60.97,0.0,20.18,30.317,0.036,21.39,-20.0,10.281
2023-04-21T20:00:00,20,4,4,0,32.03,50.4,1.4,13.33,27.994,0.005,10.05,-11.716,16.273
2023-04-21T21:00:00,21,4,4,0,30.05,51.12,0.91,9.03,21.944,0.0,9.92,-0.0,21.944
2023-04-21T22:00:00,22,4,4,0,30.01,52.59,0.0,4.75,20.209,0.0,9.92,-0.0,20.209
2023-04-21T23:00:00,23,4,4,0,25.59,58.42,0.57,26.83,17.443,0.0,9.96,-0.0,17.443
2023-04-22T00:00:00,0,5,4,1,26.57,61.61,0.46,34.36,14.745,0.015,9.9,-0.0,14.73
2023-04-22T01:00:00,1,5,4,1,26.35,56.0,0.0,0.0,12.334,0.0,10.11,-0.0,12.334
2023-04-22T02:00:00,2,5,4,1,24.34,53.68,2.7,11.68,12.333,0.0,9.82,-0.0,12.333
2023-04-22T03:00:00,3,5,4,1,25.08,56.41,0.0,12.5,11.68,0.051,9.73,-0.0,11.629
2023-04-22T04:00:00,4,5,4,1,25.02,59.37,0.0,14.79,10.473,0.0,9.98,-0.0,10.473
2023-04-22T05:00:00,5,5,4,1,25.45,51.99,0.24,7.3,10.271,0.0,10.2,-0.0,10.271
2023-04-22T06:00:00,6,5,4,1,26.97,64.56,75.39,26.35,14.344,3.514,9.92,-0.0,10.83
2023-04-22T07:00:00,7,5,4,1,30.37,56.19,232.1,31.92,18.042,10.587,9.96,-0.0,7.455
2023-04-22T08:00:00,8,5,4,1,29.09,62.31,441.95,14.12,16.414,21.304,14.45,4.89,0.0
2023-04-22T09:00:00,9,5,4,1,32.79,43.21,670.0,0.0,21.558,32.837,25.25,11.279,0.0
2023-04-22T10:00:00,10,5,4,1,32.93,54.71,701.7,8.99,21.395,32.099,34.86,10.704,0.0
2023-04-22T11:00:00,11,5,4,1,35.93,43.99,855.14,0.0,21.713,39.842,51.31,18.129,0.0
2023-04-22T12:00:00,12,5,4,1,38.47,45.26,787.03,9.25,24.468,34.911,60.98,10.443,0.0
2023-04-22T13:00:00,13,5,4,1,37.81,55.67,688.38,24.94,22.802,31.463,68.86,8.661,0.0
2023-04-22T14:00:00,14,5,4,1,35.95,51.68,580.57,29.33,22.145,25.426,72.27,3.281,0.0
2023-04-22T15:00:00,15,5,4,1,39.07,64.95,459.22,35.01,23.3,20.181,68.65,-3.119,0.0
2023-04-22T16:00:00,16,5,4,1,39.7,56.6,289.29,50.95,22.504,12.663,58.89,-9.841,0.0
2023-04-22T17:00:00,17,5,4,1,35.78,49.58,219.91,30.23,20.229,10.049,48.99,-10.18,0.0
2023-04-22T18:00:00,18,5,4,1,36.98,55.58,75.88,34.16,22.824,3.326,29.61,-19.498,0.0
2023-04-22T19:00:00,19,5,4,1,34.63,55.09,0.85,47.46,24.661,0.0,10.0,-19.358,5.303
2023-04-22T20:00:00,20,5,4,1,30.71,62.47,0.0,46.67,19.854,0.0,9.96,-0.0,19.854
2023-04-22T21:00:00,21,5,4,1,32.21,54.09,1.87,33.92,22.301,0.0,10.01,-0.0,22.301
2023-04-22T22:00:00,22,5,4,1,27.97,59.86,0.27,33.39,18.731,0.0,10.01,-0.0,18.731
2023-04-22T23:00:00,23,5,4,1,27.66,55.92,0.0,12.95,16.121,0.008,10.31,-0.0,16.113
2023-04-23T00:00:00,0,6,4,1,27.86,53.27,0.0,0.0,11.765,0.029,10.07,-0.0,11.736
2023-04-23T01:00:00,1,6,4,1,23.39,63.25,0.22,18.06,12.549,0.007,9.94,-0.0,12.542
2023-04-23T02:00:00,2,6,4,1,24.88,47.74,0.12,14.92,11.1,0.017,10.06,-0.0,11.083
2023-04-23T03:00:00,3,6,4,1,23.51,59.76,1.82,26.71,10.156,0.032,10.14,-0.0,10.124
2023-04-23T04:00:00,4,6,4,1,25.03,51.57,1.25,4.25,11.41,0.012,9.86,-0.0,11.398
2023-04-23T05:00:00,5,6,4,1,25.18,49.88,0.0,15.17,13.528,0.0,10.04,-0.0,13.528
2023-04-23T06:00:00,6,6,4,1,29.61,51.91,53.52,27.89,15.348,2.555,10.0,-0.0,12.793
2023-04-23T07:00:00,7,6,4,1,29.65,54.43,220.66,37.59,15.75,10.097,9.83,-0.0,5.653
2023-04-23T08:00:00,8,6,4,1,30.43,50.79,459.54,3.39,13.898,21.132,16.59,7.234,0.0
2023-04-23T09:00:00,9,6,4,1,32.68,53.35,587.89,9.58,19.924,27.261,23.33,7.337,0.0
2023-04-23T10:00:00,10,6,4,1,34.27,56.13,584.69,27.13,20.862,27.208,29.17,6.346,0.0
2023-04-23T11:00:00,11,6,4,1,33.45,51.69,640.0,26.22,21.643,28.715,36.03,7.072,0.0
2023-04-23T12:00:00,12,6,4,1,36.88,62.41,565.31,43.84,23.158,26.35,38.69,3.192,0.0
2023-04-23T13:00:00,13,6,4,1,36.55,50.49,673.21,28.3,22.387,32.49,48.03,10.103,0.0
2023-04-23T14:00:00,14,6,4,1,39.16,42.46,530.7,36.88,24.608,22.422,45.89,-2.186,0.0
2023-04-23T15:00:00,15,6,4,1,39.05,53.49,369.06,56.64,22.599,16.948,40.13,-5.651,0.0
2023-04-23T16:00:00,16,6,4,1,37.45,48.91,471.38,7.11,21.678,21.431,39.83,-0.247,0.0
2023-04-23T17:00:00,17,6,4,1,36.63,32.56,296.18,5.77,22.66,13.414,30.87,-9.246,0.0
2023-04-23T18:00:00,18,6,4,1,36.28,54.28,122.7,0.0,21.779,5.688,14.78,-16.091,0.0
2023-04-23T19:00:00,19,6,4,1,30.29,51.04,0.0,0.0,20.197,0.004,10.14,-4.56,15.633
2023-04-23T20:00:00,20,6,4,1,33.31,44.4,0.0,1.86,21.068,0.0,9.98,-0.0,21.068
2023-04-23T21:00:00,21,6,4,1,31.18,46.25,2.19,0.0,21.622,0.0,10.05,-0.0,21.622
2023-04-23T22:00:00,22,6,4,1,29.8,58.82,0.0,21.37,19.317,0.0,9.88,-0.0,19.317
2023-04-23T23:00:00,23,6,4,1,30.3,58.89,0.3,19.55,20.268,0.005,10.01,-0.0,20.263
2023-04-24T00:00:00,0,0,4,0,27.16,50.02,0.0,0.0,10.159,0.0,9.82,-0.0,10.159
2023-04-24T01:00:00,1,0,4,0,24.79,52.39,0.0,30.65,12.018,0.006,10.12,-0.0,12.012
2023-04-24T02:00:00,2,0,4,0,25.78,54.68,0.0,0.0,8.201,0.016,10.25,-0.0,8.185
2023-04-24T03:00:00,3,0,4,0,25.45,58.22,0.0,16.28,8.763,0.0,9.83,-0.0,8.763
2023-04-24T04:00:00,4,0,4,0,26.05,60.49,0.85,25.29,8.101,0.005,10.26,-0.0,8.096
2023-04-24T05:00:00,5,0,4,0,26.71,56.96,0.8,41.79,12.354,0.0,10.09,-0.0,12.354
2023-04-24T06:00:00,6,0,4,0,28.8,55.2,82.91,22.98,16.221,4.082,9.88,-0.0,12.139
2023-04-24T07:00:00,7,0,4,0,28.7,56.07,238.98,23.73,19.197,11.853,10.04,-0.0,7.344
2023-04-24T08:00:00,8,0,4,0,30.99,58.26,426.85,15.13,20.373,18.786,10.23,-0.0,1.587
2023-04-24T09:00:00,9,0,4,0,33.12,59.56,542.43,19.55,22.328,24.691,12.36,2.363,0.0
2023-04-24T10:00:00,10,0,4,0,31.6,62.73,597.33,26.0,19.564,27.184,19.37,7.62,0.0
2023-04-24T11:00:00,11,0,4,0,35.07,59.82,651.93,29.31,18.186,30.298,30.27,12.112,0.0
2023-04-24T12:00:00,12,0,4,0,36.04,63.01,626.01,37.07,18.733,28.637,39.3,9.904,0.0
2023-04-24T13:00:00,13,0,4,0,36.44,57.68,625.62,29.72,19.948,29.338,48.08,9.39,0.0
2023-04-24T14:00:00,14,0,4,0,36.53,49.45,592.05,28.61,18.338,25.826,54.98,7.488,0.0
2023-04-24T15:00:00,15,0,4,0,38.43,57.28,538.78,17.01,19.488,24.772,59.8,5.284,0.0
2023-04-24T16:00:00,16,0,4,0,41.15,41.41,395.89,18.16,23.717,17.567,53.59,-6.15,0.0
2023-04-24T17:00:00,17,0,4,0,36.22,60.92,301.68,5.48,25.966,13.474,41.03,-12.492,0.0
2023-04-24T18:00:00,18,0,4,0,35.49,43.81,125.05,0.0,27.658,5.839,21.29,-20.0,1.819
2023-04-24T19:00:00,19,0,4,0,33.73,57.99,0.0,25.99,27.025,0.0,9.89,-11.186,15.839
2023-04-24T20:00:00,20,0,4,0,36.0,60.06,0.47,29.56,31.425,0.025,10.12,-0.0,31.4
2023-04-24T21:00:00,21,0,4,0,31.13,57.61,1.42,28.23,24.249,0.0,9.96,-0.0,24.249
2023-04-24T22:00:00,22,0,4,0,30.67,48.64,0.77,50.4,20.66,0.0,9.99,-0.0,20.66
2023-04-24T23:00:00,23,0,4,0,28.72,50.17,0.0,16.71,15.552,0.0,9.82,-0.0,15.552
2023-04-25T00:00:00,0,1,4,0,26.32,59.07,0.07,23.74,12.119,0.0,10.06,-0.0,12.119
2023-04-25T01:00:00,1,1,4,0,26.19,63.76,0.23,45.22,8.801,0.0,9.96,-0.0,8.801
2023-04-25T02:00:00,2,1,4,0,29.89,55.19,2.1,28.81,9.93,0.0,9.84,-0.0,9.93
2023-04-25T03:00:00,3,1,4,0,27.48,54.98,2.55,10.16,10.527,0.0,9.97,-0.0,10.527
2023-04-25T04:00:00,4,1,4,0,24.83,48.87,0.97,11.14,10.601,0.021,9.87,-0.0,10.58
2023-04-25T05:00:00,5,1,4,0,27.63,62.75,0.08,5.84,11.449,0.0,9.76,-0.0,11.449
2023-04-25T06:00:00,6,1,4,0,26.45,51.76,118.26,0.0,15.268,5.563,10.11,-0.0,9.705
2023-04-25T07:00:00,7,1,4,0,26.21,60.6,260.67,19.14,19.933,11.954,9.83,-0.0,7.979
2023-04-25T08:00:00,8,1,4,0,32.01,57.61,483.92,0.0,23.758,23.098,10.07,-0.0,0.66
2023-04-25T09:00:00,9,1,4,0,33.67,44.32,617.99,2.73,23.945,27.45,13.57,3.505,0.0
2023-04-25T10:00:00,10,1,4,0,36.14,50.6,696.33,10.91,20.612,33.803,25.22,13.191,0.0
2023-04-25T11:00:00,11,1,4,0,35.21,51.93,766.8,11.41,18.491,33.708,39.43,15.217,0.0
2023-04-25T12:00:00,12,1,4,0,36.26,51.55,647.97,30.54,21.014,29.403,47.02,8.389,0.0
2023-04-25T13:00:00,13,1,4,0,39.15,57.37,580.01,40.41,19.814,28.034,54.68,8.22,0.0
2023-04-25T14:00:00,14,1,4,0,39.12,46.53,634.85,21.25,19.888,28.425,62.23,8.537,0.0
2023-04-25T15:00:00,15,1,4,0,38.82,47.12,638.82,0.0,21.033,29.398,70.25,8.365,0.0
2023-04-25T16:00:00,16,1,4,0,36.09,50.83,387.24,28.88,21.266,17.695,66.63,-3.571,0.0
2023-04-25T17:00:00,17,1,4,0,38.05,61.85,250.64,19.65,23.879,11.402,54.5,-12.477,0.0
2023-04-25T18:00:00,18,1,4,0,38.13,45.16,81.43,8.31,25.816,3.597,33.84,-20.0,2.219
2023-04-25T19:00:00,19,1,4,0,33.9,56.96,0.0,24.55,28.425,0.0,14.07,-20.0,8.425
2023-04-25T20:00:00,20,1,4,0,34.25,62.98,0.11,30.88,28.95,0.0,10.07,-4.142,24.808
2023-04-25T21:00:00,21,1,4,0,32.9,47.49,0.31,13.15,23.731,0.019,10.13,-0.0,23.712
2023-04-25T22:00:00,22,1,4,0,31.68,54.17,0.0,19.44,21.766,0.0,9.98,-0.0,21.766
2023-04-25T23:00:00,23,1,4,0,30.71,49.87,2.95,23.28,18.433,0.01,10.19,-0.0,18.423
2023-04-26T00:00:00,0,2,4,0,26.87,44.39,0.0,6.9,13.026,0.008,10.01,-0.0,13.018
2023-04-26T01:00:00,1,2,4,0,24.44,52.76,1.94,12.81,9.743,0.0,10.02,-0.0,9.743
2023-04-26T02:00:00,2,2,4,0,25.8,51.39,0.0,1.56,10.534,0.0,9.74,-0.0,10.534
2023-04-26T03:00:00,3,2,4,0,26.63,52.56,0.0,10.4,10.465,0.008,10.09,-0.0,10.457
2023-04-26T04:00:00,4,2,4,0,25.93,52.44,0.0,0.0,12.087,0.0,10.23,-0.0,12.087
2023-04-26T05:00:00,5,2,4,0,26.38,56.28,0.34,17.06,13.215,0.0,9.85,-0.0,13.215
2023-04-26T06:00:00,6,2,4,0,26.04,47.89,89.24,0.0,16.643,4.313,9.93,-0.0,12.33
2023-04-26T07:00:00,7,2,4,0,31.59,52.58,295.73,0.0,21.308,13.761,9.79,-0.0,7.547
2023-04-26T08:00:00,8,2,4,0,31.52,56.93,488.97,0.0,22.571,22.763,10.25,0.192,0.0
2023-04-26T09:00:00,9,2,4,0,33.43,56.47,641.18,0.0,24.481,28.797,14.12,4.316,0.0
2023-04-26T10:00:00,10,2,4,0,35.5,47.37,737.41,0.0,20.171,33.457,26.49,13.286,0.0
2023-04-26T11:00:00,11,2,4,0,36.09,52.82,821.07,0.0,21.432,37.653,41.28,16.221,0.0
2023-04-26T12:00:00,12,2,4,0,37.32,44.27,841.33,0.0,20.339,38.146,57.66,17.807,0.0
2023-04-26T13:00:00,13,2,4,0,38.08,45.54,844.19,0.0,19.292,39.338,76.07,20.0,0.0
2023-04-26T14:00:00,14,2,4,0,37.65,49.48,758.24,0.0,17.837,33.231,90.26,15.394,0.0
2023-04-26T15:00:00,15,2,4,0,43.24,45.51,552.05,18.47,23.252,23.364,90.35,0.112,0.0
2023-04-26T16:00:00,16,2,4,0,39.42,44.15,385.12,26.33,22.156,16.196,84.45,-5.96,0.0
2023-04-26T17:00:00,17,2,4,0,36.85,56.44,228.05,28.94,22.575,10.479,72.5,-12.096,0.0
2023-04-26T18:00:00,18,2,4,0,37.16,47.24,80.1,24.12,27.392,3.755,52.43,-20.0,3.637
2023-04-26T19:00:00,19,2,4,0,35.05,53.03,0.0,44.75,30.405,0.0,32.55,-20.0,10.405
2023-04-26T20:00:00,20,2,4,0,36.93,54.19,2.08,6.7,30.434,0.04,12.11,-20.0,10.394
2023-04-26T21:00:00,21,2,4,0,32.02,55.73,0.0,16.34,24.928,0.0,9.89,-2.286,22.642
2023-04-26T22:00:00,22,2,4,0,32.0,55.56,0.0,27.22,19.923,0.0,10.17,-0.0,19.923
2023-04-26T23:00:00,23,2,4,0,31.12,46.98,0.0,21.62,18.089,0.0,9.85,-0.0,18.089
2023-04-27T00:00:00,0,3,4,0,28.75,49.21,0.0,17.59,14.099,0.0,10.24,-0.0,14.099
2023-04-27T01:00:00,1,3,4,0,27.22,56.19,1.09,6.53,10.992,0.005,9.92,-0.0,10.987
2023-04-27T02:00:00,2,3,4,0,26.57,59.18,1.36,16.3,9.732,0.0,9.98,-0.0,9.732
2023-04-27T03:00:00,3,3,4,0,26.36,56.34,0.0,9.15,10.681,0.007,9.94,-0.0,10.674
2023-04-27T04:00:00,4,3,4,0,25.17,57.29,0.0,35.37,11.853,0.014,10.0,-0.0,11.839
2023-04-27T05:00:00,5,3,4,0,26.72,58.74,0.0,51.77,13.796,0.0,10.25,-0.0,13.796
2023-04-27T06:00:00,6,3,4,0,30.62,55.57,56.38,20.87,17.301,2.731,10.2,-0.0,14.57
2023-04-27T07:00:00,7,3,4,0,29.07,47.01,279.4,7.03,17.948,13.116,10.29,-0.0,4.832
2023-04-27T08:00:00,8,3,4,0,29.71,56.96,369.88,30.91,23.163,17.791,10.34,-0.0,5.372
2023-04-27T09:00:00,9,3,4,0,32.13,46.35,532.81,18.48,21.938,24.767,12.53,2.829,0.0
2023-04-27T10:00:00,10,3,4,0,35.35,44.42,703.19,6.22,20.905,32.7,23.3,11.795,0.0
2023-04-27T11:00:00,11,3,4,0,36.04,50.59,764.12,8.76,18.655,36.004,39.44,17.349,0.0
2023-04-27T12:00:00,12,3,4,0,38.46,50.08,848.81,0.82,20.692,40.345,57.54,19.653,0.0
2023-04-27T13:00:00,13,3,4,0,37.64,50.36,783.6,7.67,20.472,36.068,71.62,15.596,0.0
2023-04-27T14:00:00,14,3,4,0,39.6,40.85,749.06,0.0,19.923,36.153,86.89,16.23,0.0
2023-04-27T15:00:00,15,3,4,0,37.92,37.99,632.59,0.0,21.11,28.56,93.47,7.45,0.0
2023-04-27T16:00:00,16,3,4,0,39.15,49.49,403.18,19.08,23.915,19.103,88.76,-4.812,0.0
2023-04-27T17:00:00,17,3,4,0,39.88,38.3,287.03,10.21,26.385,13.222,75.77,-13.163,0.0
2023-04-27T18:00:00,18,3,4,0,38.18,53.67,102.82,11.67,28.582,4.376,55.73,-20.0,4.206
2023-04-27T19:00:00,19,3,4,0,33.95,44.12,0.0,0.0,28.639,0.0,35.67,-20.0,8.639
2023-04-27T20:00:00,20,3,4,0,32.96,64.97,1.44,24.85,27.54,0.031,15.69,-20.0,7.509
2023-04-27T21:00:00,21,3,4,0,32.99,47.59,0.26,15.66,26.564,0.015,10.1,-5.655,20.894
2023-04-27T22:00:00,22,3,4,0,33.22,57.38,0.83,34.27,23.573,0.008,9.91,-0.0,23.565
2023-04-27T23:00:00,23,3,4,0,26.88,54.33,1.12,30.62,16.718,0.0,10.05,-0.0,16.718
2023-04-28T00:00:00,0,4,4,0,28.63,54.68,0.0,20.41,11.813,0.014,10.0,-0.0,11.799
2023-04-28T01:00:00,1,4,4,0,25.72,57.42,0.0,16.32,11.492,0.007,10.02,-0.0,11.485
2023-04-28T02:00:00,2,4,4,0,25.63,67.13,0.0,58.2,9.136,0.006,10.17,-0.0,9.13
2023-04-28T03:00:00,3,4,4,0,26.01,64.18,1.23,34.59,11.242,0.014,10.04,-0.0,11.228
2023-04-28T04:00:00,4,4,4,0,25.44,61.71,0.9,25.79,11.717,0.007,10.21,-0.0,11.71
2023-04-28T05:00:00,5,4,4,0,27.71,63.8,0.12,37.67,12.824,0.0,9.93,-0.0,12.824
2023-04-28T06:00:00,6,4,4,0,28.03,51.63,118.66,12.81,15.026,5.936,9.99,-0.0,9.09
2023-04-28T07:00:00,7,4,4,0,28.91,61.4,205.84,39.07,19.456,9.351,9.77,-0.0,10.105
2023-04-28T08:00:00,8,4,4,0,29.46,51.75,461.66,9.7,20.02,21.824,11.52,1.804,0.0
2023-04-28T09:00:00,9,4,4,0,33.56,57.59,544.95,19.46,22.313,24.799,13.89,2.486,0.0
2023-04-28T10:00:00,10,4,4,0,35.42,50.66,695.69,9.1,22.331,32.036,22.95,9.705,0.0
2023-04-28T11:00:00,11,4,4,0,37.1,53.99,696.45,20.61,19.458,33.779,35.98,14.321,0.0
2023-04-28T12:00:00,12,4,4,0,34.89,55.37,629.95,32.67,20.758,29.427,43.86,8.669,0.0
2023-04-28T13:00:00,13,4,4,0,38.99,54.01,702.51,23.04,19.616,31.206,54.74,11.59,0.0
2023-04-28T14:00:00,14,4,4,0,39.09,48.49,499.31,38.82,19.357,21.533,56.44,2.176,0.0
2023-04-28T15:00:00,15,4,4,0,38.79,43.26,492.6,28.37,21.253,23.122,58.17,1.869,0.0
2023-04-28T16:00:00,16,4,4,0,39.44,54.83,397.13,22.54,23.286,17.673,52.67,-5.613,0.0
2023-04-28T17:00:00,17,4,4,0,38.55,61.29,184.09,50.46,26.752,8.13,34.23,-18.622,0.0
2023-04-28T18:00:00,18,4,4,0,38.88,54.06,77.84,52.13,28.685,3.566,14.04,-20.0,5.119
2023-04-28T19:00:00,19,4,4,0,38.11,61.78,1.42,69.92,30.117,0.001,10.01,-4.175,25.941
2023-04-28T20:00:00,20,4,4,0,32.97,51.52,0.22,64.02,27.626,0.0,10.11,-0.0,27.626
2023-04-28T21:00:00,21,4,4,0,38.07,53.49,0.0,62.23,29.845,0.013,10.07,-0.0,29.832
2023-04-28T22:00:00,22,4,4,0,30.48,58.9,0.0,47.06,22.617,0.0,10.26,-0.0,22.617
2023-04-28T23:00:00,23,4,4,0,31.3,48.76,1.91,43.02,17.733,0.0,10.02,-0.0,17.733
2023-04-29T00:00:00,0,5,4,1,29.87,51.67,0.0,50.28,13.556,0.001,10.21,-0.0,13.555
2023-04-29T01:00:00,1,5,4,1,25.6,61.16,0.0,41.65,13.417,0.0,10.09,-0.0,13.417
2023-04-29T02:00:00,2,5,4,1,27.8,58.86,0.0,59.88,11.94,0.0,9.94,-0.0,11.94
2023-04-29T03:00:00,3,5,4,1,25.75,60.19,2.25,52.59,10.062,0.015,9.86,-0.0,10.047
2023-04-29T04:00:00,4,5,4,1,26.78,58.28,1.49,45.59,9.586,0.0,10.02,-0.0,9.586
2023-04-29T05:00:00,5,5,4,1,26.98,54.63,0.0,51.26,10.995,0.006,9.81,-0.0,10.989
2023-04-29T06:00:00,6,5,4,1,30.39,58.85,52.1,56.35,15.319,2.389,9.97,-0.0,12.93
2023-04-29T07:00:00,7,5,4,1,29.76,57.62,218.49,39.02,13.998,10.26,9.98,-0.0,3.738
2023-04-29T08:00:00,8,5,4,1,31.09,57.28,250.11,60.63,18.173,11.733,10.18,-0.0,6.44
2023-04-29T09:00:00,9,5,4,1,34.36,53.36,436.84,43.8,20.679,20.247,9.89,-0.0,0.432
2023-04-29T10:00:00,10,5,4,1,34.82,57.93,370.36,65.99,21.434,16.729,10.07,-0.0,4.705
2023-04-29T11:00:00,11,5,4,1,36.81,60.6,452.85,56.99,23.15,19.849,9.85,-0.0,3.301
2023-04-29T12:00:00,12,5,4,1,36.36,59.09,334.77,75.78,24.189,14.565,10.13,-0.0,9.624
2023-04-29T13:00:00,13,5,4,1,36.51,43.94,587.07,36.34,23.269,27.066,13.72,3.797,0.0
2023-04-29T14:00:00,14,5,4,1,38.23,48.47,473.04,48.41,24.021,21.606,10.95,-2.415,0.0
2023-04-29T15:00:00,15,5,4,1,38.09,57.39,454.07,36.55,21.397,19.648,10.02,-1.078,0.671
2023-04-29T16:00:00,16,5,4,1,40.53,44.82,424.6,15.62,21.794,20.069,10.39,-0.0,1.725
2023-04-29T17:00:00,17,5,4,1,40.17,47.16,271.07,9.95,24.255,12.579,9.89,-0.0,11.676
2023-04-29T18:00:00,18,5,4,1,36.69,57.64,138.23,0.0,23.123,6.099,9.78,-0.0,17.024
2023-04-29T19:00:00,19,5,4,1,37.9,50.96,0.7,3.01,24.185,0.01,10.03,-0.0,24.175
2023-04-29T20:00:00,20,5,4,1,37.33,38.13,1.84,8.06,22.578,0.0,9.84,-0.0,22.578
2023-04-29T21:00:00,21,5,4,1,32.77,59.28,0.52,12.53,22.73,0.001,10.06,-0.0,22.729
2023-04-29T22:00:00,22,5,4,1,30.41,57.71,0.18,36.57,16.122,0.0,10.13,-0.0,16.122
2023-04-29T23:00:00,23,5,4,1,31.79,52.56,0.0,0.0,19.564,0.0,9.85,-0.0,19.564
2023-04-30T00:00:00,0,6,4,1,29.0,56.53,1.87,18.35,13.944,0.0,9.78,-0.0,13.944
2023-04-30T01:00:00,1,6,4,1,27.81,61.79,0.0,28.8,12.53,0.0,10.15,-0.0,12.53
2023-04-30T02:00:00,2,6,4,1,26.19,58.87,0.0,36.47,11.027,0.024,10.26,-0.0,11.003
2023-04-30T03:00:00,3,6,4,1,25.5,51.47,0.0,31.39,8.176,0.015,9.95,-0.0,8.161
2023-04-30T04:00:00,4,6,4,1,24.98,62.75,0.0,44.44,9.094,0.004,10.21,-0.0,9.09
2023-04-30T05:00:00,5,6,4,1,28.27,47.59,0.73,12.32,10.938,0.018,10.26,-0.0,10.92
2023-04-30T06:00:00,6,6,4,1,26.85,66.42,76.98,26.04,15.101,3.754,10.11,-0.0,11.347
2023-04-30T07:00:00,7,6,4,1,34.48,48.93,275.04,9.99,19.284,12.158,10.02,-0.0,7.126
2023-04-30T08:00:00,8,6,4,1,30.57,56.18,338.69,33.69,17.461,15.446,10.1,-0.0,2.015
2023-04-30T09:00:00,9,6,4,1,30.97,55.67,371.82,52.58,18.539,18.339,10.13,-0.0,0.2
2023-04-30T10:00:00,10,6,4,1,35.32,53.33,632.03,19.05,22.657,27.336,13.97,4.679,0.0
2023-04-30T11:00:00,11,6,4,1,38.25,49.43,812.68,0.0,25.406,37.333,25.26,11.927,0.0
2023-04-30T12:00:00,12,6,4,1,37.23,47.6,703.26,21.77,24.032,30.485,31.02,6.453,0.0
2023-04-30T13:00:00,13,6,4,1,38.57,54.4,592.16,34.28,22.283,27.267,35.66,4.984,0.0
2023-04-30T14:00:00,14,6,4,1,36.67,55.9,451.16,50.21,23.6,21.969,34.22,-1.631,0.0
2023-04-30T15:00:00,15,6,4,1,38.57,52.03,446.93,36.78,23.083,19.569,30.64,-3.514,0.0
2023-04-30T16:00:00,16,6,4,1,37.29,47.81,387.0,25.87,21.299,16.363,25.72,-4.936,0.0
2023-04-30T17:00:00,17,6,4,1,36.38,65.8,215.7,40.26,22.354,10.006,13.35,-12.348,0.0
2023-04-30T18:00:00,18,6,4,1,38.46,60.29,53.93,48.87,25.445,2.395,9.97,-3.371,19.679
2023-04-30T19:00:00,19,6,4,1,33.88,59.43,1.74,41.49,22.935,0.0,10.0,-0.0,22.935
2023-04-30T20:00:00,20,6,4,1,33.03,58.03,0.51,15.72,22.874,0.0,10.23,-0.0,22.874
2023-04-30T21:00:00,21,6,4,1,31.51,57.37,2.6,33.36,22.773,0.0,10.1,-0.0,22.773
2023-04-30T22:00:00,22,6,4,1,30.72,56.57,0.0,46.73,18.85,0.0,9.86,-0.0,18.85
2023-04-30T23:00:00,23,6,4,1,30.47,44.3,0.0,40.46,17.002,0.0,9.93,-0.0,17.002
2023-05-01T00:00:00,0,0,5,0,29.32,51.44,0.0,36.43,12.165,0.026,10.1,-0.0,12.139
2023-05-01T01:00:00,1,0,5,0,29.81,71.06,0.0,56.21,12.873,0.0,9.96,-0.0,12.873
2023-05-01T02:00:00,2,0,5,0,27.6,62.67,0.0,25.62,11.184,0.009,10.08,-0.0,11.175
2023-05-01T03:00:00,3,0,5,0,26.85,60.76,0.0,42.09,10.036,0.007,10.0,-0.0,10.029
2023-05-01T04:00:00,4,0,5,0,26.5,48.78,0.95,20.3,9.529,0.021,10.03,-0.0,9.508
2023-05-01T05:00:00,5,0,5,0,28.32,57.44,0.0,10.92,14.412,0.015,10.19,-0.0,14.397
2023-05-01T06:00:00,6,0,5,0,29.39,53.27,92.77,17.48,14.968,4.408,10.06,-0.0,10.56
2023-05-01T07:00:00,7,0,5,0,29.63,57.88,260.34,16.58,19.559,12.068,10.29,-0.0,7.491
2023-05-01T08:00:00,8,0,5,0,30.4,53.1,309.04,47.89,21.677,14.14,9.9,-0.0,7.537
2023-05-01T09:00:00,9,0,5,0,32.7,53.4,443.0,37.57,23.85,21.367,9.86,-0.0,2.483
2023-05-01T10:00:00,10,0,5,0,33.3,58.33,605.01,26.83,20.162,28.441,17.68,8.279,0.0
2023-05-01T11:00:00,11,0,5,0,37.37,60.47,675.91,21.25,22.267,31.249,25.85,8.982,0.0
2023-05-01T12:00:00,12,0,5,0,37.58,52.09,487.77,52.33,20.492,21.499,26.83,1.007,0.0
2023-05-01T13:00:00,13,0,5,0,37.76,50.36,479.95,52.87,18.462,21.673,29.81,3.211,0.0
2023-05-01T14:00:00,14,0,5,0,38.35,57.59,543.54,35.77,19.622,25.216,34.71,5.594,0.0
2023-05-01T15:00:00,15,0,5,0,38.37,44.35,520.66,23.68,20.063,23.963,38.17,3.9,0.0
2023-05-01T16:00:00,16,0,5,0,40.88,43.89,387.82,27.44,25.18,18.998,32.42,-6.182,0.0
2023-05-01T17:00:00,17,0,5,0,39.14,52.03,237.59,26.85,26.506,10.842,16.43,-15.664,0.0
2023-05-01T18:00:00,18,0,5,0,36.87,59.32,122.9,6.5,26.116,5.488,9.92,-6.649,13.979
2023-05-01T19:00:00,19,0,5,0,37.57,43.5,0.0,1.38,31.375,0.0,9.97,-0.0,31.375
2023-05-01T20:00:00,20,0,5,0,33.75,50.61,0.0,18.8,28.627,0.0,9.99,-0.0,28.627
2023-05-01T21:00:00,21,0,5,0,31.11,56.76,1.16,34.09,23.29,0.018,10.12,-0.0,23.272
2023-05-01T22:00:00,22,0,5,0,32.76,51.51,2.46,24.62,21.157,0.024,10.1,-0.0,21.133
2023-05-01T23:00:00,23,0,5,0,30.39,44.54,0.0,12.63,17.65,0.049,10.04,-0.0,17.601
2023-05-02T00:00:00,0,1,5,0,27.68,57.78,1.41,5.29,9.521,0.02,10.09,-0.0,9.501
2023-05-02T01:00:00,1,1,5,0,27.7,53.9,0.0,0.0,11.194,0.0,9.85,-0.0,11.194
2023-05-02T02:00:00,2,1,5,0,28.74,54.23,1.84,0.0,10.63,0.0,9.89,-0.0,10.63
2023-05-02T03:00:00,3,1,5,0,26.86,52.72,0.0,0.0,9.579,0.0,10.54,-0.0,9.579
2023-05-02T04:00:00,4,1,5,0,26.19,62.87,1.0,10.03,10.501,0.0,10.02,-0.0,10.501
2023-05-02T05:00:00,5,1,5,0,28.41,50.28,0.0,1.53,12.255,0.0,10.13,-0.0,12.255
2023-05-02T06:00:00,6,1,5,0,28.14,48.69,121.94,9.04,14.322,6.102,9.83,-0.0,8.22
2023-05-02T07:00:00,7,1,5,0,33.1,60.64,285.51,15.49,21.266,13.009,10.11,-0.0,8.257
2023-05-02T08:00:00,8,1,5,0,32.71,43.03,383.26,25.39,22.867,17.836,9.96,-0.0,5.031
2023-05-02T09:00:00,9,1,5,0,31.28,51.92,583.1,11.33,22.595,26.569,13.58,3.974,0.0
2023-05-02T10:00:00,10,1,5,0,35.57,50.7,650.44,16.23,20.434,32.663,25.17,12.229,0.0
2023-05-02T11:00:00,11,1,5,0,39.24,48.81,713.19,18.41,20.878,32.055,35.42,11.177,0.0
2023-05-02T12:00:00,12,1,5,0,40.15,46.19,499.37,52.21,21.054,23.523,37.46,2.469,0.0
2023-05-02T13:00:00,13,1,5,0,41.57,43.76,628.05,29.0,19.904,28.303,45.23,8.399,0.0
2023-05-02T14:00:00,14,1,5,0,38.02,53.18,721.47,7.34,19.287,33.837,58.52,14.55,0.0
2023-05-02T15:00:00,15,1,5,0,41.64,55.09,527.36,19.14,22.474,23.616,59.45,1.142,0.0
2023-05-02T16:00:00,16,1,5,0,38.93,48.74,387.13,26.9,22.755,18.114,55.0,-4.641,0.0
2023-05-02T17:00:00,17,1,5,0,39.38,42.9,309.89,6.74,26.079,14.155,43.1,-11.924,0.0
2023-05-02T18:00:00,18,1,5,0,35.79,41.68,112.21,13.95,26.417,5.461,23.22,-20.0,0.956
2023-05-02T19:00:00,19,1,5,0,35.93,53.6,0.0,3.06,28.68,0.012,10.09,-13.06,15.608
2023-05-02T20:00:00,20,1,5,0,33.34,57.94,0.0,20.52,27.944,0.019,9.85,-0.0,27.925
2023-05-02T21:00:00,21,1,5,0,34.36,37.06,0.26,12.07,26.682,0.045,9.69,-0.0,26.637
2023-05-02T22:00:00,22,1,5,0,32.56,38.71,0.0,3.59,21.624,0.062,9.95,-0.0,21.562
2023-05-02T23:00:00,23,1,5,0,30.74,51.98,0.44,0.0,16.84,0.005,9.81,-0.0,16.835
2023-05-03T00:00:00,0,2,5,0,28.25,53.99,0.0,0.0,14.517,0.0,9.99,-0.0,14.517
2023-05-03T01:00:00,1,2,5,0,27.91,50.46,0.81,0.0,10.069,0.0,10.07,-0.0,10.069
2023-05-03T02:00:00,2,2,5,0,27.14,53.11,0.0,0.0,8.659,0.0,10.05,-0.0,8.659
2023-05-03T03:00:00,3,2,5,0,28.62,51.23,0.66,0.0,9.424,0.047,9.93,-0.0,9.377
2023-05-03T04:00:00,4,2,5,0,29.48,52.12,1.22,0.0,12.225,0.0,10.06,-0.0,12.225
2023-05-03T05:00:00,5,2,5,0,30.34,47.01,0.0,0.0,14.191,0.032,10.21,-0.0,14.159
2023-05-03T06:00:00,6,2,5,0,27.72,55.94,91.47,20.32,17.444,4.483,10.06,-0.0,12.961
2023-05-03T07:00:00,7,2,5,0,26.45,52.38,283.38,14.03,18.053,13.432,10.06,-0.0,4.621
2023-05-03T08:00:00,8,2,5,0,30.02,52.5,365.51,30.68,21.91,16.048,9.92,-0.0,5.862
2023-05-03T09:00:00,9,2,5,0,35.51,44.3,473.36,33.12,25.343,21.704,10.03,-0.0,3.639
2023-05-03T10:00:00,10,2,5,0,34.93,51.39,629.52,21.86,20.099,29.507,18.89,9.408,0.0
2023-05-03T11:00:00,11,2,5,0,35.81,56.97,619.6,29.65,20.875,28.158,25.35,7.283,0.0
2023-05-03T12:00:00,12,2,5,0,40.1,46.35,774.74,12.19,21.036,34.617,37.81,13.581,0.0
2023-05-03T13:00:00,13,2,5,0,41.75,46.8,676.14,22.21,20.802,29.807,46.32,9.005,0.0
2023-05-03T14:00:00,14,2,5,0,39.42,52.8,766.68,0.0,18.671,35.431,61.53,16.76,0.0
2023-05-03T15:00:00,15,2,5,0,40.12,55.89,469.58,30.91,22.188,20.567,60.03,-1.621,0.0
2023-05-03T16:00:00,16,2,5,0,40.03,60.74,328.76,39.25,24.814,15.115,50.27,-9.699,0.0
2023-05-03T17:00:00,17,2,5,0,38.8,60.44,270.77,15.29,25.762,12.164,36.72,-13.598,0.0
2023-05-03T18:00:00,18,2,5,0,39.92,49.26,87.4,18.12,29.975,4.118,16.77,-20.0,5.857
2023-05-03T19:00:00,19,2,5,0,37.13,48.21,0.0,41.46,30.845,0.0,10.2,-6.636,24.209
2023-05-03T20:00:00,20,2,5,0,36.57,50.19,2.23,31.39,31.262,0.0,10.17,-0.0,31.262
2023-05-03T21:00:00,21,2,5,0,35.0,55.8,0.0,26.57,28.182,0.0,10.23,-0.0,28.182
2023-05-03T22:00:00,22,2,5,0,30.42,63.02,0.0,29.02,17.606,0.021,9.97,-0.0,17.585
2023-05-03T23:00:00,23,2,5,0,30.66,53.35,0.96,48.38,17.685,0.016,9.83,-0.0,17.669
2023-05-04T00:00:00,0,3,5,0,30.02,54.56,0.63,10.62,12.386,0.0,9.98,-0.0,12.386
2023-05-04T01:00:00,1,3,5,0,24.97,54.73,0.0,28.2,11.158,0.022,10.44,-0.0,11.136
2023-05-04T02:00:00,2,3,5,0,25.04,56.47,0.0,18.53,9.694,0.018,9.99,-0.0,9.676
2023-05-04T03:00:00,3,3,5,0,25.74,53.23,1.46,0.0,10.348,0.0,9.73,-0.0,10.348
2023-05-04T04:00:00,4,3,5,0,27.92,60.57,0.0,38.78,10.829,0.0,10.41,-0.0,10.829
2023-05-04T05:00:00,5,3,5,0,29.31,66.52,3.42,28.51,10.891,0.0,10.04,-0.0,10.891
2023-05-04T06:00:00,6,3,5,0,28.52,58.83,92.95,26.3,13.373,4.127,9.88,-0.0,9.246
2023-05-04T07:00:00,7,3,5,0,33.26,51.83,255.65,27.18,22.891,11.349,9.83,-0.0,11.542
2023-05-04T08:00:00,8,3,5,0,29.9,50.2,445.2,9.43,21.262,20.249,10.03,-0.0,1.013
2023-05-04T09:00:00,9,3,5,0,33.6,49.37,631.37,4.02,25.069,28.688,13.45,3.619,0.0
2023-05-04T10:00:00,10,3,5,0,35.59,47.87,588.12,24.01,22.554,27.323,17.83,4.769,0.0
2023-05-04T11:00:00,11,3,5,0,35.64,54.08,618.91,31.86,17.54,27.084,26.64,9.544,0.0
2023-05-04T12:00:00,12,3,5,0,38.49,38.52,671.25,23.63,19.235,29.918,36.11,10.683,0.0
2023-05-04T13:00:00,13,3,5,0,36.1,51.04,678.99,25.03,18.836,29.767,46.22,10.931,0.0
2023-05-04T14:00:00,14,3,5,0,41.79,49.08,575.65,30.15,21.371,25.395,50.09,4.024,0.0
2023-05-04T15:00:00,15,3,5,0,39.4,43.27,527.0,16.97,21.027,25.829,54.68,4.802,0.0
2023-05-04T16:00:00,16,3,5,0,42.08,48.42,340.77,35.13,23.099,15.874,47.22,-7.225,0.0
2023-05-04T17:00:00,17,3,5,0,40.18,54.42,275.59,18.13,26.527,12.675,33.09,-13.852,0.0
2023-05-04T18:00:00,18,3,5,0,39.47,52.45,128.36,0.0,29.313,5.699,13.56,-20.0,3.614
2023-05-04T19:00:00,19,3,5,0,36.9,45.24,0.0,0.0,31.26,0.021,9.59,-3.425,27.814
2023-05-04T20:00:00,20,3,5,0,35.18,52.18,0.0,4.76,29.43,0.0,9.93,-0.0,29.43
2023-05-04T21:00:00,21,3,5,0,33.04,42.54,0.51,0.0,25.063,0.022,10.13,-0.0,25.041
2023-05-04T22:00:00,22,3,5,0,32.96,52.36,0.82,25.11,22.327,0.0,10.12,-0.0,22.327
2023-05-04T23:00:00,23,3,5,0,32.24,55.83,0.0,28.02,19.305,0.0,9.76,-0.0,19.305
2023-05-05T00:00:00,0,4,5,0,28.76,61.98,2.54,13.07,12.376,0.0,10.15,-0.0,12.376
2023-05-05T01:00:00,1,4,5,0,28.76,60.64,0.49,15.28,12.72,0.003,10.22,-0.0,12.717
2023-05-05T02:00:00,2,4,5,0,27.79,54.61,0.0,4.34,8.935,0.016,10.11,-0.0,8.919
2023-05-05T03:00:00,3,4,5,0,30.62,46.8,0.58,0.0,12.299,0.033,9.97,-0.0,12.266
2023-05-05T04:00:00,4,4,5,0,28.4,63.73,1.82,29.05,9.34,0.004,10.08,-0.0,9.336
2023-05-05T05:00:00,5,4,5,0,30.78,51.13,2.41,10.43,14.525,0.0,9.9,-0.0,14.525
2023-05-05T06:00:00,6,4,5,0,29.23,56.22,92.7,12.33,13.897,4.313,10.17,-0.0,9.584
2023-05-05T07:00:00,7,4,5,0,31.27,57.33,204.61,46.29,20.636,9.674,10.24,-0.0,10.962
2023-05-05T08:00:00,8,4,5,0,29.69,68.45,310.2,44.13,23.11,14.926,9.95,-0.0,8.184
2023-05-05T09:00:00,9,4,5,0,33.57,50.48,506.2,25.27,22.706,22.574,10.13,-0.0,0.132
2023-05-05T10:00:00,10,4,5,0,35.19,58.92,526.82,36.59,21.282,24.347,12.98,3.065,0.0
2023-05-05T11:00:00,11,4,5,0,38.5,47.1,781.33,3.39,21.369,35.588,25.88,14.219,0.0
2023-05-05T12:00:00,12,4,5,0,38.99,51.53,763.06,12.86,17.816,36.082,42.37,18.266,0.0
2023-05-05T13:00:00,13,4,5,0,40.88,58.31,615.43,29.93,21.512,28.479,49.15,6.967,0.0
2023-05-05T14:00:00,14,4,5,0,41.11,36.45,714.28,5.93,20.42,31.685,59.02,11.265,0.0
2023-05-05T15:00:00,15,4,5,0,42.69,44.39,638.61,0.0,24.042,28.06,63.43,4.018,0.0
2023-05-05T16:00:00,16,4,5,0,40.3,41.57,481.38,0.0,23.202,21.806,61.88,-1.396,0.0
2023-05-05T17:00:00,17,4,5,0,42.29,47.24,295.93,0.46,27.575,12.702,46.88,-14.873,0.0
2023-05-05T18:00:00,18,4,5,0,38.42,51.31,106.58,5.24,27.37,4.676,27.06,-20.0,2.694
2023-05-05T19:00:00,19,4,5,0,36.21,45.93,0.29,0.0,30.888,0.013,9.83,-16.907,13.968
2023-05-05T20:00:00,20,4,5,0,34.34,46.71,0.0,0.0,28.944,0.0,10.18,-0.0,28.944
2023-05-05T21:00:00,21,4,5,0,36.44,52.72,0.0,23.59,25.917,0.0,10.04,-0.0,25.917
2023-05-05T22:00:00,22,4,5,0,33.3,43.69,0.0,1.13,21.75,0.002,10.05,-0.0,21.748
2023-05-05T23:00:00,23,4,5,0,30.87,55.94,0.0,20.35,18.835,0.011,9.94,-0.0,18.824
2023-05-06T00:00:00,0,5,5,1,31.69,46.68,0.06,0.0,14.813,0.0,9.96,-0.0,14.813
2023-05-06T01:00:00,1,5,5,1,29.04,60.94,0.32,33.65,13.191,0.012,10.09,-0.0,13.179
2023-05-06T02:00:00,2,5,5,1,30.18,49.85,1.69,32.25,11.872,0.008,9.87,-0.0,11.864
2023-05-06T03:00:00,3,5,5,1,25.17,55.78,0.0,28.37,11.982,0.012,9.82,-0.0,11.97
2023-05-06T04:00:00,4,5,5,1,27.22,55.14,0.0,37.76,12.383,0.018,10.16,-0.0,12.365
2023-05-06T05:00:00,5,5,5,1,27.24,52.1,0.69,2.52,9.751,0.0,10.08,-0.0,9.751
2023-05-06T06:00:00,6,5,5,1,26.94,61.84,123.97,10.54,13.687,6.189,9.86,-0.0,7.498
2023-05-06T07:00:00,7,5,5,1,32.62,57.93,251.73,22.91,18.847,11.169,10.02,-0.0,7.678
2023-05-06T08:00:00,8,5,5,1,31.75,51.18,395.85,18.9,18.808,19.448,10.6,0.64,0.0
2023-05-06T09:00:00,9,5,5,1,35.09,50.14,491.39,24.31,21.407,22.341,11.34,0.934,0.0
2023-05-06T10:00:00,10,5,5,1,38.81,53.4,648.0,14.11,22.946,28.535,16.62,5.589,0.0
2023-05-06T11:00:00,11,5,5,1,37.49,45.02,652.07,21.73,23.688,29.198,21.66,5.51,0.0
2023-05-06T12:00:00,12,5,5,1,37.92,47.51,836.77,0.36,23.494,40.225,37.19,16.731,0.0
2023-05-06T13:00:00,13,5,5,1,39.67,45.16,740.72,12.03,25.36,32.65,43.82,7.29,0.0
2023-05-06T14:00:00,14,5,5,1,41.31,48.74,580.42,27.46,25.643,25.694,43.72,0.051,0.0
2023-05-06T15:00:00,15,5,5,1,39.37,52.11,576.17,10.14,22.783,26.956,47.56,4.173,0.0
2023-05-06T16:00:00,16,5,5,1,39.9,45.48,428.66,17.13,22.22,19.67,45.16,-2.55,0.0
2023-05-06T17:00:00,17,5,5,1,41.11,55.86,233.46,35.99,22.199,11.246,33.87,-10.953,0.0
2023-05-06T18:00:00,18,5,5,1,39.29,61.53,86.62,26.25,25.186,4.08,13.97,-20.0,1.106
2023-05-06T19:00:00,19,5,5,1,35.4,56.42,0.0,31.12,23.874,0.0,9.97,-4.142,19.732
2023-05-06T20:00:00,20,5,5,1,34.93,51.87,0.68,22.03,21.109,0.0,9.98,-0.0,21.109
2023-05-06T21:00:00,21,5,5,1,35.3,57.22,4.1,17.66,23.716,0.0,10.15,-0.0,23.716
2023-05-06T22:00:00,22,5,5,1,33.34,46.31,1.16,13.25,21.909,0.0,9.79,-0.0,21.909
2023-05-06T23:00:00,23,5,5,1,30.04,61.89,0.46,17.41,14.763,0.0,9.93,-0.0,14.763
2023-05-07T00:00:00,0,6,5,1,29.29,51.84,0.0,23.42,12.233,0.01,10.0,-0.0,12.223
2023-05-07T01:00:00,1,6,5,1,28.89,64.73,0.35,10.52,15.063,0.009,9.95,-0.0,15.054
2023-05-07T02:00:00,2,6,5,1,28.15,54.15,2.31,33.49,11.239,0.001,9.89,-0.0,11.238
2023-05-07T03:00:00,3,6,5,1,26.8,65.75,0.0,59.88,13.18,0.0,9.9,-0.0,13.18
2023-05-07T04:00:00,4,6,5,1,27.22,49.77,1.79,28.95,11.104,0.017,10.04,-0.0,11.087
2023-05-07T05:00:00,5,6,5,1,28.63,53.76,0.7,15.81,13.268,0.016,9.96,-0.0,13.252
2023-05-07T06:00:00,6,6,5,1,29.32,49.11,129.94,16.24,13.461,5.919,9.94,-0.0,7.542
2023-05-07T07:00:00,7,6,5,1,30.98,45.05,285.75,7.27,15.579,13.346,9.82,-0.0,2.233
2023-05-07T08:00:00,8,6,5,1,30.9,65.83,267.01,57.33,16.093,12.092,10.34,-0.0,4.001
2023-05-07T09:00:00,9,6,5,1,34.56,46.29,546.85,21.59,21.793,25.625,13.55,3.832,0.0
2023-05-07T10:00:00,10,6,5,1,36.78,45.65,672.15,8.99,22.391,29.34,20.16,6.949,0.0
2023-05-07T11:00:00,11,6,5,1,38.61,42.71,812.68,0.0,23.63,36.32,31.55,12.69,0.0
2023-05-07T12:00:00,12,6,5,1,39.75,52.03,819.26,0.0,23.386,37.82,44.89,14.434,0.0
2023-05-07T13:00:00,13,6,5,1,39.83,51.38,809.58,0.0,24.56,35.617,55.12,11.057,0.0
2023-05-07T14:00:00,14,6,5,1,39.38,55.55,663.27,17.69,24.369,29.59,59.83,5.221,0.0
2023-05-07T15:00:00,15,6,5,1,40.96,42.48,613.58,4.9,23.627,26.697,62.69,3.07,0.0
2023-05-07T16:00:00,16,6,5,1,42.24,51.71,486.15,0.0,24.242,21.921,60.39,-2.321,0.0
2023-05-07T17:00:00,17,6,5,1,39.27,45.28,258.85,17.71,25.261,11.659,46.72,-13.602,0.0
2023-05-07T18:00:00,18,6,5,1,37.45,44.63,118.09,5.34,21.802,5.248,30.18,-16.554,0.0
2023-05-07T19:00:00,19,6,5,1,36.8,45.63,2.44,7.74,26.133,0.022,10.35,-20.0,6.111
2023-05-07T20:00:00,20,6,5,1,36.4,46.99,1.63,14.14,22.783,0.0,9.85,-0.196,22.587
2023-05-07T21:00:00,21,6,5,1,33.86,52.01,0.28,19.23,22.275,0.073,10.26,-0.0,22.202
2023-05-07T22:00:00,22,6,5,1,33.39,49.49,0.19,25.63,21.438,0.004,10.09,-0.0,21.434
2023-05-07T23:00:00,23,6,5,1,31.0,53.43,0.0,7.49,19.452,0.0,9.96,-0.0,19.452
2023-05-08T00:00:00,0,0,5,0,31.39,40.17,1.47,15.2,12.058,0.048,10.14,-0.0,12.01
2023-05-08T01:00:00,1,0,5,0,30.72,57.04,0.0,30.61,12.626,0.015,10.13,-0.0,12.611
2023-05-08T02:00:00,2,0,5,0,30.79,50.96,0.17,34.29,10.986,0.004,10.05,-0.0,10.982
2023-05-08T03:00:00,3,0,5,0,26.59,57.14,0.0,46.09,10.95,0.006,9.99,-0.0,10.944
2023-05-08T04:00:00,4,0,5,0,27.21,53.83,0.0,25.46,9.769,0.026,9.76,-0.0,9.743
2023-05-08T05:00:00,5,0,5,0,30.18,61.04,0.33,31.48,11.343,0.005,9.9,-0.0,11.338
2023-05-08T06:00:00,6,0,5,0,29.41,58.34,128.74,25.28,16.657,5.767,10.01,-0.0,10.89
2023-05-08T07:00:00,7,0,5,0,29.73,57.5,210.71,43.22,20.082,10.505,10.08,-0.0,9.577
2023-05-08T08:00:00,8,0,5,0,31.75,52.6,349.3,36.24,25.145,16.347,10.01,-0.0,8.798
2023-05-08T09:00:00,9,0,5,0,34.64,56.41,524.37,22.33,24.807,24.463,10.06,-0.0,0.344
2023-05-08T10:00:00,10,0,5,0,34.73,58.39,753.66,2.12,20.176,33.91,22.6,13.734,0.0
2023-05-08T11:00:00,11,0,5,0,37.55,50.37,673.8,19.77,21.626,30.488,30.89,8.862,0.0
2023-05-08T12:00:00,12,0,5,0,40.39,37.99,813.98,0.0,21.263,38.179,46.68,16.916,0.0
2023-05-08T13:00:00,13,0,5,0,40.29,44.62,739.47,13.95,21.661,34.237,57.95,12.576,0.0
2023-05-08T14:00:00,14,0,5,0,43.28,47.19,720.64,0.0,21.847,31.712,66.98,9.865,0.0
2023-05-08T15:00:00,15,0,5,0,41.89,44.37,596.29,9.5,22.169,28.115,72.47,5.946,0.0
2023-05-08T16:00:00,16,0,5,0,40.26,41.99,477.53,1.52,24.031,20.762,69.32,-3.269,0.0
2023-05-08T17:00:00,17,0,5,0,39.52,42.28,314.17,2.17,26.587,13.369,55.98,-13.218,0.0
2023-05-08T18:00:00,18,0,5,0,40.05,47.55,103.68,6.11,27.292,4.361,36.1,-20.0,2.931
2023-05-08T19:00:00,19,0,5,0,38.06,43.69,0.0,27.27,31.703,0.0,16.12,-20.0,11.703
2023-05-08T20:00:00,20,0,5,0,39.05,54.59,0.0,53.62,30.682,0.0,10.27,-5.98,24.702
2023-05-08T21:00:00,21,0,5,0,33.82,54.9,1.0,32.38,26.442,0.018,10.07,-0.0,26.424
2023-05-08T22:00:00,22,0,5,0,34.17,53.46,0.25,42.01,21.022,0.0,10.02,-0.0,21.022
2023-05-08T23:00:00,23,0,5,0,30.42,50.25,0.23,26.66,18.876,0.0,10.06,-0.0,18.876
2023-05-09T00:00:00,0,1,5,0,28.36,59.43,0.0,11.62,12.897,0.0,10.0,-0.0,12.897
2023-05-09T01:00:00,1,1,5,0,29.98,50.48,1.57,36.19,11.132,0.017,10.03,-0.0,11.115
2023-05-09T02:00:00,2,1,5,0,29.86,59.03,0.0,42.59,11.595,0.026,10.21,-0.0,11.569
2023-05-09T03:00:00,3,1,5,0,26.99,60.37,1.06,22.49,9.818,0.0,9.93,-0.0,9.818
2023-05-09T04:00:00,4,1,5,0,27.56,56.82,1.95,19.89,11.127,0.0,9.81,-0.0,11.127
2023-05-09T05:00:00,5,1,5,0,26.88,66.67,0.0,47.3,10.756,0.0,10.02,-0.0,10.756
2023-05-09T06:00:00,6,1,5,0,27.74,54.24,92.54,46.48,14.147,4.429,10.03,-0.0,9.718
2023-05-09T07:00:00,7,1,5,0,32.62,54.86,170.58,57.05,20.902,7.538,10.15,-0.0,13.364
2023-05-09T08:00:00,8,1,5,0,32.44,51.55,393.62,23.35,23.517,18.278,9.98,-0.0,5.239
2023-05-09T09:00:00,9,1,5,0,33.75,68.48,553.61,15.92,25.056,27.066,11.79,2.01,0.0
2023-05-09T10:00:00,10,1,5,0,36.23,55.91,553.11,33.97,22.158,26.023,15.32,3.865,0.0
2023-05-09T11:00:00,11,1,5,0,37.95,55.54,592.32,31.62,21.816,27.15,20.22,5.334,0.0
2023-05-09T12:00:00,12,1,5,0,39.11,50.47,804.49,3.41,19.489,35.035,34.49,15.546,0.0
2023-05-09T13:00:00,13,1,5,0,41.03,46.03,790.06,0.0,20.654,35.416,48.02,14.762,0.0
2023-05-09T14:00:00,14,1,5,0,38.87,52.07,731.4,0.0,19.513,32.236,59.58,12.723,0.0
2023-05-09T15:00:00,15,1,5,0,39.26,37.26,639.04,0.0,20.922,30.384,68.73,9.462,0.0
2023-05-09T16:00:00,16,1,5,0,41.27,46.89,455.83,0.0,24.605,20.117,64.15,-4.488,0.0
2023-05-09T17:00:00,17,1,5,0,41.18,48.88,284.42,7.92,26.328,12.417,50.52,-13.911,0.0
2023-05-09T18:00:00,18,1,5,0,41.46,50.49,125.71,0.0,30.053,5.594,29.99,-20.0,4.459
2023-05-09T19:00:00,19,1,5,0,36.7,42.24,0.0,0.0,30.958,0.0,10.5,-20.0,10.958
2023-05-09T20:00:00,20,1,5,0,37.11,43.57,0.0,7.91,29.987,0.0,9.98,-0.207,29.78
2023-05-09T21:00:00,21,1,5,0,33.75,44.54,0.41,0.0,25.293,0.0,9.76,-0.0,25.293
2023-05-09T22:00:00,22,1,5,0,35.0,51.72,0.0,1.06,22.929,0.015,9.7,-0.0,22.914
2023-05-09T23:00:00,23,1,5,0,29.94,56.52,0.0,14.04,19.648,0.0,9.92,-0.0,19.648
2023-05-10T00:00:00,0,2,5,0,32.43,47.44,0.0,12.22,15.361,0.0,10.14,-0.0,15.361
2023-05-10T01:00:00,1,2,5,0,28.39,69.73,0.0,50.47,13.253,0.0,10.04,-0.0,13.253
2023-05-10T02:00:00,2,2,5,0,31.21,56.59,0.0,27.46,10.463,0.0,9.95,-0.0,10.463
2023-05-10T03:00:00,3,2,5,0,29.18,58.19,1.34,36.14,10.936,0.001,10.17,-0.0,10.935
2023-05-10T04:00:00,4,2,5,0,26.36,58.2,0.0,36.95,10.052,0.002,10.02,-0.0,10.05
2023-05-10T05:00:00,5,2,5,0,28.7,62.44,0.0,35.83,12.319,0.02,9.76,-0.0,12.299
2023-05-10T06:00:00,6,2,5,0,31.31,55.63,100.03,18.02,15.607,4.653,10.19,-0.0,10.954
2023-05-10T07:00:00,7,2,5,0,33.38,63.2,260.32,26.03,23.555,12.016,9.84,-0.0,11.539
2023-05-10T08:00:00,8,2,5,0,33.34,43.79,482.0,0.0,22.284,22.192,9.84,-0.0,0.092
2023-05-10T09:00:00,9,2,5,0,34.77,41.35,622.51,0.0,24.8,31.101,15.76,6.301,0.0
2023-05-10T10:00:00,10,2,5,0,37.99,45.56,656.74,13.05,22.503,29.685,22.45,7.182,0.0
2023-05-10T11:00:00,11,2,5,0,38.09,51.64,724.21,10.78,19.851,32.292,33.75,12.441,0.0
2023-05-10T12:00:00,12,2,5,0,37.85,46.29,767.13,7.0,18.709,34.802,48.39,16.093,0.0
2023-05-10T13:00:00,13,2,5,0,39.23,58.49,551.99,36.72,20.349,25.44,53.25,5.091,0.0
2023-05-10T14:00:00,14,2,5,0,41.63,43.34,724.99,0.0,21.371,28.525,60.07,7.154,0.0
2023-05-10T15:00:00,15,2,5,0,42.7,56.23,405.31,40.68,23.037,18.326,55.21,-4.711,0.0
2023-05-10T16:00:00,16,2,5,0,44.01,45.14,356.28,35.34,23.195,14.395,46.58,-8.8,0.0
2023-05-10T17:00:00,17,2,5,0,42.46,55.43,230.96,31.12,25.13,10.843,32.2,-14.287,0.0
2023-05-10T18:00:00,18,2,5,0,40.22,58.24,89.34,35.43,27.701,3.784,12.04,-20.0,3.917
2023-05-10T19:00:00,19,2,5,0,39.8,49.58,0.0,40.64,32.906,0.0,9.89,-2.123,30.783
2023-05-10T20:00:00,20,2,5,0,34.86,57.24,0.04,38.42,30.9,0.002,10.03,-0.0,30.898
2023-05-10T21:00:00,21,2,5,0,33.9,54.84,0.0,26.34,25.938,0.007,10.03,-0.0,25.931
2023-05-10T22:00:00,22,2,5,0,31.9,54.6,0.0,9.09,22.412,0.0,10.02,-0.0,22.412
2023-05-10T23:00:00,23,2,5,0,29.96,65.42,0.59,48.5,18.033,0.004,10.03,-0.0,18.029
2023-05-11T00:00:00,0,3,5,0,30.7,61.29,4.16,34.05,14.726,0.005,9.98,-0.0,14.721
2023-05-11T01:00:00,1,3,5,0,28.75,60.39,0.0,36.22,12.689,0.0,9.98,-0.0,12.689
2023-05-11T02:00:00,2,3,5,0,30.15,61.03,0.0,40.63,9.952,0.0,9.88,-0.0,9.952
2023-05-11T03:00:00,3,3,5,0,30.25,51.2,0.0,39.92,11.308,0.0,9.84,-0.0,11.308
2023-05-11T04:00:00,4,3,5,0,29.64,58.66,1.4,46.44,12.306,0.0,10.11,-0.0,12.306
2023-05-11T05:00:00,5,3,5,0,30.6,47.36,0.0,9.95,14.655,0.007,9.85,-0.0,14.648
2023-05-11T06:00:00,6,3,5,0,30.42,56.07,110.33,31.28,17.655,5.114,9.72,-0.0,12.541
2023-05-11T07:00:00,7,3,5,0,31.83,60.74,240.87,29.74,21.237,11.384,9.95,-0.0,9.853
2023-05-11T08:00:00,8,3,5,0,32.37,52.48,402.97,14.1,24.279,19.066,10.04,-0.0,5.213
2023-05-11T09:00:00,9,3,5,0,36.5,35.82,603.23,1.5,23.21,26.195,12.72,2.985,0.0
2023-05-11T10:00:00,10,3,5,0,37.34,42.43,738.57,0.0,21.07,33.033,23.57,11.963,0.0
2023-05-11T11:00:00,11,3,5,0,37.11,50.69,793.47,0.0,21.974,37.07,37.81,15.096,0.0
2023-05-11T12:00:00,12,3,5,0,40.18,43.41,818.53,0.0,22.239,38.033,52.21,15.794,0.0
2023-05-11T13:00:00,13,3,5,0,40.37,49.92,804.69,0.0,22.662,36.559,65.13,13.897,0.0
2023-05-11T14:00:00,14,3,5,0,40.13,41.11,706.0,6.76,20.78,31.383,74.7,10.603,0.0
2023-05-11T15:00:00,15,3,5,0,39.87,51.59,504.55,22.7,20.4,22.625,76.83,2.225,0.0
2023-05-11T16:00:00,16,3,5,0,42.63,48.17,459.05,8.39,24.414,19.94,72.11,-4.474,0.0
2023-05-11T17:00:00,17,3,5,0,42.01,53.04,269.81,26.64,29.286,12.026,54.56,-17.26,0.0
2023-05-11T18:00:00,18,3,5,0,40.81,45.23,129.72,18.35,29.106,6.006,35.03,-20.0,3.1
2023-05-11T19:00:00,19,3,5,0,40.37,53.5,1.95,24.06,32.147,0.015,14.82,-20.0,12.132
2023-05-11T20:00:00,20,3,5,0,36.94,58.76,0.0,22.32,31.79,0.0,10.13,-5.024,26.766
2023-05-11T21:00:00,21,3,5,0,38.95,37.89,0.29,16.49,29.094,0.026,10.14,-0.0,29.068
2023-05-11T22:00:00,22,3,5,0,34.15,50.99,1.0,8.78,22.404,0.0,10.05,-0.0,22.404
2023-05-11T23:00:00,23,3,5,0,32.2,43.57,1.14,14.09,19.715,0.0,9.87,-0.0,19.715
2023-05-12T00:00:00,0,4,5,0,29.95,51.13,1.04,24.69,12.503,0.0,10.0,-0.0,12.503
2023-05-12T01:00:00,1,4,5,0,30.25,51.94,0.4,28.49,12.713,0.045,10.08,-0.0,12.668
2023-05-12T02:00:00,2,4,5,0,29.75,55.6,1.73,27.31,8.437,0.0,10.06,-0.0,8.437
2023-05-12T03:00:00,3,4,5,0,27.56,60.69,0.0,38.45,7.932,0.043,9.86,-0.0,7.889
2023-05-12T04:00:00,4,4,5,0,31.02,61.47,0.0,38.74,11.865,0.0,9.72,-0.0,11.865
2023-05-12T05:00:00,5,4,5,0,29.66,55.7,0.0,16.66,14.658,0.0,10.06,-0.0,14.658
2023-05-12T06:00:00,6,4,5,0,30.07,57.97,107.45,19.6,16.439,5.091,10.0,-0.0,11.348
2023-05-12T07:00:00,7,4,5,0,30.64,49.97,224.19,26.77,20.561,10.638,10.09,-0.0,9.923
2023-05-12T08:00:00,8,4,5,0,32.94,56.56,451.97,7.96,24.123,22.534,10.0,-0.0,1.589
2023-05-12T09:00:00,9,4,5,0,34.76,37.43,470.34,32.18,23.363,20.891,9.98,-0.0,2.472
2023-05-12T10:00:00,10,4,5,0,36.12,58.92,619.98,19.69,20.138,29.672,18.74,9.534,0.0
2023-05-12T11:00:00,11,4,5,0,37.4,60.01,553.48,37.62,21.232,24.235,21.49,3.003,0.0
2023-05-12T12:00:00,12,4,5,0,42.97,53.4,587.15,33.91,22.868,24.761,23.64,1.893,0.0
2023-05-12T13:00:00,13,4,5,0,40.35,59.98,689.27,18.84,21.287,31.74,32.86,10.453,0.0
2023-05-12T14:00:00,14,4,5,0,39.1,43.13,526.73,36.38,19.157,22.473,35.89,3.316,0.0
2023-05-12T15:00:00,15,4,5,0,40.71,52.23,533.68,16.8,23.617,23.677,36.11,0.06,0.0
2023-05-12T16:00:00,16,4,5,0,41.35,51.79,323.13,37.73,23.444,15.193,27.81,-8.251,0.0
2023-05-12T17:00:00,17,4,5,0,41.0,51.61,241.45,31.57,28.172,10.501,10.09,-17.671,0.0
2023-05-12T18:00:00,18,4,5,0,40.56,42.64,104.32,17.08,27.57,4.991,9.87,-0.076,22.503
2023-05-12T19:00:00,19,4,5,0,39.37,51.99,2.23,23.12,31.318,0.039,9.8,-0.0,31.279
2023-05-12T20:00:00,20,4,5,0,35.87,50.21,0.7,0.0,31.538,0.004,9.99,-0.0,31.534
2023-05-12T21:00:00,21,4,5,0,36.76,45.61,1.02,7.16,27.644,0.0,9.97,-0.0,27.644
2023-05-12T22:00:00,22,4,5,0,32.22,50.85,0.0,4.76,19.068,0.017,9.92,-0.0,19.051
2023-05-12T23:00:00,23,4,5,0,30.91,48.43,1.23,25.36,17.118,0.025,10.12,-0.0,17.093
2023-05-13T00:00:00,0,5,5,1,29.25,56.16,0.0,40.19,13.688,0.0,10.14,-0.0,13.688
2023-05-13T01:00:00,1,5,5,1,27.6,57.83,0.0,0.0,13.475,0.018,10.17,-0.0,13.457
2023-05-13T02:00:00,2,5,5,1,30.7,56.22,0.0,0.0,12.3,0.0,9.85,-0.0,12.3
2023-05-13T03:00:00,3,5,5,1,29.31,55.92,0.0,0.0,12.635,0.0,10.16,-0.0,12.635
2023-05-13T04:00:00,4,5,5,1,29.96,56.77,0.0,1.64,12.404,0.0,9.72,-0.0,12.404
2023-05-13T05:00:00,5,5,5,1,29.41,58.95,0.82,13.71,12.062,0.0,9.99,-0.0,12.062
2023-05-13T06:00:00,6,5,5,1,31.18,51.05,89.67,21.4,15.714,4.183,10.13,-0.0,11.531
2023-05-13T07:00:00,7,5,5,1,28.84,57.77,267.9,24.92,16.219,12.353,9.85,-0.0,3.866
2023-05-13T08:00:00,8,5,5,1,34.46,55.72,474.7,6.96,19.516,22.567,12.61,3.051,0.0
2023-05-13T09:00:00,9,5,5,1,35.92,42.9,556.62,9.04,21.177,25.074,16.38,3.897,0.0
2023-05-13T10:00:00,10,5,5,1,37.85,40.46,740.29,0.0,22.157,33.706,27.27,11.549,0.0
2023-05-13T11:00:00,11,5,5,1,39.78,40.03,776.57,6.05,25.808,35.212,35.92,9.404,0.0
2023-05-13T12:00:00,12,5,5,1,38.94,37.85,794.56,0.0,24.041,37.24,47.99,13.199,0.0
2023-05-13T13:00:00,13,5,5,1,39.2,43.18,714.11,11.97,24.767,31.733,54.07,6.966,0.0
2023-05-13T14:00:00,14,5,5,1,41.55,45.8,601.39,20.52,25.06,25.378,54.51,0.318,0.0
2023-05-13T15:00:00,15,5,5,1,42.44,56.5,502.23,27.21,25.102,21.79,51.54,-3.312,0.0
2023-05-13T16:00:00,16,5,5,1,42.46,45.89,397.01,21.55,24.551,18.431,45.22,-6.12,0.0
2023-05-13T17:00:00,17,5,5,1,39.1,41.21,277.33,13.96,22.091,12.714,35.47,-9.377,0.0
2023-05-13T18:00:00,18,5,5,1,39.35,51.17,112.85,25.17,25.151,5.04,15.83,-20.0,0.111
2023-05-13T19:00:00,19,5,5,1,37.57,47.11,0.36,3.43,25.495,0.002,9.89,-5.704,19.789
2023-05-13T20:00:00,20,5,5,1,36.15,46.12,1.79,11.39,26.695,0.002,9.96,-0.0,26.693
2023-05-13T21:00:00,21,5,5,1,33.78,50.22,0.0,23.61,21.714,0.023,10.11,-0.0,21.691
2023-05-13T22:00:00,22,5,5,1,31.32,63.38,2.23,47.12,18.746,0.017,9.95,-0.0,18.729
2023-05-13T23:00:00,23,5,5,1,31.2,52.0,0.0,53.38,17.203,0.0,9.92,-0.0,17.203
2023-05-14T00:00:00,0,6,5,1,31.12,49.33,1.97,43.84,14.353,0.0,10.16,-0.0,14.353
2023-05-14T01:00:00,1,6,5,1,28.14,63.4,0.0,55.6,12.856,0.0,10.11,-0.0,12.856
2023-05-14T02:00:00,2,6,5,1,29.25,56.0,0.55,46.37,12.798,0.002,10.05,-0.0,12.796
2023-05-14T03:00:00,3,6,5,1,29.53,66.46,0.0,44.95,13.277,0.0,10.32,-0.0,13.277
2023-05-14T04:00:00,4,6,5,1,27.51,59.55,0.0,48.3,11.315,0.001,10.03,-0.0,11.314
2023-05-14T05:00:00,5,6,5,1,29.27,55.0,0.87,22.69,11.119,0.029,10.05,-0.0,11.09
2023-05-14T06:00:00,6,6,5,1,33.56,59.34,108.43,37.81,16.421,5.32,9.95,-0.0,11.101
2023-05-14T07:00:00,7,6,5,1,31.68,49.52,176.69,47.35,14.416,8.512,9.86,-0.0,5.904
2023-05-14T08:00:00,8,6,5,1,32.67,59.03,310.93,47.41,18.467,14.699,9.79,-0.0,3.768
2023-05-14T09:00:00,9,6,5,1,36.22,55.49,321.92,60.23,21.667,13.655,10.13,-0.0,8.012
2023-05-14T10:00:00,10,6,5,1,37.33,59.54,459.4,44.91,24.156,20.068,9.93,-0.0,4.088
2023-05-14T11:00:00,11,6,5,1,39.91,51.67,439.83,57.69,25.904,20.305,10.39,-0.0,5.599
2023-05-14T12:00:00,12,6,5,1,40.15,50.44,684.23,22.96,24.527,29.876,14.79,5.349,0.0
2023-05-14T13:00:00,13,6,5,1,40.75,46.18,720.03,14.58,24.264,32.216,22.12,7.952,0.0
2023-05-14T14:00:00,14,6,5,1,42.62,47.41,707.87,3.94,25.398,32.589,28.9,7.191,0.0
2023-05-14T15:00:00,15,6,5,1,42.63,48.43,461.53,32.88,25.343,20.689,24.05,-4.654,0.0
2023-05-14T16:00:00,16,6,5,1,43.01,54.74,264.61,59.22,25.844,11.951,10.08,-13.893,0.0
2023-05-14T17:00:00,17,6,5,1,40.39,57.05,309.67,15.3,23.669,14.627,10.1,-0.306,8.736
2023-05-14T18:00:00,18,6,5,1,40.16,51.69,82.54,46.74,25.022,3.915,9.67,-0.0,21.107
2023-05-14T19:00:00,19,6,5,1,38.73,56.51,0.0,50.67,24.065,0.03,10.03,-0.0,24.035
2023-05-14T20:00:00,20,6,5,1,38.21,66.37,0.0,51.68,24.138,0.0,10.03,-0.0,24.138
2023-05-14T21:00:00,21,6,5,1,34.61,54.0,1.15,19.26,20.697,0.016,10.14,-0.0,20.681
2023-05-14T22:00:00,22,6,5,1,35.06,42.78,0.0,40.23,21.259,0.013,10.07,-0.0,21.246
2023-05-14T23:00:00,23,6,5,1,32.34,52.49,0.0,36.04,20.521,0.0,10.42,-0.0,20.521
2023-05-15T00:00:00,0,0,5,0,29.15,51.84,2.28,37.97,14.147,0.028,9.94,-0.0,14.119
2023-05-15T01:00:00,1,0,5,0,31.85,60.4,2.81,34.06,13.692,0.0,9.8,-0.0,13.692
2023-05-15T02:00:00,2,0,5,0,31.27,56.32,0.0,38.58,13.034,0.022,10.41,-0.0,13.012
2023-05-15T03:00:00,3,0,5,0,29.45,64.59,1.91,48.43,11.547,0.0,10.02,-0.0,11.547
2023-05-15T04:00:00,4,0,5,0,31.57,59.84,2.28,39.61,12.616,0.0,9.87,-0.0,12.616
2023-05-15T05:00:00,5,0,5,0,30.78,60.36,0.0,40.34,11.127,0.0,9.76,-0.0,11.127
2023-05-15T06:00:00,6,0,5,0,28.15,52.27,100.82,37.78,18.056,4.788,9.95,-0.0,13.268
2023-05-15T07:00:00,7,0,5,0,29.94,57.05,264.93,18.63,20.005,12.79,9.88,-0.0,7.215
2023-05-15T08:00:00,8,0,5,0,33.98,56.35,506.82,0.09,24.187,22.488,9.88,-0.0,1.699
2023-05-15T09:00:00,9,0,5,0,34.63,42.76,593.25,5.66,25.351,27.705,11.85,2.354,0.0
2023-05-15T10:00:00,10,0,5,0,36.18,49.31,628.89,17.28,22.117,29.412,18.82,7.295,0.0
2023-05-15T11:00:00,11,0,5,0,38.06,52.06,682.59,20.11,23.607,31.029,25.77,7.422,0.0
2023-05-15T12:00:00,12,0,5,0,40.38,50.04,651.86,23.69,20.237,29.824,34.37,9.587,0.0
2023-05-15T13:00:00,13,0,5,0,39.12,53.86,784.2,0.0,21.373,35.851,47.78,14.478,0.0
2023-05-15T14:00:00,14,0,5,0,41.16,49.48,718.67,1.8,21.246,29.329,55.21,8.083,0.0
2023-05-15T15:00:00,15,0,5,0,43.43,48.3,540.19,13.03,23.544,23.242,54.99,-0.302,0.0
2023-05-15T16:00:00,16,0,5,0,40.81,52.24,419.8,15.98,22.65,20.292,52.87,-2.358,0.0
2023-05-15T17:00:00,17,0,5,0,42.09,54.97,242.01,40.67,26.505,11.071,37.22,-15.434,0.0
2023-05-15T18:00:00,18,0,5,0,39.29,49.82,137.14,20.17,30.611,6.076,17.01,-20.0,4.535
2023-05-15T19:00:00,19,0,5,0,39.64,51.1,0.0,43.17,32.506,0.038,9.98,-7.187,25.281
2023-05-15T20:00:00,20,0,5,0,38.58,54.1,0.13,14.42,31.819,0.05,10.05,-0.0,31.769
2023-05-15T21:00:00,21,0,5,0,36.92,47.07,0.0,19.25,26.093,0.0,9.82,-0.0,26.093
2023-05-15T22:00:00,22,0,5,0,34.57,54.01,0.85,34.53,21.297,0.0,9.86,-0.0,21.297
2023-05-15T23:00:00,23,0,5,0,30.09,52.75,0.0,45.91,16.708,0.0,9.86,-0.0,16.708
2023-05-16T00:00:00,0,1,5,0,32.37,60.88,0.08,45.47,13.924,0.0,9.97,-0.0,13.924
2023-05-16T01:00:00,1,1,5,0,28.96,64.42,0.06,39.94,11.366,0.032,9.94,-0.0,11.334
2023-05-16T02:00:00,2,1,5,0,29.11,55.84,0.0,55.48,11.088,0.0,9.75,-0.0,11.088
2023-05-16T03:00:00,3,1,5,0,28.81,58.7,0.0,47.46,11.428,0.0,9.91,-0.0,11.428
2023-05-16T04:00:00,4,1,5,0,30.11,56.24,0.0,46.71,13.239,0.0,9.99,-0.0,13.239
2023-05-16T05:00:00,5,1,5,0,30.1,62.84,0.0,38.76,13.647,0.0,10.16,-0.0,13.647
2023-05-16T06:00:00,6,1,5,0,29.25,62.5,131.37,22.02,15.238,6.605,9.8,-0.0,8.633
2023-05-16T07:00:00,7,1,5,0,31.15,56.3,196.45,50.86,21.701,8.889,9.86,-0.0,12.812
2023-05-16T08:00:00,8,1,5,0,34.81,39.08,345.79,36.55,25.08,16.135,9.83,-0.0,8.945
2023-05-16T09:00:00,9,1,5,0,36.49,59.12,461.05,34.83,25.281,20.274,9.75,-0.0,5.007
2023-05-16T10:00:00,10,1,5,0,38.86,52.86,521.76,38.73,24.742,24.424,9.6,-0.0,0.318
2023-05-16T11:00:00,11,1,5,0,39.01,55.17,432.27,54.52,20.933,20.353,10.07,-0.0,0.58
2023-05-16T12:00:00,12,1,5,0,38.33,57.1,591.35,34.46,21.626,26.055,14.09,4.429,0.0
2023-05-16T13:00:00,13,1,5,0,41.23,52.14,430.03,56.26,19.827,18.831,13.14,-0.996,0.0
2023-05-16T14:00:00,14,1,5,0,40.9,48.76,487.93,41.35,22.174,22.443,13.37,0.269,0.0
2023-05-16T15:00:00,15,1,5,0,42.55,46.17,503.41,21.02,22.234,22.252,13.28,0.018,0.0
2023-05-16T16:00:00,16,1,5,0,41.29,54.66,292.26,44.81,24.13,13.765,9.9,-3.343,7.022
2023-05-16T17:00:00,17,1,5,0,42.54,53.36,234.11,27.72,27.807,10.009,10.16,-0.0,17.798
2023-05-16T18:00:00,18,1,5,0,39.1,61.3,85.08,42.95,28.702,3.999,10.1,-0.0,24.703
2023-05-16T19:00:00,19,1,5,0,37.92,52.72,0.0,22.37,30.284,0.015,9.98,-0.0,30.269
2023-05-16T20:00:00,20,1,5,0,37.61,48.52,0.0,11.53,29.885,0.003,9.85,-0.0,29.882
2023-05-16T21:00:00,21,1,5,0,34.24,54.74,0.0,6.3,26.73,0.013,10.01,-0.0,26.717
2023-05-16T22:00:00,22,1,5,0,34.79,44.21,0.0,0.0,23.88,0.021,10.03,-0.0,23.859
2023-05-16T23:00:00,23,1,5,0,35.05,57.25,0.73,8.22,22.454,0.0,9.91,-0.0,22.454
2023-05-17T00:00:00,0,2,5,0,30.8,56.62,0.27,28.69,13.214,0.0,10.04,-0.0,13.214
2023-05-17T01:00:00,1,2,5,0,31.12,52.67,1.63,18.17,10.978,0.01,10.09,-0.0,10.968
2023-05-17T02:00:00,2,2,5,0,25.77,53.61,0.0,29.48,10.649,0.0,10.06,-0.0,10.649
2023-05-17T03:00:00,3,2,5,0,30.66,57.04,0.0,17.11,9.408,0.001,10.14,-0.0,9.407
2023-05-17T04:00:00,4,2,5,0,28.51,51.56,1.38,2.95,12.504,0.021,10.13,-0.0,12.483
2023-05-17T05:00:00,5,2,5,0,28.84,51.86,0.0,0.0,13.574,0.002,10.15,-0.0,13.572
2023-05-17T06:00:00,6,2,5,0,33.06,43.31,123.3,10.98,17.155,5.701,9.92,-0.0,11.454
2023-05-17T07:00:00,7,2,5,0,32.5,55.53,176.34,49.18,19.897,7.892,10.12,-0.0,12.005
2023-05-17T08:00:00,8,2,5,0,34.13,49.64,390.04,20.38,23.555,18.127,10.07,-0.0,5.428
2023-05-17T09:00:00,9,2,5,0,35.65,51.28,615.38,3.95,24.89,28.454,13.4,3.564,0.0
2023-05-17T10:00:00,10,2,5,0,33.95,49.02,693.64,5.53,19.868,33.435,25.78,13.567,0.0
2023-05-17T11:00:00,11,2,5,0,38.37,35.36,717.78,10.08,21.825,32.104,35.29,10.279,0.0
2023-05-17T12:00:00,12,2,5,0,41.54,45.25,720.12,13.17,22.821,31.162,42.74,8.341,0.0
2023-05-17T13:00:00,13,2,5,0,39.31,42.59,673.39,21.89,19.709,30.46,52.85,10.751,0.0
2023-05-17T14:00:00,14,2,5,0,40.07,41.88,679.95,6.21,21.888,30.305,60.71,8.417,0.0
2023-05-17T15:00:00,15,2,5,0,41.91,50.17,625.04,0.0,23.927,27.614,64.17,3.687,0.0
2023-05-17T16:00:00,16,2,5,0,44.06,35.52,492.86,0.0,26.029,21.19,59.06,-4.839,0.0
2023-05-17T17:00:00,17,2,5,0,42.72,47.78,310.12,10.68,28.144,13.223,44.43,-14.921,0.0
2023-05-17T18:00:00,18,2,5,0,39.83,45.6,115.59,12.26,28.871,5.331,24.13,-20.0,3.54
2023-05-17T19:00:00,19,2,5,0,40.93,43.45,0.28,8.43,34.879,0.026,10.1,-14.158,20.695
2023-05-17T20:00:00,20,2,5,0,35.99,46.64,3.17,20.89,28.848,0.0,10.01,-0.0,28.848
2023-05-17T21:00:00,21,2,5,0,37.08,54.05,0.0,30.99,27.49,0.007,10.19,-0.0,27.483
2023-05-17T22:00:00,22,2,5,0,32.26,53.73,0.0,7.41,22.824,0.012,10.03,-0.0,22.812
2023-05-17T23:00:00,23,2,5,0,34.19,44.49,0.0,24.82,19.564,0.006,9.91,-0.0,19.558
2023-05-18T00:00:00,0,3,5,0,31.3,56.74,0.0,0.0,13.441,0.0,10.16,-0.0,13.441
2023-05-18T01:00:00,1,3,5,0,29.04,46.3,1.53,0.0,10.025,0.0,9.93,-0.0,10.025
2023-05-18T02:00:00,2,3,5,0,28.73,54.34,0.86,0.0,10.015,0.022,10.05,-0.0,9.993
2023-05-18T03:00:00,3,3,5,0,29.84,47.14,2.15,8.39,13.526,0.0,9.75,-0.0,13.526
2023-05-18T04:00:00,4,3,5,0,30.31,51.64,0.54,16.04,11.336,0.0,10.12,-0.0,11.336
2023-05-18T05:00:00,5,3,5,0,31.84,46.32,0.0,13.49,15.797,0.012,9.72,-0.0,15.785
2023-05-18T06:00:00,6,3,5,0,29.09,50.06,128.19,3.32,15.531,6.409,9.93,-0.0,9.122
2023-05-18T07:00:00,7,3,5,0,33.52,50.12,311.97,9.03,21.03,13.958,9.8,-0.0,7.072
2023-05-18T08:00:00,8,3,5,0,35.29,48.39,341.91,35.65,24.284,15.82,9.83,-0.0,8.464
2023-05-18T09:00:00,9,3,5,0,35.76,55.43,428.21,35.5,25.164,20.042,9.99,-0.0,5.122
2023-05-18T10:00:00,10,3,5,0,36.81,54.26,575.65,27.18,19.887,25.179,14.77,5.292,0.0
2023-05-18T11:00:00,11,3,5,0,39.24,65.04,574.2,32.64,23.361,26.385,17.76,3.024,0.0
2023-05-18T12:00:00,12,3,5,0,41.52,55.18,579.45,34.44,22.303,25.461,20.52,3.158,0.0
2023-05-18T13:00:00,13,3,5,0,43.66,54.23,623.91,27.77,22.319,26.895,24.79,4.576,0.0
2023-05-18T14:00:00,14,3,5,0,44.02,39.9,534.36,31.72,22.216,23.347,25.68,1.131,0.0
2023-05-18T15:00:00,15,3,5,0,43.67,39.45,450.41,33.72,22.992,19.658,22.58,-3.334,0.0
2023-05-18T16:00:00,16,3,5,0,45.76,44.67,404.37,20.83,27.607,18.297,13.19,-9.31,0.0
2023-05-18T17:00:00,17,3,5,0,42.79,55.93,277.59,15.56,25.847,12.376,10.08,-3.163,10.308
2023-05-18T18:00:00,18,3,5,0,40.38,59.04,130.12,4.55,29.731,6.336,10.11,-0.0,23.395
2023-05-18T19:00:00,19,3,5,0,39.82,42.86,0.94,0.0,33.277,0.0,10.13,-0.0,33.277
2023-05-18T20:00:00,20,3,5,0,36.01,45.46,0.16,0.0,27.711,0.003,10.06,-0.0,27.708
2023-05-18T21:00:00,21,3,5,0,36.42,50.89,0.0,0.0,26.922,0.0,10.03,-0.0,26.922
2023-05-18T22:00:00,22,3,5,0,33.25,48.93,1.83,0.0,20.671,0.006,10.17,-0.0,20.665
2023-05-18T23:00:00,23,3,5,0,32.44,51.57,0.0,13.81,17.598,0.017,10.02,-0.0,17.581
2023-05-19T00:00:00,0,4,5,0,30.94,54.36,0.87,0.0,13.811,0.0,9.94,-0.0,13.811
2023-05-19T01:00:00,1,4,5,0,30.83,67.59,0.0,18.49,13.221,0.005,10.14,-0.0,13.216
2023-05-19T02:00:00,2,4,5,0,31.58,60.56,0.0,21.35,11.648,0.018,10.16,-0.0,11.63
2023-05-19T03:00:00,3,4,5,0,31.81,66.37,0.0,42.17,10.305,0.0,9.99,-0.0,10.305
2023-05-19T04:00:00,4,4,5,0,30.27,46.66,0.0,28.85,10.757,0.003,10.09,-0.0,10.754
2023-05-19T05:00:00,5,4,5,0,29.65,61.13,0.82,25.72,13.622,0.001,10.07,-0.0,13.621
2023-05-19T06:00:00,6,4,5,0,32.49,51.28,118.56,37.98,17.911,5.721,10.01,-0.0,12.19
2023-05-19T07:00:00,7,4,5,0,34.62,60.95,238.7,22.72,21.509,11.08,9.78,-0.0,10.429
2023-05-19T08:00:00,8,4,5,0,32.1,63.99,301.04,44.38,22.85,14.312,9.83,-0.0,8.538
2023-05-19T09:00:00,9,4,5,0,35.32,60.15,357.22,55.67,24.982,16.287,9.94,-0.0,8.695
2023-05-19T10:00:00,10,4,5,0,37.74,50.55,473.03,45.46,23.02,20.362,10.01,-0.0,2.658
2023-05-19T11:00:00,11,4,5,0,39.69,49.94,559.63,39.94,20.584,25.061,13.94,4.477,0.0
2023-05-19T12:00:00,12,4,5,0,41.6,45.77,675.56,16.42,22.103,29.68,20.78,7.577,0.0
2023-05-19T13:00:00,13,4,5,0,41.94,49.65,765.72,4.7,21.166,34.133,33.0,12.967,0.0
2023-05-19T14:00:00,14,4,5,0,43.46,46.97,681.1,4.33,22.07,29.696,40.04,7.626,0.0
2023-05-19T15:00:00,15,4,5,0,42.44,56.7,470.48,31.61,23.034,21.133,38.26,-1.901,0.0
2023-05-19T16:00:00,16,4,5,0,40.82,54.95,452.47,7.65,22.417,20.097,36.1,-2.32,0.0
2023-05-19T17:00:00,17,4,5,0,40.54,42.19,321.99,3.4,25.861,14.905,24.65,-10.956,0.0
2023-05-19T18:00:00,18,4,5,0,40.78,49.23,130.54,7.25,31.163,5.997,10.05,-14.858,10.308
2023-05-19T19:00:00,19,4,5,0,39.29,52.46,0.0,23.7,34.46,0.007,10.36,-0.0,34.453
2023-05-19T20:00:00,20,4,5,0,35.01,49.45,2.26,6.51,27.505,0.0,9.8,-0.0,27.505
2023-05-19T21:00:00,21,4,5,0,35.3,54.74,0.0,8.34,26.032,0.0,9.85,-0.0,26.032
2023-05-19T22:00:00,22,4,5,0,34.64,53.59,0.0,13.22,24.344,0.0,10.15,-0.0,24.344
2023-05-19T23:00:00,23,4,5,0,33.13,47.1,0.02,0.0,18.014,0.0,10.03,-0.0,18.014
2023-05-20T00:00:00,0,5,5,1,30.87,50.51,0.45,0.0,14.13,0.0,10.04,-0.0,14.13
2023-05-20T01:00:00,1,5,5,1,31.22,49.28,0.68,0.0,15.644,0.024,10.09,-0.0,15.62
2023-05-20T02:00:00,2,5,5,1,28.97,50.38,3.39,11.67,10.864,0.0,10.11,-0.0,10.864
2023-05-20T03:00:00,3,5,5,1,27.17,55.48,0.0,17.69,10.433,0.019,10.06,-0.0,10.414
2023-05-20T04:00:00,4,5,5,1,29.44,47.85,0.47,15.47,10.267,0.035,10.08,-0.0,10.232
2023-05-20T05:00:00,5,5,5,1,31.52,55.91,0.0,17.84,14.431,0.034,9.82,-0.0,14.397
2023-05-20T06:00:00,6,5,5,1,33.12,58.65,137.76,10.99,13.947,6.283,10.15,-0.0,7.664
2023-05-20T07:00:00,7,5,5,1,34.03,50.28,311.39,3.59,17.257,14.428,10.23,-0.0,2.829
2023-05-20T08:00:00,8,5,5,1,32.6,58.9,379.84,26.0,17.382,18.291,11.0,0.909,0.0
2023-05-20T09:00:00,9,5,5,1,36.15,50.13,574.22,6.94,21.742,25.465,14.34,3.723,0.0
2023-05-20T10:00:00,10,5,5,1,37.6,45.9,595.5,23.29,25.839,24.742,13.45,-1.097,0.0
2023-05-20T11:00:00,11,5,5,1,39.66,59.17,677.0,18.32,25.707,31.918,18.91,6.211,0.0
2023-05-20T12:00:00,12,5,5,1,42.16,38.62,553.73,38.11,26.708,24.184,16.5,-2.524,0.0
2023-05-20T13:00:00,13,5,5,1,41.65,46.75,712.29,9.36,25.865,31.273,21.58,5.408,0.0
2023-05-20T14:00:00,14,5,5,1,43.18,43.92,618.24,22.04,25.61,26.992,22.55,1.382,0.0
2023-05-20T15:00:00,15,5,5,1,42.63,56.28,511.35,24.1,26.231,21.753,18.32,-4.478,0.0
2023-05-20T16:00:00,16,5,5,1,43.75,45.22,482.83,0.0,26.292,21.141,12.8,-5.151,0.0
2023-05-20T17:00:00,17,5,5,1,40.51,60.12,304.2,9.51,22.838,13.562,9.87,-2.972,6.304
2023-05-20T18:00:00,18,5,5,1,40.46,46.13,136.81,0.0,26.314,6.255,9.85,-0.0,20.059
2023-05-20T19:00:00,19,5,5,1,35.52,45.32,1.47,3.05,23.704,0.036,9.68,-0.0,23.668
2023-05-20T20:00:00,20,5,5,1,36.19,41.98,0.67,14.91,24.659,0.004,9.89,-0.0,24.655
2023-05-20T21:00:00,21,5,5,1,35.32,54.31,0.33,0.0,21.004,0.001,10.01,-0.0,21.003
2023-05-20T22:00:00,22,5,5,1,33.53,47.61,0.0,13.47,21.115,0.0,9.95,-0.0,21.115
2023-05-20T23:00:00,23,5,5,1,33.28,47.8,0.0,0.0,19.479,0.0,9.81,-0.0,19.479
2023-05-21T00:00:00,0,6,5,1,31.82,57.41,0.0,3.85,14.031,0.023,9.63,-0.0,14.008
2023-05-21T01:00:00,1,6,5,1,27.83,60.0,0.0,12.26,13.077,0.0,9.89,-0.0,13.077
2023-05-21T02:00:00,2,6,5,1,30.5,49.89,0.0,10.05,10.707,0.0,9.87,-0.0,10.707
2023-05-21T03:00:00,3,6,5,1,28.85,50.93,0.0,5.81,14.506,0.002,10.28,-0.0,14.504
2023-05-21T04:00:00,4,6,5,1,30.51,45.17,0.0,16.88,11.042,0.0,10.0,-0.0,11.042
2023-05-21T05:00:00,5,6,5,1,29.04,44.73,0.0,18.54,12.829,0.036,10.26,-0.0,12.793
2023-05-21T06:00:00,6,6,5,1,32.61,54.09,126.24,0.0,15.87,5.569,9.89,-0.0,10.301
2023-05-21T07:00:00,7,6,5,1,32.74,56.06,311.16,10.01,18.593,14.935,10.16,-0.0,3.658
2023-05-21T08:00:00,8,6,5,1,35.02,50.72,479.79,0.0,21.979,21.133,10.04,-0.0,0.846
2023-05-21T09:00:00,9,6,5,1,36.5,50.97,570.52,12.72,21.809,25.788,13.54,3.979,0.0
2023-05-21T10:00:00,10,6,5,1,37.53,49.58,493.15,37.05,23.953,22.422,12.17,-1.531,0.0
2023-05-21T11:00:00,11,6,5,1,37.33,59.17,618.32,27.74,23.531,28.435,16.61,4.904,0.0
2023-05-21T12:00:00,12,6,5,1,39.07,43.02,567.08,34.88,23.683,25.273,18.06,1.59,0.0
2023-05-21T13:00:00,13,6,5,1,40.91,47.95,623.92,30.64,25.17,26.496,19.07,1.326,0.0
2023-05-21T14:00:00,14,6,5,1,42.49,49.49,553.54,25.66,25.225,23.667,18.06,-1.558,0.0
2023-05-21T15:00:00,15,6,5,1,41.61,48.96,521.01,24.3,24.27,22.487,16.06,-1.783,0.0
2023-05-21T16:00:00,16,6,5,1,43.44,45.78,444.35,9.85,24.855,17.924,9.83,-5.983,0.948
2023-05-21T17:00:00,17,6,5,1,41.85,45.76,265.95,21.15,25.381,12.085,10.06,-0.0,13.296
2023-05-21T18:00:00,18,6,5,1,39.53,51.51,133.03,15.64,25.59,6.121,9.95,-0.0,19.469
2023-05-21T19:00:00,19,6,5,1,38.18,46.96,0.0,38.9,23.582,0.012,10.21,-0.0,23.57
2023-05-21T20:00:00,20,6,5,1,38.56,52.67,0.0,42.68,26.141,0.007,9.96,-0.0,26.134
2023-05-21T21:00:00,21,6,5,1,36.77,54.69,0.06,30.4,25.73,0.016,9.99,-0.0,25.714
2023-05-21T22:00:00,22,6,5,1,36.55,51.71,0.0,35.22,21.372,0.0,9.91,-0.0,21.372
2023-05-21T23:00:00,23,6,5,1,32.56,52.52,0.0,14.71,19.406,0.006,10.07,-0.0,19.4
2023-05-22T00:00:00,0,0,5,0,31.01,59.65,0.0,49.53,14.111,0.0,10.0,-0.0,14.111
2023-05-22T01:00:00,1,0,5,0,31.85,45.6,0.0,24.83,13.93,0.0,10.19,-0.0,13.93
2023-05-22T02:00:00,2,0,5,0,30.07,49.54,3.74,41.44,12.254,0.0,10.05,-0.0,12.254
2023-05-22T03:00:00,3,0,5,0,28.12,56.4,0.79,19.97,11.249,0.032,10.37,-0.0,11.217
2023-05-22T04:00:00,4,0,5,0,28.2,54.66,0.48,33.44,10.721,0.033,9.98,-0.0,10.688
2023-05-22T05:00:00,5,0,5,0,29.91,54.06,0.0,33.67,12.231,0.0,9.88,-0.0,12.231
2023-05-22T06:00:00,6,0,5,0,30.13,58.08,123.45,24.09,16.259,5.798,9.89,-0.0,10.461
2023-05-22T07:00:00,7,0,5,0,30.54,47.99,283.74,10.22,22.151,12.873,9.89,-0.0,9.278
2023-05-22T08:00:00,8,0,5,0,33.62,39.06,446.36,9.47,23.255,20.614,9.88,-0.0,2.641
2023-05-22T09:00:00,9,0,5,0,34.8,61.44,492.61,27.29,24.409,22.313,10.23,-0.0,2.096
2023-05-22T10:00:00,10,0,5,0,37.92,57.25,595.9,25.73,23.828,27.481,13.32,3.653,0.0
2023-05-22T11:00:00,11,0,5,0,41.07,51.6,787.57,0.0,23.166,34.643,23.97,11.477,0.0
2023-05-22T12:00:00,12,0,5,0,39.7,42.63,705.62,12.49,21.8,31.084,32.27,9.284,0.0
2023-05-22T13:00:00,13,0,5,0,41.33,45.08,764.14,0.0,21.414,32.318,42.49,10.904,0.0
2023-05-22T14:00:00,14,0,5,0,39.7,44.69,563.59,31.12,20.601,27.428,48.42,6.827,0.0
2023-05-22T15:00:00,15,0,5,0,42.65,45.73,566.76,8.58,25.002,24.883,48.71,-0.119,0.0
2023-05-22T16:00:00,16,0,5,0,42.55,43.06,463.18,0.0,26.746,19.854,41.68,-6.892,0.0
2023-05-22T17:00:00,17,0,5,0,43.17,39.99,294.03,6.14,29.383,13.364,25.98,-16.019,0.0
2023-05-22T18:00:00,18,0,5,0,39.78,49.06,152.31,1.47,30.066,6.924,10.13,-15.743,7.399
2023-05-22T19:00:00,19,0,5,0,40.76,50.53,0.14,40.29,31.918,0.0,10.12,-0.0,31.918
2023-05-22T20:00:00,20,0,5,0,35.57,61.14,0.0,25.91,29.848,0.0,9.87,-0.0,29.848
2023-05-22T21:00:00,21,0,5,0,34.47,51.55,0.74,12.52,26.399,0.021,10.06,-0.0,26.378
2023-05-22T22:00:00,22,0,5,0,35.65,40.06,0.0,28.02,24.867,0.008,10.29,-0.0,24.859
2023-05-22T23:00:00,23,0,5,0,35.45,46.19,0.0,43.63,21.101,0.0,9.89,-0.0,21.101
2023-05-23T00:00:00,0,1,5,0,32.17,63.18,0.0,14.64,14.891,0.0,9.88,-0.0,14.891
2023-05-23T01:00:00,1,1,5,0,30.79,54.07,2.26,30.64,12.449,0.0,10.01,-0.0,12.449
2023-05-23T02:00:00,2,1,5,0,27.83,59.12,0.0,33.52,7.386,0.003,10.04,-0.0,7.383
2023-05-23T03:00:00,3,1,5,0,26.55,59.14,0.5,36.62,11.302,0.0,10.1,-0.0,11.302
2023-05-23T04:00:00,4,1,5,0,30.4,64.99,0.0,42.86,11.71,0.011,10.08,-0.0,11.699
2023-05-23T05:00:00,5,1,5,0,29.94,50.71,0.04,56.76,14.41,0.012,10.04,-0.0,14.398
2023-05-23T06:00:00,6,1,5,0,29.95,67.63,75.4,61.72,16.181,3.323,9.9,-0.0,12.858
2023-05-23T07:00:00,7,1,5,0,33.48,60.04,264.8,26.37,23.965,12.582,10.3,-0.0,11.383
2023-05-23T08:00:00,8,1,5,0,34.71,49.14,499.08,0.0,24.234,24.815,10.76,0.581,0.0
2023-05-23T09:00:00,9,1,5,0,37.13,51.88,530.48,13.56,25.041,22.331,10.07,-0.535,2.175
2023-05-23T10:00:00,10,1,5,0,39.04,47.86,621.8,19.89,23.532,28.875,15.11,5.343,0.0
2023-05-23T11:00:00,11,1,5,0,41.82,38.39,715.45,10.76,21.246,30.922,23.82,9.676,0.0
2023-05-23T12:00:00,12,1,5,0,40.16,49.82,759.11,5.34,21.482,34.163,35.31,12.681,0.0
2023-05-23T13:00:00,13,1,5,0,41.26,51.17,607.57,29.5,22.321,26.017,39.02,3.696,0.0
2023-05-23T14:00:00,14,1,5,0,44.47,45.08,732.04,0.0,23.798,33.369,47.51,9.571,0.0
2023-05-23T15:00:00,15,1,5,0,41.6,48.78,561.03,7.02,24.976,24.861,47.89,-0.115,0.0
2023-05-23T16:00:00,16,1,5,0,47.2,42.92,383.24,24.71,26.153,17.443,38.7,-8.71,0.0
2023-05-23T17:00:00,17,1,5,0,42.94,52.83,302.27,5.2,25.768,12.982,26.3,-12.786,0.0
2023-05-23T18:00:00,18,1,5,0,41.76,48.39,129.33,20.79,29.24,5.75,10.29,-16.079,7.411
2023-05-23T19:00:00,19,1,5,0,39.94,53.01,2.6,27.1,32.193,0.0,9.8,-0.0,32.193
2023-05-23T20:00:00,20,1,5,0,40.88,48.35,0.75,26.65,33.937,0.001,9.79,-0.0,33.936
2023-05-23T21:00:00,21,1,5,0,36.91,59.93,0.0,45.2,28.075,0.0,10.08,-0.0,28.075
2023-05-23T22:00:00,22,1,5,0,33.4,56.05,0.07,37.98,21.876,0.019,10.24,-0.0,21.857
2023-05-23T23:00:00,23,1,5,0,35.3,50.14,0.0,11.86,22.235,0.066,10.12,-0.0,22.169
2023-05-24T00:00:00,0,2,5,0,31.17,60.95,1.84,25.71,13.572,0.0,9.89,-0.0,13.572
2023-05-24T01:00:00,1,2,5,0,31.53,51.92,0.0,64.51,11.381,0.03,10.24,-0.0,11.351
2023-05-24T02:00:00,2,2,5,0,29.8,51.96,0.0,10.36,12.218,0.021,10.35,-0.0,12.197
2023-05-24T03:00:00,3,2,5,0,30.7,52.5,0.0,28.3,12.053,0.0,9.87,-0.0,12.053
2023-05-24T04:00:00,4,2,5,0,29.77,53.7,0.0,0.0,11.696,0.011,10.07,-0.0,11.685
2023-05-24T05:00:00,5,2,5,0,30.91,56.22,0.0,22.94,15.662,0.0,10.11,-0.0,15.662
2023-05-24T06:00:00,6,2,5,0,31.7,56.31,122.07,37.36,17.401,5.435,9.97,-0.0,11.966
2023-05-24T07:00:00,7,2,5,0,35.12,51.2,253.96,39.24,23.39,11.522,9.88,-0.0,11.868
2023-05-24T08:00:00,8,2,5,0,37.52,51.94,374.46,29.92,25.294,16.883,9.85,-0.0,8.411
2023-05-24T09:00:00,9,2,5,0,36.7,52.96,519.49,22.23,24.109,23.392,9.74,-0.0,0.717
2023-05-24T10:00:00,10,2,5,0,39.29,48.1,613.68,15.99,23.13,28.017,14.64,4.887,0.0
2023-05-24T11:00:00,11,2,5,0,38.49,61.79,391.26,61.45,21.836,16.907,9.93,-4.496,0.433
2023-05-24T12:00:00,12,2,5,0,42.51,55.1,510.5,48.14,21.579,22.106,10.75,0.527,0.0
2023-05-24T13:00:00,13,2,5,0,42.47,50.62,523.28,37.86,21.97,22.741,11.29,0.771,0.0
2023-05-24T14:00:00,14,2,5,0,42.23,39.8,472.92,43.71,21.859,21.741,11.07,-0.118,0.0
2023-05-24T15:00:00,15,2,5,0,44.31,49.13,427.35,42.58,23.86,19.059,10.23,-1.076,3.725
2023-05-24T16:00:00,16,2,5,0,41.78,51.38,414.35,20.04,23.312,18.773,10.0,-0.0,4.539
2023-05-24T17:00:00,17,2,5,0,41.73,46.75,282.06,19.35,26.772,12.22,9.93,-0.0,14.552
2023-05-24T18:00:00,18,2,5,0,38.25,52.17,119.2,23.24,27.352,5.426,10.12,-0.0,21.926
2023-05-24T19:00:00,19,2,5,0,40.47,47.15,0.0,15.58,32.349,0.003,9.93,-0.0,32.346
2023-05-24T20:00:00,20,2,5,0,40.33,52.87,0.01,37.92,32.284,0.0,10.03,-0.0,32.284
2023-05-24T21:00:00,21,2,5,0,37.62,63.51,0.57,59.94,28.353,0.027,10.06,-0.0,28.326
2023-05-24T22:00:00,22,2,5,0,36.45,60.75,1.53,57.77,24.711,0.0,10.02,-0.0,24.711
2023-05-24T23:00:00,23,2,5,0,32.03,50.95,0.0,45.61,20.78,0.0,10.06,-0.0,20.78
2023-05-25T00:00:00,0,3,5,0,32.21,47.43,0.0,34.88,12.447,0.0,10.06,-0.0,12.447
2023-05-25T01:00:00,1,3,5,0,29.84,62.59,0.0,57.28,11.555,0.017,10.03,-0.0,11.538
2023-05-25T02:00:00,2,3,5,0,29.88,65.75,0.0,54.31,10.159,0.0,9.93,-0.0,10.159
2023-05-25T03:00:00,3,3,5,0,30.7,49.25,1.82,41.55,11.686,0.0,9.85,-0.0,11.686
2023-05-25T04:00:00,4,3,5,0,30.62,56.97,0.01,44.38,12.681,0.02,9.89,-0.0,12.661
2023-05-25T05:00:00,5,3,5,0,29.79,70.54,0.0,45.7,11.928,0.0,9.9,-0.0,11.928
2023-05-25T06:00:00,6,3,5,0,30.48,56.34,117.93,41.69,17.195,5.395,10.1,-0.0,11.8
2023-05-25T07:00:00,7,3,5,0,31.37,63.91,301.06,2.24,21.972,14.532,10.26,-0.0,7.44
2023-05-25T08:00:00,8,3,5,0,35.62,50.71,326.11,41.46,25.79,15.218,10.0,-0.0,10.572
2023-05-25T09:00:00,9,3,5,0,38.38,49.51,458.77,37.7,25.436,20.551,10.19,-0.0,4.885
2023-05-25T10:00:00,10,3,5,0,40.11,46.3,588.02,24.51,24.846,25.424,10.43,0.578,0.0
2023-05-25T11:00:00,11,3,5,0,37.31,42.08,741.64,5.29,20.144,33.965,23.23,13.821,0.0
2023-05-25T12:00:00,12,3,5,0,42.7,36.26,806.73,0.0,23.423,37.2,35.9,13.777,0.0
2023-05-25T13:00:00,13,3,5,0,43.19,43.34,775.42,0.0,22.86,36.344,48.42,13.484,0.0
2023-05-25T14:00:00,14,3,5,0,40.79,46.49,731.28,0.0,21.105,32.281,58.52,11.176,0.0
2023-05-25T15:00:00,15,3,5,0,43.33,40.79,623.36,0.0,21.995,26.699,63.05,4.704,0.0
2023-05-25T16:00:00,16,3,5,0,44.97,41.08,470.38,0.0,25.926,21.125,58.19,-4.801,0.0
2023-05-25T17:00:00,17,3,5,0,42.6,55.51,266.5,23.41,26.299,12.041,43.91,-14.258,0.0
2023-05-25T18:00:00,18,3,5,0,39.36,51.41,152.22,0.0,28.035,6.889,23.8,-20.0,1.146
2023-05-25T19:00:00,19,3,5,0,40.52,45.59,0.0,6.46,32.037,0.0,9.75,-13.878,18.159
2023-05-25T20:00:00,20,3,5,0,36.03,51.15,0.0,4.13,29.867,0.0,9.94,-0.0,29.867
2023-05-25T21:00:00,21,3,5,0,36.51,40.23,2.87,1.97,26.349,0.0,10.12,-0.0,26.349
2023-05-25T22:00:00,22,3,5,0,36.57,51.77,0.0,15.58,23.98,0.0,9.74,-0.0,23.98
2023-05-25T23:00:00,23,3,5,0,33.77,52.77,0.0,23.01,19.486,0.016,9.77,-0.0,19.47
2023-05-26T00:00:00,0,4,5,0,31.28,52.98,0.06,25.68,13.1,0.013,9.96,-0.0,13.087
2023-05-26T01:00:00,1,4,5,0,33.03,52.89,0.0,17.92,13.435,0.001,9.88,-0.0,13.434
2023-05-26T02:00:00,2,4,5,0,31.81,56.45,0.0,42.57,12.934,0.007,10.48,-0.0,12.927
2023-05-26T03:00:00,3,4,5,0,31.6,50.72,0.0,43.14,11.412,0.0,10.04,-0.0,11.412
2023-05-26T04:00:00,4,4,5,0,31.57,66.76,0.0,50.12,13.064,0.01,9.94,-0.0,13.054
2023-05-26T05:00:00,5,4,5,0,33.21,61.07,1.77,42.54,15.056,0.008,10.17,-0.0,15.048
2023-05-26T06:00:00,6,4,5,0,32.97,52.93,90.24,32.03,19.335,4.248,9.99,-0.0,15.087
2023-05-26T07:00:00,7,4,5,0,34.39,42.77,308.04,15.26,23.573,15.393,9.99,-0.0,8.18
2023-05-26T08:00:00,8,4,5,0,34.94,43.7,295.75,46.69,24.715,13.664,10.27,-0.0,11.051
2023-05-26T09:00:00,9,4,5,0,36.13,60.04,572.28,11.25,23.821,26.791,12.42,2.97,0.0
2023-05-26T10:00:00,10,4,5,0,37.26,46.84,719.99,0.0,23.069,31.913,20.73,8.844,0.0
2023-05-26T11:00:00,11,4,5,0,38.39,53.04,679.0,14.29,20.441,31.072,30.73,10.631,0.0
2023-05-26T12:00:00,12,4,5,0,41.46,40.9,784.06,1.64,20.021,35.253,44.52,15.232,0.0
2023-05-26T13:00:00,13,4,5,0,42.94,43.05,771.39,0.0,23.144,33.232,53.8,10.088,0.0
2023-05-26T14:00:00,14,4,5,0,44.54,47.76,519.21,35.57,22.701,24.05,55.31,1.349,0.0
2023-05-26T15:00:00,15,4,5,0,43.23,50.03,463.37,29.34,21.047,20.523,54.56,-0.524,0.0
2023-05-26T16:00:00,16,4,5,0,44.13,45.9,440.46,10.14,25.361,20.28,49.64,-5.081,0.0
2023-05-26T17:00:00,17,4,5,0,44.03,44.53,235.79,34.4,29.294,10.46,30.71,-18.834,0.0
2023-05-26T18:00:00,18,4,5,0,42.06,40.4,161.26,0.0,30.067,7.129,10.8,-20.0,2.938
2023-05-26T19:00:00,19,4,5,0,40.66,45.43,1.75,0.0,32.114,0.009,9.99,-0.746,31.359
2023-05-26T20:00:00,20,4,5,0,38.45,38.28,0.0,0.0,31.83,0.009,10.13,-0.0,31.821
2023-05-26T21:00:00,21,4,5,0,38.55,42.88,0.0,0.0,28.285,0.02,10.14,-0.0,28.265
2023-05-26T22:00:00,22,4,5,0,35.98,47.64,0.2,0.0,23.723,0.0,9.9,-0.0,23.723
2023-05-26T23:00:00,23,4,5,0,31.94,53.93,0.0,8.74,19.725,0.001,9.76,-0.0,19.724
2023-05-27T00:00:00,0,5,5,1,32.1,58.06,1.96,0.0,15.693,0.0,9.98,-0.0,15.693
2023-05-27T01:00:00,1,5,5,1,33.6,49.7,1.14,15.73,15.225,0.014,9.91,-0.0,15.211
2023-05-27T02:00:00,2,5,5,1,30.26,51.74,0.54,0.0,10.54,0.0,9.89,-0.0,10.54
2023-05-27T03:00:00,3,5,5,1,30.55,42.06,0.1,0.0,12.754,0.0,9.74,-0.0,12.754
2023-05-27T04:00:00,4,5,5,1,31.86,53.57,0.0,8.11,12.58,0.0,9.94,-0.0,12.58
2023-05-27T05:00:00,5,5,5,1,29.99,47.39,2.04,1.51,13.373,0.0,10.01,-0.0,13.373
2023-05-27T06:00:00,6,5,5,1,32.87,48.58,140.45,0.0,14.109,6.6,9.91,-0.0,7.509
2023-05-27T07:00:00,7,5,5,1,32.52,52.69,305.09,0.0,18.218,14.665,9.99,-0.0,3.553
2023-05-27T08:00:00,8,5,5,1,33.5,52.36,484.57,0.0,18.38,22.702,14.07,4.322,0.0
2023-05-27T09:00:00,9,5,5,1,38.95,41.0,562.62,9.98,24.109,26.202,16.11,2.093,0.0
2023-05-27T10:00:00,10,5,5,1,38.62,52.84,624.0,12.48,25.385,27.608,18.18,2.223,0.0
2023-05-27T11:00:00,11,5,5,1,39.88,46.12,764.29,0.32,25.834,34.356,25.69,8.522,0.0
2023-05-27T12:00:00,12,5,5,1,41.8,55.99,618.79,29.63,26.673,28.559,27.41,1.886,0.0
2023-05-27T13:00:00,13,5,5,1,42.01,52.4,789.11,0.0,25.835,34.867,35.62,9.032,0.0
2023-05-27T14:00:00,14,5,5,1,43.87,52.23,691.65,0.84,24.673,31.845,42.55,7.172,0.0
2023-05-27T15:00:00,15,5,5,1,45.2,38.53,564.58,15.41,27.69,24.035,38.8,-3.655,0.0
2023-05-27T16:00:00,16,5,5,1,42.14,49.69,402.53,17.71,25.761,18.034,31.26,-7.727,0.0
2023-05-27T17:00:00,17,5,5,1,42.77,37.57,289.54,5.22,25.092,12.793,18.78,-12.299,0.0
2023-05-27T18:00:00,18,5,5,1,41.14,52.68,165.29,4.0,21.845,8.107,9.92,-8.749,4.989
2023-05-27T19:00:00,19,5,5,1,38.97,56.36,0.87,15.81,26.45,0.0,9.99,-0.0,26.45
2023-05-27T20:00:00,20,5,5,1,36.35,55.19,0.61,13.95,22.244,0.016,9.97,-0.0,22.228
2023-05-27T21:00:00,21,5,5,1,39.14,47.93,0.0,22.53,25.901,0.0,9.89,-0.0,25.901
2023-05-27T22:00:00,22,5,5,1,35.37,54.64,0.0,21.18,21.324,0.0,10.01,-0.0,21.324
2023-05-27T23:00:00,23,5,5,1,30.77,51.94,0.74,22.8,18.779,0.013,9.87,-0.0,18.766
2023-05-28T00:00:00,0,6,5,1,30.23,57.13,1.65,36.61,12.811,0.0,10.21,-0.0,12.811
2023-05-28T01:00:00,1,6,5,1,32.16,53.83,2.59,25.15,14.19,0.037,9.74,-0.0,14.153
2023-05-28T02:00:00,2,6,5,1,32.43,44.91,0.0,30.26,11.691,0.0,10.18,-0.0,11.691
2023-05-28T03:00:00,3,6,5,1,30.66,47.29,0.0,0.0,12.189,0.0,9.92,-0.0,12.189
2023-05-28T04:00:00,4,6,5,1,33.03,61.39,0.0,0.0,13.653,0.002,9.56,-0.0,13.651
2023-05-28T05:00:00,5,6,5,1,31.83,50.73,0.0,3.14,14.636,0.0,9.73,-0.0,14.636
2023-05-28T06:00:00,6,6,5,1,33.08,50.8,166.0,0.0,15.367,7.651,9.99,-0.0,7.716
2023-05-28T07:00:00,7,6,5,1,31.16,54.22,268.24,21.38,16.75,13.027,9.94,-0.0,3.723
2023-05-28T08:00:00,8,6,5,1,36.19,46.24,473.97,0.0,20.348,22.367,11.92,2.019,0.0
2023-05-28T09:00:00,9,6,5,1,37.03,48.02,592.63,0.0,23.078,24.397,13.01,1.319,0.0
2023-05-28T10:00:00,10,6,5,1,39.84,47.36,580.22,20.75,25.46,25.524,13.22,0.064,0.0
2023-05-28T11:00:00,11,6,5,1,39.38,37.83,670.82,18.04,26.096,32.261,18.8,6.165,0.0
2023-05-28T12:00:00,12,6,5,1,41.9,49.77,767.9,4.57,25.013,35.457,28.51,10.444,0.0
2023-05-28T13:00:00,13,6,5,1,44.19,55.79,628.52,25.51,26.836,28.332,29.92,1.496,0.0
2023-05-28T14:00:00,14,6,5,1,42.87,45.52,455.56,44.82,25.777,19.947,24.03,-5.83,0.0
2023-05-28T15:00:00,15,6,5,1,44.84,47.66,395.15,41.25,28.036,17.914,13.79,-10.122,0.0
2023-05-28T16:00:00,16,6,5,1,43.01,55.08,398.56,20.21,27.215,16.811,10.21,-3.834,6.57
2023-05-28T17:00:00,17,6,5,1,42.64,41.85,331.78,6.39,23.946,14.509,9.99,-0.0,9.437
2023-05-28T18:00:00,18,6,5,1,43.08,49.45,114.65,20.05,26.006,5.167,9.89,-0.0,20.839
2023-05-28T19:00:00,19,6,5,1,41.71,66.89,0.79,0.0,24.101,0.0,9.94,-0.0,24.101
2023-05-28T20:00:00,20,6,5,1,37.5,56.31,0.0,37.19,27.295,0.0,10.06,-0.0,27.295
2023-05-28T21:00:00,21,6,5,1,37.82,53.4,0.0,37.73,24.939,0.023,10.15,-0.0,24.916
2023-05-28T22:00:00,22,6,5,1,34.97,59.3,0.0,39.5,22.545,0.054,10.1,-0.0,22.491
2023-05-28T23:00:00,23,6,5,1,32.41,59.83,0.51,37.14,18.805,0.014,10.1,-0.0,18.791
2023-05-29T00:00:00,0,0,5,0,34.45,45.94,0.58,0.0,15.499,0.004,9.94,-0.0,15.495
2023-05-29T01:00:00,1,0,5,0,28.92,46.73,0.0,20.8,12.699,0.0,10.16,-0.0,12.699
2023-05-29T02:00:00,2,0,5,0,31.61,58.1,1.85,28.78,10.964,0.021,10.0,-0.0,10.943
2023-05-29T03:00:00,3,0,5,0,30.27,56.91,0.0,10.94,9.865,0.0,9.92,-0.0,9.865
2023-05-29T04:00:00,4,0,5,0,30.52,51.55,0.41,10.81,11.582,0.006,9.71,-0.0,11.576
2023-05-29T05:00:00,5,0,5,0,31.91,61.51,0.06,17.57,14.439,0.0,10.09,-0.0,14.439
2023-05-29T06:00:00,6,0,5,0,32.78,58.61,152.93,8.1,18.721,6.562,9.91,-0.0,12.159
2023-05-29T07:00:00,7,0,5,0,33.37,53.72,316.22,0.0,22.141,15.358,9.84,-0.0,6.783
2023-05-29T08:00:00,8,0,5,0,36.16,50.36,399.3,22.97,24.69,17.902,9.81,-0.0,6.788
2023-05-29T09:00:00,9,0,5,0,37.96,38.84,546.4,13.12,25.157,24.148,10.13,-0.0,1.009
2023-05-29T10:00:00,10,0,5,0,37.15,47.98,655.03,7.24,22.669,29.558,16.36,6.889,0.0
2023-05-29T11:00:00,11,0,5,0,40.45,38.5,698.13,11.51,22.878,30.919,23.81,8.041,0.0
2023-05-29T12:00:00,12,0,5,0,43.77,34.22,718.31,12.53,24.115,31.953,30.91,7.838,0.0
2023-05-29T13:00:00,13,0,5,0,44.49,52.13,585.14,34.42,22.885,26.613,34.38,3.728,0.0
2023-05-29T14:00:00,14,0,5,0,44.49,52.66,587.44,20.44,22.569,27.16,38.59,4.591,0.0
2023-05-29T15:00:00,15,0,5,0,43.01,39.22,469.31,29.52,22.215,21.482,37.69,-0.733,0.0
2023-05-29T16:00:00,16,0,5,0,44.14,42.64,490.93,0.0,26.734,21.042,32.3,-5.692,0.0
2023-05-29T17:00:00,17,0,5,0,44.28,46.15,298.63,15.93,27.922,13.178,17.3,-14.744,0.0
2023-05-29T18:00:00,18,0,5,0,42.98,44.2,133.95,7.36,30.382,5.989,9.92,-7.431,16.962
2023-05-29T19:00:00,19,0,5,0,41.52,38.74,0.0,1.79,33.154,0.0,10.06,-0.0,33.154
2023-05-29T20:00:00,20,0,5,0,39.34,60.45,0.0,48.22,33.547,0.0,10.16,-0.0,33.547
2023-05-29T21:00:00,21,0,5,0,37.27,45.9,0.0,33.03,27.064,0.0,9.91,-0.0,27.064
2023-05-29T22:00:00,22,0,5,0,35.0,39.2,0.4,0.0,23.949,0.03,10.11,-0.0,23.919
2023-05-29T23:00:00,23,0,5,0,30.7,45.5,0.0,7.05,17.558,0.0,10.05,-0.0,17.558
2023-05-30T00:00:00,0,1,5,0,33.15,52.38,0.15,0.0,14.91,0.0,9.97,-0.0,14.91
2023-05-30T01:00:00,1,1,5,0,31.7,49.43,1.65,0.0,13.878,0.0,9.99,-0.0,13.878
2023-05-30T02:00:00,2,1,5,0,31.43,47.06,0.0,0.0,13.354,0.0,9.99,-0.0,13.354
2023-05-30T03:00:00,3,1,5,0,29.59,54.57,0.98,0.0,10.15,0.014,10.03,-0.0,10.136
2023-05-30T04:00:00,4,1,5,0,31.37,52.61,0.0,0.0,13.14,0.0,10.17,-0.0,13.14
2023-05-30T05:00:00,5,1,5,0,33.52,38.23,2.14,0.0,15.575,0.047,10.04,-0.0,15.528
2023-05-30T06:00:00,6,1,5,0,33.08,53.35,147.24,5.05,18.718,6.766,9.96,-0.0,11.952
2023-05-30T07:00:00,7,1,5,0,33.14,57.53,298.41,11.0,23.352,14.025,9.93,-0.0,9.327
2023-05-30T08:00:00,8,1,5,0,34.93,48.37,467.91,0.0,24.161,22.145,10.02,-0.0,2.016
2023-05-30T09:00:00,9,1,5,0,40.27,48.13,521.47,21.73,27.699,22.67,9.93,-0.0,5.029
2023-05-30T10:00:00,10,1,5,0,37.61,59.02,624.79,13.57,22.9,28.086,14.5,5.186,0.0
2023-05-30T11:00:00,11,1,5,0,40.93,44.94,654.77,18.66,23.718,28.738,19.56,5.02,0.0
2023-05-30T12:00:00,12,1,5,0,40.51,47.05,726.04,13.09,21.674,32.622,29.44,10.948,0.0
2023-05-30T13:00:00,13,1,5,0,41.4,51.82,591.09,31.6,21.321,26.017,33.76,4.696,0.0
2023-05-30T14:00:00,14,1,5,0,42.8,49.97,511.93,33.8,23.376,22.908,33.52,-0.468,0.0
2023-05-30T15:00:00,15,1,5,0,45.29,47.04,435.29,34.07,23.832,19.146,28.55,-4.686,0.0
2023-05-30T16:00:00,16,1,5,0,45.16,46.2,417.8,15.92,25.571,18.257,21.38,-7.314,0.0
2023-05-30T17:00:00,17,1,5,0,43.54,56.11,249.37,26.78,27.169,11.141,10.0,-11.314,4.714
2023-05-30T18:00:00,18,1,5,0,41.05,51.69,117.53,13.53,29.471,5.153,10.05,-0.0,24.318
2023-05-30T19:00:00,19,1,5,0,43.76,43.76,0.0,0.0,31.193,0.021,9.91,-0.0,31.172
2023-05-30T20:00:00,20,1,5,0,38.38,44.34,1.96,10.45,30.681,0.001,10.14,-0.0,30.68
2023-05-30T21:00:00,21,1,5,0,36.63,47.42,0.0,20.14,27.648,0.007,10.27,-0.0,27.641
2023-05-30T22:00:00,22,1,5,0,33.44,54.56,3.17,0.0,23.277,0.0,9.86,-0.0,23.277
2023-05-30T23:00:00,23,1,5,0,35.57,40.67,0.65,0.0,19.724,0.0,10.11,-0.0,19.724
2023-05-31T00:00:00,0,2,5,0,34.01,61.51,1.28,0.0,14.711,0.0,10.02,-0.0,14.711
2023-05-31T01:00:00,1,2,5,0,34.89,52.17,0.0,22.15,14.546,0.0,10.06,-0.0,14.546
2023-05-31T02:00:00,2,2,5,0,27.96,46.05,1.02,0.8,10.972,0.027,10.07,-0.0,10.945
2023-05-31T03:00:00,3,2,5,0,32.98,54.84,1.02,25.77,12.795,0.005,9.81,-0.0,12.79
2023-05-31T04:00:00,4,2,5,0,31.15,51.98,0.0,32.78,12.606,0.011,9.88,-0.0,12.595
2023-05-31T05:00:00,5,2,5,0,32.96,50.83,1.15,19.01,15.976,0.016,9.96,-0.0,15.96
2023-05-31T06:00:00,6,2,5,0,29.88,44.95,150.87,4.91,17.068,6.838,10.18,-0.0,10.23
2023-05-31T07:00:00,7,2,5,0,35.76,47.34,314.47,0.0,22.771,15.311,9.95,-0.0,7.46
2023-05-31T08:00:00,8,2,5,0,36.05,37.76,467.1,0.0,27.441,20.378,10.07,-0.0,7.063
2023-05-31T09:00:00,9,2,5,0,37.58,48.53,478.15,26.65,23.275,21.19,10.01,-0.0,2.085
2023-05-31T10:00:00,10,2,5,0,39.08,45.6,601.61,20.19,24.524,26.493,11.82,1.969,0.0
2023-05-31T11:00:00,11,2,5,0,39.05,46.67,669.44,16.35,21.865,30.29,19.59,8.425,0.0
2023-05-31T12:00:00,12,2,5,0,41.37,45.07,680.39,22.93,23.065,30.899,26.65,7.834,0.0
2023-05-31T13:00:00,13,2,5,0,41.97,45.29,767.69,0.0,21.544,34.43,38.6,12.886,0.0
2023-05-31T14:00:00,14,2,5,0,40.66,51.09,687.16,5.44,20.695,30.523,47.61,9.828,0.0
2023-05-31T15:00:00,15,2,5,0,45.33,47.64,511.15,17.11,23.267,21.438,45.83,-1.829,0.0
2023-05-31T16:00:00,16,2,5,0,45.56,57.44,292.11,52.01,25.062,13.704,34.38,-11.358,0.0
2023-05-31T17:00:00,17,2,5,0,42.34,46.3,253.37,25.82,27.152,11.423,19.02,-15.729,0.0
2023-05-31T18:00:00,18,2,5,0,42.73,50.9,115.51,30.52,30.158,5.254,9.74,-8.751,16.153
2023-05-31T19:00:00,19,2,5,0,40.05,48.19,0.0,1.32,31.379,0.0,9.75,-0.0,31.379
2023-05-31T20:00:00,20,2,5,0,39.26,52.76,0.0,2.64,30.561,0.0,10.06,-0.0,30.561
2023-05-31T21:00:00,21,2,5,0,36.12,44.68,0.03,0.0,28.586,0.04,10.12,-0.0,28.546
2023-05-31T22:00:00,22,2,5,0,34.51,53.16,0.75,0.0,22.234,0.011,10.24,-0.0,22.223
2023-05-31T23:00:00,23,2,5,0,35.11,44.6,1.46,0.0,20.926,0.0,9.96,-0.0,20.926
2023-06-01T00:00:00,0,3,6,0,32.44,47.72,0.0,1.41,14.498,0.0,10.0,-0.0,14.498
2023-06-01T01:00:00,1,3,6,0,34.63,47.36,0.0,0.0,15.198,0.015,10.08,-0.0,15.183
2023-06-01T02:00:00,2,3,6,0,31.71,53.03,1.31,0.0,12.084,0.0,10.21,-0.0,12.084
2023-06-01T03:00:00,3,3,6,0,29.83,46.36,1.73,0.0,11.914,0.0,9.8,-0.0,11.914
2023-06-01T04:00:00,4,3,6,0,33.55,45.01,1.11,0.0,14.398,0.0,10.03,-0.0,14.398
2023-06-01T05:00:00,5,3,6,0,32.17,47.28,0.0,0.0,16.147,0.0,10.1,-0.0,16.147
2023-06-01T06:00:00,6,3,6,0,32.76,51.23,127.75,5.37,17.682,5.944,9.95,-0.0,11.738
2023-06-01T07:00:00,7,3,6,0,35.99,43.73,343.46,0.0,23.012,16.671,10.07,-0.0,6.341
2023-06-01T08:00:00,8,3,6,0,34.42,50.59,493.14,0.0,24.658,22.469,9.91,-0.0,2.189
2023-06-01T09:00:00,9,3,6,0,37.03,46.04,610.67,0.0,25.591,29.413,13.7,3.822,0.0
2023-06-01T10:00:00,10,3,6,0,37.91,51.31,697.1,4.48,23.821,29.151,18.16,5.33,0.0
2023-06-01T11:00:00,11,3,6,0,38.46,47.36,762.43,0.0,20.674,34.016,30.66,13.342,0.0
2023-06-01T12:00:00,12,3,6,0,40.84,54.5,777.51,0.0,21.911,36.226,43.95,14.315,0.0
2023-06-01T13:00:00,13,3,6,0,44.48,44.34,770.25,0.0,23.263,35.217,54.82,11.954,0.0
2023-06-01T14:00:00,14,3,6,0,43.72,40.43,601.48,15.82,22.917,24.882,56.8,1.965,0.0
2023-06-01T15:00:00,15,3,6,0,42.13,45.93,533.98,13.07,23.008,23.173,56.83,0.165,0.0
2023-06-01T16:00:00,16,3,6,0,42.21,48.98,388.95,25.96,26.372,17.3,47.79,-9.072,0.0
2023-06-01T17:00:00,17,3,6,0,45.47,38.65,327.32,0.0,30.315,14.09,31.61,-16.225,0.0
2023-06-01T18:00:00,18,3,6,0,41.0,57.83,99.42,30.62,31.746,4.65,11.52,-20.0,7.096
2023-06-01T19:00:00,19,3,6,0,40.05,46.34,3.82,11.44,33.071,0.018,9.75,-1.525,31.528
2023-06-01T20:00:00,20,3,6,0,38.72,49.1,0.12,36.14,33.878,0.0,10.26,-0.0,33.878
2023-06-01T21:00:00,21,3,6,0,35.36,51.01,0.32,8.99,28.469,0.0,10.21,-0.0,28.469
2023-06-01T22:00:00,22,3,6,0,37.49,43.05,2.45,0.0,23.489,0.0,10.11,-0.0,23.489
2023-06-01T23:00:00,23,3,6,0,33.67,59.78,2.29,35.15,20.824,0.001,9.95,-0.0,20.823
2023-06-02T00:00:00,0,4,6,0,34.24,55.02,1.06,12.14,15.999,0.0,10.07,-0.0,15.999
2023-06-02T01:00:00,1,4,6,0,31.75,51.39,0.0,0.0,13.917,0.0,9.74,-0.0,13.917
2023-06-02T02:00:00,2,4,6,0,33.58,54.47,0.17,11.87,11.751,0.008,9.77,-0.0,11.743
2023-06-02T03:00:00,3,4,6,0,30.89,51.91,0.78,21.28,10.035,0.0,10.36,-0.0,10.035
2023-06-02T04:00:00,4,4,6,0,31.72,46.26,2.93,20.15,12.612,0.003,9.81,-0.0,12.609
2023-06-02T05:00:00,5,4,6,0,32.68,50.55,4.42,13.04,13.166,0.0,9.95,-0.0,13.166
2023-06-02T06:00:00,6,4,6,0,33.05,47.99,151.98,3.18,19.342,7.237,10.02,-0.0,12.105
2023-06-02T07:00:00,7,4,6,0,33.75,41.72,294.77,15.08,22.875,13.459,10.05,-0.0,9.416
2023-06-02T08:00:00,8,4,6,0,35.25,47.13,398.43,24.02,27.684,17.553,10.0,-0.0,10.131
2023-06-02T09:00:00,9,4,6,0,40.62,39.71,635.32,0.0,27.853,28.211,10.27,0.358,0.0
2023-06-02T10:00:00,10,4,6,0,37.89,47.26,503.18,34.46,23.994,23.694,10.01,-0.3,0.0
2023-06-02T11:00:00,11,4,6,0,40.75,52.45,770.27,0.0,23.259,37.282,23.1,14.023,0.0
2023-06-02T12:00:00,12,4,6,0,40.96,53.77,565.2,36.93,21.844,25.346,26.25,3.502,0.0
2023-06-02T13:00:00,13,4,6,0,43.78,54.16,555.53,34.76,23.208,25.085,27.98,1.877,0.0
2023-06-02T14:00:00,14,4,6,0,43.17,54.86,410.47,52.36,22.845,18.207,22.95,-4.638,0.0
2023-06-02T15:00:00,15,4,6,0,43.98,57.36,363.58,52.92,21.41,16.25,18.16,-5.16,0.0
2023-06-02T16:00:00,16,4,6,0,43.55,50.96,320.12,43.88,26.692,13.765,10.02,-8.081,4.846
2023-06-02T17:00:00,17,4,6,0,41.06,62.39,156.78,61.3,28.266,7.398,9.9,-0.0,20.868
2023-06-02T18:00:00,18,4,6,0,41.48,44.89,86.38,37.74,31.806,3.811,10.28,-0.0,27.995
2023-06-02T19:00:00,19,4,6,0,39.39,50.79,0.0,30.63,32.407,0.025,9.78,-0.0,32.382
2023-06-02T20:00:00,20,4,6,0,37.43,49.87,1.28,49.2,31.082,0.014,9.99,-0.0,31.068
2023-06-02T21:00:00,21,4,6,0,37.47,55.56,0.0,11.72,27.403,0.0,10.18,-0.0,27.403
2023-06-02T22:00:00,22,4,6,0,35.92,50.54,0.0,0.0,22.816,0.006,10.02,-0.0,22.81
2023-06-02T23:00:00,23,4,6,0,34.75,55.49,0.0,3.12,19.964,0.033,9.71,-0.0,19.931
2023-06-03T00:00:00,0,5,6,1,34.04,42.86,2.5,2.64,16.492,0.024,10.22,-0.0,16.468
2023-06-03T01:00:00,1,5,6,1,28.72,51.13,0.36,11.6,12.941,0.03,9.74,-0.0,12.911
2023-06-03T02:00:00,2,5,6,1,29.71,44.29,0.44,9.03,11.728,0.012,9.82,-0.0,11.716
2023-06-03T03:00:00,3,5,6,1,33.2,54.17,0.07,16.13,12.349,0.0,10.15,-0.0,12.349
2023-06-03T04:00:00,4,5,6,1,29.95,49.58,0.56,0.0,11.448,0.012,9.86,-0.0,11.436
2023-06-03T05:00:00,5,5,6,1,32.36,54.37,0.62,1.25,14.241,0.034,9.96,-0.0,14.207
2023-06-03T06:00:00,6,5,6,1,31.7,52.88,117.53,13.04,13.678,5.581,9.85,-0.0,8.097
2023-06-03T07:00:00,7,5,6,1,35.09,40.41,285.88,14.36,19.096,13.591,10.01,-0.0,5.505
2023-06-03T08:00:00,8,5,6,1,34.26,42.98,428.67,12.86,21.821,19.334,10.18,-0.0,2.487
2023-06-03T09:00:00,9,5,6,1,38.45,50.69,489.01,21.51,22.829,22.746,9.76,-0.0,0.083
2023-06-03T10:00:00,10,5,6,1,40.2,48.99,687.89,3.78,27.929,31.288,13.13,3.359,0.0
2023-06-03T11:00:00,11,5,6,1,40.48,37.54,633.49,17.91,25.336,29.639,16.79,4.303,0.0
2023-06-03T12:00:00,12,5,6,1,40.04,50.59,581.31,32.19,25.408,27.733,19.5,2.325,0.0
2023-06-03T13:00:00,13,5,6,1,42.81,45.4,543.49,38.89,27.07,24.892,16.87,-2.178,0.0
2023-06-03T14:00:00,14,5,6,1,41.8,47.4,395.0,51.62,25.171,17.651,10.08,-7.01,0.51
2023-06-03T15:00:00,15,5,6,1,44.61,44.2,496.04,25.39,24.378,22.868,10.04,-0.0,1.51
2023-06-03T16:00:00,16,5,6,1,47.28,48.83,315.33,40.09,27.994,13.81,10.02,-0.0,14.184
2023-06-03T17:00:00,17,5,6,1,44.22,44.05,255.22,24.69,26.743,11.204,9.93,-0.0,15.539
2023-06-03T18:00:00,18,5,6,1,42.57,42.64,108.29,51.89,26.481,4.729,9.79,-0.0,21.752
2023-06-03T19:00:00,19,5,6,1,40.21,54.21,0.0,50.32,26.49,0.012,10.22,-0.0,26.478
2023-06-03T20:00:00,20,5,6,1,36.54,50.71,0.0,29.07,25.231,0.0,9.86,-0.0,25.231
2023-06-03T21:00:00,21,5,6,1,36.75,48.92,0.0,37.49,23.409,0.001,9.98,-0.0,23.408
2023-06-03T22:00:00,22,5,6,1,36.99,52.61,0.0,41.98,23.968,0.015,9.95,-0.0,23.953
2023-06-03T23:00:00,23,5,6,1,32.71,51.04,0.29,17.12,18.982,0.003,10.15,-0.0,18.979
2023-06-04T00:00:00,0,6,6,1,31.46,57.71,0.0,43.97,16.538,0.015,10.34,-0.0,16.523
2023-06-04T01:00:00,1,6,6,1,32.01,55.54,1.47,41.25,15.484,0.0,9.9,-0.0,15.484
2023-06-04T02:00:00,2,6,6,1,29.86,57.93,0.36,35.47,11.28,0.0,10.02,-0.0,11.28
2023-06-04T03:00:00,3,6,6,1,28.99,58.05,0.0,40.27,12.821,0.007,10.16,-0.0,12.814
2023-06-04T04:00:00,4,6,6,1,31.01,62.11,0.0,45.76,13.213,0.008,10.2,-0.0,13.205
2023-06-04T05:00:00,5,6,6,1,30.35,63.31,0.0,25.84,13.85,0.0,9.98,-0.0,13.85
2023-06-04T06:00:00,6,6,6,1,32.12,54.75,140.09,28.63,15.427,6.365,9.98,-0.0,9.062
2023-06-04T07:00:00,7,6,6,1,34.61,50.49,251.63,29.57,18.253,11.889,10.19,-0.0,6.364
2023-06-04T08:00:00,8,6,6,1,36.81,44.54,363.8,25.14,21.153,15.861,9.72,-0.0,5.292
2023-06-04T09:00:00,9,6,6,1,37.19,58.57,358.85,50.59,21.971,16.489,10.14,-0.0,5.482
2023-06-04T10:00:00,10,6,6,1,38.65,50.06,415.65,50.86,22.688,18.754,9.88,-0.0,3.934
2023-06-04T11:00:00,11,6,6,1,40.89,61.6,593.65,27.7,25.635,25.354,10.02,-0.0,0.281
2023-06-04T12:00:00,12,6,6,1,42.31,66.14,476.45,48.79,26.195,22.696,10.01,-0.0,3.499
2023-06-04T13:00:00,13,6,6,1,43.14,52.32,416.92,59.45,25.521,17.983,9.91,-0.0,7.538
2023-06-04T14:00:00,14,6,6,1,44.19,46.02,325.06,69.66,27.176,13.934,10.05,-0.0,13.242
2023-06-04T15:00:00,15,6,6,1,45.51,53.66,398.69,48.14,27.007,17.165,9.95,-0.0,9.842
2023-06-04T16:00:00,16,6,6,1,43.63,63.24,261.61,56.94,25.059,10.735,10.15,-0.0,14.324
2023-06-04T17:00:00,17,6,6,1,43.66,42.94,237.7,35.4,26.007,10.437,9.89,-0.0,15.57
2023-06-04T18:00:00,18,6,6,1,41.26,59.32,128.36,28.81,26.295,5.629,9.84,-0.0,20.666
2023-06-04T19:00:00,19,6,6,1,39.58,42.86,0.0,37.84,25.265,0.0,10.02,-0.0,25.265
2023-06-04T20:00:00,20,6,6,1,39.74,45.59,0.0,43.43,23.695,0.0,9.99,-0.0,23.695
2023-06-04T21:00:00,21,6,6,1,38.04,56.69,0.0,52.43,26.41,0.0,10.23,-0.0,26.41
2023-06-04T22:00:00,22,6,6,1,36.87,58.72,2.83,38.07,23.186,0.004,10.0,-0.0,23.182
2023-06-04T23:00:00,23,6,6,1,34.4,54.19,1.12,34.93,20.879,0.0,10.0,-0.0,20.879
2023-06-05T00:00:00,0,0,6,0,33.28,58.92,0.0,45.16,15.288,0.001,9.82,-0.0,15.287
2023-06-05T01:00:00,1,0,6,0,32.33,60.76,2.14,32.11,11.964,0.032,10.03,-0.0,11.932
2023-06-05T02:00:00,2,0,6,0,32.92,58.0,0.0,12.02,12.283,0.0,9.83,-0.0,12.283
2023-06-05T03:00:00,3,0,6,0,32.44,47.25,0.0,0.0,12.483,0.007,9.97,-0.0,12.476
2023-06-05T04:00:00,4,0,6,0,30.58,47.1,1.28,0.27,11.87,0.034,9.86,-0.0,11.836
2023-06-05T05:00:00,5,0,6,0,33.66,56.04,0.0,7.21,14.388,0.0,10.08,-0.0,14.388
2023-06-05T06:00:00,6,0,6,0,33.76,54.63,136.2,18.19,19.335,5.985,9.98,-0.0,13.35
2023-06-05T07:00:00,7,0,6,0,34.54,54.63,277.82,16.53,23.773,13.121,10.17,-0.0,10.652
2023-06-05T08:00:00,8,0,6,0,35.74,45.23,490.97,0.0,25.392,23.517,9.85,-0.0,1.875
2023-06-05T09:00:00,9,0,6,0,37.88,50.56,607.56,0.0,27.037,27.126,10.09,0.089,0.0
2023-06-05T10:00:00,10,0,6,0,39.39,41.06,703.49,0.0,24.642,32.934,17.73,8.292,0.0
2023-06-05T11:00:00,11,0,6,0,41.42,48.53,674.35,12.51,23.416,31.133,24.79,7.717,0.0
2023-06-05T12:00:00,12,0,6,0,46.14,43.38,807.3,0.0,24.057,34.472,34.55,10.415,0.0
2023-06-05T13:00:00,13,0,6,0,42.87,45.22,764.41,0.0,22.392,32.936,44.08,10.544,0.0
2023-06-05T14:00:00,14,0,6,0,43.67,48.09,724.3,0.0,24.098,31.997,51.2,7.899,0.0
2023-06-05T15:00:00,15,0,6,0,43.6,40.54,555.38,9.44,22.232,24.768,53.75,2.536,0.0
2023-06-05T16:00:00,16,0,6,0,43.02,52.09,385.11,27.78,23.643,16.931,47.25,-6.712,0.0
2023-06-05T17:00:00,17,0,6,0,45.05,44.72,298.21,7.99,28.766,13.426,31.54,-15.34,0.0
2023-06-05T18:00:00,18,0,6,0,40.49,45.48,148.26,23.37,30.29,6.495,11.63,-20.0,3.795
2023-06-05T19:00:00,19,0,6,0,40.22,41.86,1.03,15.95,32.658,0.035,10.03,-1.641,30.982
2023-06-05T20:00:00,20,0,6,0,37.66,62.44,0.44,36.76,31.932,0.019,10.14,-0.0,31.913
2023-06-05T21:00:00,21,0,6,0,36.64,47.7,0.88,0.0,28.46,0.0,10.11,-0.0,28.46
2023-06-05T22:00:00,22,0,6,0,34.24,47.89,2.7,1.94,23.292,0.0,10.02,-0.0,23.292
2023-06-05T23:00:00,23,0,6,0,35.46,45.38,0.68,16.01,20.676,0.028,9.94,-0.0,20.648
2023-06-06T00:00:00,0,1,6,0,36.66,56.31,0.19,18.9,17.856,0.035,9.93,-0.0,17.821
2023-06-06T01:00:00,1,1,6,0,31.23,60.39,0.0,28.77,14.266,0.0,10.07,-0.0,14.266
2023-06-06T02:00:00,2,1,6,0,28.96,63.67,0.32,48.7,10.535,0.037,9.89,-0.0,10.498
2023-06-06T03:00:00,3,1,6,0,31.59,57.34,0.0,45.45,12.458,0.0,9.79,-0.0,12.458
2023-06-06T04:00:00,4,1,6,0,30.29,57.82,0.0,16.8,11.647,0.006,9.96,-0.0,11.641
2023-06-06T05:00:00,5,1,6,0,33.78,49.24,0.0,24.96,14.372,0.0,9.92,-0.0,14.372
2023-06-06T06:00:00,6,1,6,0,33.55,53.32,128.27,16.58,17.009,5.967,9.94,-0.0,11.042
2023-06-06T07:00:00,7,1,6,0,33.84,50.72,275.29,9.37,24.055,12.656,10.08,-0.0,11.399
2023-06-06T08:00:00,8,1,6,0,35.3,53.82,390.51,24.7,26.449,17.945,10.01,-0.0,8.504
2023-06-06T09:00:00,9,1,6,0,37.92,42.7,453.98,29.48,26.399,21.863,9.96,-0.0,4.536
2023-06-06T10:00:00,10,1,6,0,38.93,59.37,566.67,21.55,24.901,25.931,10.77,1.03,0.0
2023-06-06T11:00:00,11,1,6,0,40.66,60.72,499.01,45.24,21.692,22.911,12.01,1.219,0.0
2023-06-06T12:00:00,12,1,6,0,41.88,41.19,728.03,11.84,23.243,33.121,20.91,9.878,0.0
2023-06-06T13:00:00,13,1,6,0,41.9,50.29,672.45,14.96,22.428,29.912,27.93,7.484,0.0
2023-06-06T14:00:00,14,1,6,0,44.35,40.69,559.93,28.83,23.082,25.262,29.93,2.18,0.0
2023-06-06T15:00:00,15,1,6,0,42.19,46.34,586.06,6.15,20.516,26.216,35.29,5.7,0.0
2023-06-06T16:00:00,16,1,6,0,42.55,37.65,366.87,25.55,23.335,15.657,27.62,-7.678,0.0
2023-06-06T17:00:00,17,1,6,0,45.07,47.11,231.41,34.41,31.117,10.008,9.96,-17.614,3.495
2023-06-06T18:00:00,18,1,6,0,42.08,46.0,140.75,22.56,33.04,6.734,9.83,-0.0,26.306
2023-06-06T19:00:00,19,1,6,0,42.07,58.64,0.74,51.96,32.223,0.0,9.74,-0.0,32.223
2023-06-06T20:00:00,20,1,6,0,39.11,64.16,0.0,60.88,29.959,0.0,10.2,-0.0,29.959
2023-06-06T21:00:00,21,1,6,0,39.11,59.23,0.32,27.25,30.986,0.0,9.87,-0.0,30.986
2023-06-06T22:00:00,22,1,6,0,37.05,56.8,0.0,21.27,24.726,0.0,9.96,-0.0,24.726
2023-06-06T23:00:00,23,1,6,0,35.11,51.62,0.0,15.44,20.023,0.014,9.93,-0.0,20.009
2023-06-07T00:00:00,0,2,6,0,34.54,59.2,0.0,53.68,14.435,0.0,10.13,-0.0,14.435
2023-06-07T01:00:00,1,2,6,0,33.58,62.44,0.7,71.94,12.873,0.0,10.04,-0.0,12.873
2023-06-07T02:00:00,2,2,6,0,31.56,54.78,0.0,65.57,13.725,0.029,9.89,-0.0,13.696
2023-06-07T03:00:00,3,2,6,0,29.62,63.48,0.2,38.92,11.221,0.0,10.08,-0.0,11.221
2023-06-07T04:00:00,4,2,6,0,32.83,59.02,0.0,36.18,11.355,0.0,9.8,-0.0,11.355
2023-06-07T05:00:00,5,2,6,0,32.83,61.27,0.0,49.59,14.408,0.0,9.98,-0.0,14.408
2023-06-07T06:00:00,6,2,6,0,35.06,41.85,103.06,28.95,21.414,4.915,9.55,-0.0,16.499
2023-06-07T07:00:00,7,2,6,0,33.45,56.69,246.89,30.81,22.879,12.128,10.05,-0.0,10.751
2023-06-07T08:00:00,8,2,6,0,34.57,58.44,377.41,28.13,23.631,17.715,9.94,-0.0,5.916
2023-06-07T09:00:00,9,2,6,0,38.39,48.82,552.72,12.06,25.5,24.788,9.97,-0.0,0.712
2023-06-07T10:00:00,10,2,6,0,39.54,48.52,534.98,30.49,24.018,23.49,10.18,-0.0,0.528
2023-06-07T11:00:00,11,2,6,0,38.48,44.71,578.02,29.9,22.418,25.812,13.01,3.394,0.0
2023-06-07T12:00:00,12,2,6,0,42.99,40.1,670.28,18.1,22.765,28.188,18.01,5.423,0.0
2023-06-07T13:00:00,13,2,6,0,41.36,46.23,775.26,0.0,23.263,34.471,28.2,11.208,0.0
2023-06-07T14:00:00,14,2,6,0,42.74,43.52,695.23,0.0,22.959,29.673,34.61,6.714,0.0
2023-06-07T15:00:00,15,2,6,0,44.49,45.91,472.94,22.81,21.795,20.494,33.29,-1.301,0.0
2023-06-07T16:00:00,16,2,6,0,47.19,52.34,423.33,16.31,28.048,18.384,23.74,-9.664,0.0
2023-06-07T17:00:00,17,2,6,0,41.6,44.03,258.97,33.29,27.117,11.739,9.99,-13.635,1.743
2023-06-07T18:00:00,18,2,6,0,41.46,48.16,106.63,29.91,30.289,4.505,10.05,-0.0,25.784
2023-06-07T19:00:00,19,2,6,0,40.45,60.32,0.84,39.29,33.326,0.002,10.08,-0.0,33.324
2023-06-07T20:00:00,20,2,6,0,41.53,51.69,0.0,52.64,33.212,0.0,10.05,-0.0,33.212
2023-06-07T21:00:00,21,2,6,0,36.78,55.65,0.56,49.01,28.493,0.017,9.98,-0.0,28.476
2023-06-07T22:00:00,22,2,6,0,35.03,55.93,0.0,52.46,23.128,0.008,10.08,-0.0,23.12
2023-06-07T23:00:00,23,2,6,0,36.12,63.13,0.21,75.11,20.752,0.0,10.1,-0.0,20.752
2023-06-08T00:00:00,0,3,6,0,32.93,47.63,0.94,52.1,16.124,0.014,10.15,-0.0,16.11
2023-06-08T01:00:00,1,3,6,0,34.07,55.18,0.53,44.9,14.634,0.009,10.34,-0.0,14.625
2023-06-08T02:00:00,2,3,6,0,29.96,57.99,1.34,39.96,11.861,0.009,9.85,-0.0,11.852
2023-06-08T03:00:00,3,3,6,0,31.59,53.41,0.97,50.48,11.394,0.0,10.08,-0.0,11.394
2023-06-08T04:00:00,4,3,6,0,29.13,60.07,0.45,41.16,12.462,0.006,10.0,-0.0,12.456
2023-06-08T05:00:00,5,3,6,0,30.8,59.72,1.27,30.21,14.29,0.002,10.03,-0.0,14.288
2023-06-08T06:00:00,6,3,6,0,34.46,61.23,84.44,64.84,18.972,3.972,10.11,-0.0,15.0
2023-06-08T07:00:00,7,3,6,0,34.11,67.98,156.23,64.27,24.303,7.49,10.03,-0.0,16.813
2023-06-08T08:00:00,8,3,6,0,35.44,57.47,204.57,72.83,25.274,9.746,9.84,-0.0,15.528
2023-06-08T09:00:00,9,3,6,0,37.2,61.13,269.19,72.69,25.759,13.155,9.92,-0.0,12.604
2023-06-08T10:00:00,10,3,6,0,39.69,61.52,246.67,85.1,22.898,10.578,10.09,-0.0,12.32
2023-06-08T11:00:00,11,3,6,0,41.42,55.72,292.45,76.57,22.303,12.953,9.88,-0.0,9.35
2023-06-08T12:00:00,12,3,6,0,43.03,57.79,447.53,50.59,23.75,19.731,9.83,-0.0,4.019
2023-06-08T13:00:00,13,3,6,0,39.82,56.05,431.88,55.4,20.845,20.298,9.95,-0.0,0.547
2023-06-08T14:00:00,14,3,6,0,42.23,42.8,552.55,25.56,22.491,25.017,12.11,2.526,0.0
2023-06-08T15:00:00,15,3,6,0,44.49,53.22,426.19,38.28,24.217,19.635,9.89,-2.324,2.258
2023-06-08T16:00:00,16,3,6,0,44.03,46.23,359.47,31.61,25.668,16.099,10.29,-0.0,9.569
2023-06-08T17:00:00,17,3,6,0,43.77,47.8,224.48,35.23,27.916,9.96,9.92,-0.0,17.956
2023-06-08T18:00:00,18,3,6,0,42.81,46.69,154.38,21.87,31.07,7.046,10.06,-0.0,24.024
2023-06-08T19:00:00,19,3,6,0,40.81,55.49,0.0,40.4,32.767,0.0,9.88,-0.0,32.767
2023-06-08T20:00:00,20,3,6,0,38.88,58.23,0.78,40.13,31.71,0.01,10.09,-0.0,31.7
2023-06-08T21:00:00,21,3,6,0,36.83,49.87,0.03,18.17,28.807,0.011,9.96,-0.0,28.796
2023-06-08T22:00:00,22,3,6,0,37.43,50.8,2.78,28.47,25.496,0.011,10.12,-0.0,25.485
2023-06-08T23:00:00,23,3,6,0,33.75,42.77,0.41,22.45,21.517,0.012,9.95,-0.0,21.505
2023-06-09T00:00:00,0,4,6,0,33.9,50.08,0.0,27.18,16.202,0.0,9.93,-0.0,16.202
2023-06-09T01:00:00,1,4,6,0,32.27,51.61,0.38,39.3,12.544,0.018,9.98,-0.0,12.526
2023-06-09T02:00:00,2,4,6,0,33.82,52.59,0.0,9.56,12.796,0.0,10.0,-0.0,12.796
2023-06-09T03:00:00,3,4,6,0,31.34,53.35,1.09,19.52,12.916,0.022,10.03,-0.0,12.894
2023-06-09T04:00:00,4,4,6,0,32.66,46.6,1.12,6.09,13.96,0.0,9.9,-0.0,13.96
2023-06-09T05:00:00,5,4,6,0,34.34,54.16,0.0,27.21,17.153,0.032,9.87,-0.0,17.121
2023-06-09T06:00:00,6,4,6,0,33.72,52.74,124.53,22.82,18.932,5.898,9.79,-0.0,13.034
2023-06-09T07:00:00,7,4,6,0,34.96,42.42,227.32,40.98,23.092,10.423,9.91,-0.0,12.669
2023-06-09T08:00:00,8,4,6,0,35.91,53.99,483.88,0.0,26.281,22.069,9.75,-0.0,4.212
2023-06-09T09:00:00,9,4,6,0,38.64,56.85,449.02,32.32,24.84,20.825,9.81,-0.0,4.015
2023-06-09T10:00:00,10,4,6,0,40.28,48.31,581.57,23.0,24.327,26.182,11.67,1.855,0.0
2023-06-09T11:00:00,11,4,6,0,42.41,47.94,708.41,8.67,25.691,32.07,17.66,6.379,0.0
2023-06-09T12:00:00,12,4,6,0,43.08,42.88,777.73,0.0,22.56,34.195,28.23,11.635,0.0
2023-06-09T13:00:00,13,4,6,0,42.63,37.98,706.94,8.31,22.429,33.201,38.49,10.772,0.0
2023-06-09T14:00:00,14,4,6,0,42.65,57.47,635.31,12.77,22.397,28.111,43.49,5.714,0.0
2023-06-09T15:00:00,15,4,6,0,47.5,52.53,409.42,44.7,27.624,17.407,33.26,-10.217,0.0
2023-06-09T16:00:00,16,4,6,0,44.55,51.58,384.9,21.18,24.704,17.237,25.59,-7.467,0.0
2023-06-09T17:00:00,17,4,6,0,41.87,45.0,298.88,8.33,28.208,12.987,10.63,-15.221,0.0
2023-06-09T18:00:00,18,4,6,0,44.17,49.54,158.27,0.0,31.896,7.072,10.09,-0.542,24.282
2023-06-09T19:00:00,19,4,6,0,40.34,42.49,0.0,22.2,32.117,0.0,9.86,-0.0,32.117
2023-06-09T20:00:00,20,4,6,0,40.14,48.51,0.2,24.07,30.878,0.006,10.01,-0.0,30.872
2023-06-09T21:00:00,21,4,6,0,37.21,54.42,0.0,19.88,30.394,0.0,10.23,-0.0,30.394
2023-06-09T22:00:00,22,4,6,0,35.59,49.03,0.0,23.59,24.808,0.009,10.04,-0.0,24.799
2023-06-09T23:00:00,23,4,6,0,35.78,54.56,0.0,9.94,19.725,0.035,10.13,-0.0,19.69
2023-06-10T00:00:00,0,5,6,1,32.3,57.31,0.94,35.67,13.926,0.005,9.95,-0.0,13.921
2023-06-10T01:00:00,1,5,6,1,31.37,57.71,0.0,38.1,13.277,0.019,9.74,-0.0,13.258
2023-06-10T02:00:00,2,5,6,1,32.22,49.25,0.0,15.82,14.224,0.031,10.07,-0.0,14.193
2023-06-10T03:00:00,3,5,6,1,34.14,55.63,3.6,27.91,14.159,0.0,9.98,-0.0,14.159
2023-06-10T04:00:00,4,5,6,1,31.5,68.71,2.93,54.45,12.03,0.007,10.04,-0.0,12.023
2023-06-10T05:00:00,5,5,6,1,29.26,59.29,1.81,42.05,12.579,0.027,10.01,-0.0,12.552
2023-06-10T06:00:00,6,5,6,1,33.25,54.19,118.41,10.02,17.643,5.422,9.88,-0.0,12.221
2023-06-10T07:00:00,7,5,6,1,37.47,51.11,318.46,0.0,20.858,14.543,10.01,-0.0,6.315
2023-06-10T08:00:00,8,5,6,1,36.76,44.02,438.05,11.77,19.436,20.809,11.17,1.373,0.0
2023-06-10T09:00:00,9,5,6,1,36.86,47.26,617.39,0.0,21.681,28.358,17.25,6.677,0.0
2023-06-10T10:00:00,10,5,6,1,40.33,45.81,684.96,4.05,25.526,31.551,23.07,6.025,0.0
2023-06-10T11:00:00,11,5,6,1,39.76,36.34,720.88,4.25,25.862,31.716,28.21,5.854,0.0
2023-06-10T12:00:00,12,5,6,1,40.27,50.88,742.67,5.9,27.219,33.475,34.07,6.256,0.0
2023-06-10T13:00:00,13,5,6,1,42.96,46.22,529.21,42.03,26.61,23.064,30.41,-3.546,0.0
2023-06-10T14:00:00,14,5,6,1,44.67,52.35,501.77,35.45,27.393,20.881,24.25,-6.512,0.0
2023-06-10T15:00:00,15,5,6,1,41.86,44.05,531.13,17.77,22.325,23.039,24.76,0.714,0.0
2023-06-10T16:00:00,16,5,6,1,43.43,55.92,451.45,9.27,25.164,20.387,19.76,-4.777,0.0
2023-06-10T17:00:00,17,5,6,1,43.13,46.62,275.11,23.58,26.827,12.484,10.0,-9.912,4.431
2023-06-10T18:00:00,18,5,6,1,41.99,58.08,134.34,22.51,28.528,6.172,10.0,-0.0,22.356
2023-06-10T19:00:00,19,5,6,1,41.42,45.57,0.07,6.75,25.603,0.007,10.02,-0.0,25.596
2023-06-10T20:00:00,20,5,6,1,38.23,48.64,1.13,11.53,25.485,0.0,9.91,-0.0,25.485
2023-06-10T21:00:00,21,5,6,1,38.37,55.04,0.0,0.7,23.338,0.01,9.9,-0.0,23.328
2023-06-10T22:00:00,22,5,6,1,35.57,47.99,0.0,26.32,22.373,0.002,10.22,-0.0,22.371
2023-06-10T23:00:00,23,5,6,1,35.87,48.86,0.0,0.95,22.536,0.01,9.87,-0.0,22.526
2023-06-11T00:00:00,0,6,6,1,31.9,57.12,0.0,25.14,16.107,0.0,9.84,-0.0,16.107
2023-06-11T01:00:00,1,6,6,1,30.86,56.7,0.04,23.06,13.653,0.005,9.73,-0.0,13.648
2023-06-11T02:00:00,2,6,6,1,32.41,52.74,0.72,14.33,13.495,0.0,9.96,-0.0,13.495
2023-06-11T03:00:00,3,6,6,1,34.2,52.02,2.48,20.68,17.194,0.0,9.81,-0.0,17.194
2023-06-11T04:00:00,4,6,6,1,32.43,54.6,0.05,0.0,13.306,0.026,10.33,-0.0,13.28
2023-06-11T05:00:00,5,6,6,1,32.6,51.15,0.0,0.0,13.898,0.0,9.8,-0.0,13.898
2023-06-11T06:00:00,6,6,6,1,33.59,54.56,153.52,0.0,15.815,7.111,9.88,-0.0,8.704
2023-06-11T07:00:00,7,6,6,1,34.22,52.17,327.41,5.51,16.8,14.993,10.33,-0.0,1.807
2023-06-11T08:00:00,8,6,6,1,35.1,54.19,422.26,13.64,20.992,18.661,10.16,-0.0,2.331
2023-06-11T09:00:00,9,6,6,1,37.35,56.12,517.06,18.63,23.82,23.367,9.73,-0.0,0.453
2023-06-11T10:00:00,10,6,6,1,38.08,50.95,507.65,34.99,25.106,23.53,10.0,-0.0,1.576
2023-06-11T11:00:00,11,6,6,1,41.42,54.36,656.06,22.71,27.479,29.416,11.82,1.937,0.0
2023-06-11T12:00:00,12,6,6,1,40.56,49.35,599.31,28.24,25.282,26.561,12.81,1.279,0.0
2023-06-11T13:00:00,13,6,6,1,43.8,40.94,619.49,25.56,26.9,28.468,14.49,1.568,0.0
2023-06-11T14:00:00,14,6,6,1,41.48,46.57,578.18,18.83,26.311,25.686,13.56,-0.625,0.0
2023-06-11T15:00:00,15,6,6,1,44.55,46.34,397.22,41.68,25.691,17.312,9.74,-3.776,4.603
2023-06-11T16:00:00,16,6,6,1,43.38,51.81,335.52,37.26,24.954,14.995,10.14,-0.0,9.959
2023-06-11T17:00:00,17,6,6,1,44.79,45.38,269.46,21.63,28.064,12.455,10.08,-0.0,15.609
2023-06-11T18:00:00,18,6,6,1,43.26,48.88,122.41,25.55,26.272,5.417,10.28,-0.0,20.855
2023-06-11T19:00:00,19,6,6,1,42.61,54.68,0.0,32.34,26.471,0.0,9.98,-0.0,26.471
2023-06-11T20:00:00,20,6,6,1,38.25,56.42,0.97,12.22,24.529,0.0,10.23,-0.0,24.529
2023-06-11T21:00:00,21,6,6,1,37.78,49.82,0.0,6.2,27.922,0.0,9.91,-0.0,27.922
2023-06-11T22:00:00,22,6,6,1,35.09,57.47,0.0,20.93,23.439,0.0,10.17,-0.0,23.439
2023-06-11T23:00:00,23,6,6,1,34.12,51.21,0.79,17.71,21.11,0.014,10.28,-0.0,21.096
2023-06-12T00:00:00,0,0,6,0,32.61,45.23,0.0,18.53,13.696,0.0,9.86,-0.0,13.696
2023-06-12T01:00:00,1,0,6,0,31.39,48.99,0.0,26.35,13.582,0.0,9.73,-0.0,13.582
2023-06-12T02:00:00,2,0,6,0,30.01,55.7,0.62,33.25,13.301,0.0,10.03,-0.0,13.301
2023-06-12T03:00:00,3,0,6,0,28.99,61.92,0.0,37.93,10.996,0.009,10.03,-0.0,10.987
2023-06-12T04:00:00,4,0,6,0,28.43,55.67,0.0,27.13,9.69,0.021,9.97,-0.0,9.669
2023-06-12T05:00:00,5,0,6,0,31.19,59.76,0.02,18.56,14.865,0.019,10.14,-0.0,14.846
2023-06-12T06:00:00,6,0,6,0,34.4,62.79,165.12,29.05,19.134,6.836,9.83,-0.0,12.298
2023-06-12T07:00:00,7,0,6,0,32.46,50.77,252.97,32.38,22.153,11.296,9.98,-0.0,10.857
2023-06-12T08:00:00,8,0,6,0,34.78,62.86,403.58,21.09,24.22,17.82,9.88,-0.0,6.4
2023-06-12T09:00:00,9,0,6,0,39.74,42.98,464.72,32.03,26.119,21.013,10.24,-0.0,5.106
2023-06-12T10:00:00,10,0,6,0,38.28,61.89,480.03,36.67,22.925,20.91,10.11,-0.0,2.015
2023-06-12T11:00:00,11,0,6,0,41.44,47.84,672.0,17.34,22.146,30.134,17.24,7.988,0.0
2023-06-12T12:00:00,12,0,6,0,44.08,45.62,650.4,18.84,23.408,27.875,21.46,4.467,0.0
2023-06-12T13:00:00,13,0,6,0,44.47,43.7,771.27,0.0,22.706,35.073,32.81,12.367,0.0
2023-06-12T14:00:00,14,0,6,0,42.06,41.07,694.13,0.0,24.097,31.452,39.4,7.355,0.0
2023-06-12T15:00:00,15,0,6,0,44.87,54.32,492.25,21.92,25.065,21.522,36.3,-3.543,0.0
2023-06-12T16:00:00,16,0,6,0,41.93,43.6,451.64,12.8,25.401,20.312,30.91,-5.089,0.0
2023-06-12T17:00:00,17,0,6,0,47.83,39.07,324.94,0.0,30.591,14.458,15.3,-16.133,0.0
2023-06-12T18:00:00,18,0,6,0,40.17,40.58,127.74,9.1,27.93,5.772,10.0,-4.838,17.32
2023-06-12T19:00:00,19,0,6,0,39.28,42.94,0.0,0.0,33.172,0.0,10.19,-0.0,33.172
2023-06-12T20:00:00,20,0,6,0,38.14,43.99,0.0,1.79,31.501,0.003,10.0,-0.0,31.498
2023-06-12T21:00:00,21,0,6,0,35.83,47.33,0.49,17.81,28.207,0.0,10.05,-0.0,28.207
2023-06-12T22:00:00,22,0,6,0,37.57,46.66,0.0,0.0,25.022,0.032,9.94,-0.0,24.99
2023-06-12T23:00:00,23,0,6,0,39.1,44.06,2.48,19.59,20.561,0.023,9.73,-0.0,20.538
2023-06-13T00:00:00,0,1,6,0,32.87,61.32,0.0,21.5,14.4,0.018,10.25,-0.0,14.382
2023-06-13T01:00:00,1,1,6,0,30.81,56.23,0.91,38.27,11.806,0.0,9.91,-0.0,11.806
2023-06-13T02:00:00,2,1,6,0,28.51,60.12,1.1,38.18,10.841,0.0,10.22,-0.0,10.841
2023-06-13T03:00:00,3,1,6,0,30.82,58.03,0.0,16.45,12.111,0.0,10.31,-0.0,12.111
2023-06-13T04:00:00,4,1,6,0,31.75,61.52,0.0,4.35,15.103,0.034,9.9,-0.0,15.069
2023-06-13T05:00:00,5,1,6,0,30.61,60.31,1.09,29.34,14.472,0.02,9.87,-0.0,14.452
2023-06-13T06:00:00,6,1,6,0,33.05,54.95,104.85,41.07,17.952,4.748,9.91,-0.0,13.204
2023-06-13T07:00:00,7,1,6,0,35.07,43.55,335.16,0.0,22.973,15.19,9.71,-0.0,7.783
2023-06-13T08:00:00,8,1,6,0,37.34,50.24,462.83,5.91,27.258,22.196,10.05,-0.0,5.062
2023-06-13T09:00:00,9,1,6,0,37.33,52.98,605.49,0.0,26.561,27.486,11.05,0.925,0.0
2023-06-13T10:00:00,10,1,6,0,38.38,47.83,697.04,0.19,22.13,30.68,18.57,8.55,0.0
2023-06-13T11:00:00,11,1,6,0,42.05,47.78,668.08,15.87,23.065,29.741,24.93,6.676,0.0
2023-06-13T12:00:00,12,1,6,0,43.19,52.21,501.44,44.66,22.813,23.443,25.4,0.63,0.0
2023-06-13T13:00:00,13,1,6,0,43.92,35.59,712.91,5.94,21.379,29.355,32.74,7.976,0.0
2023-06-13T14:00:00,14,1,6,0,45.6,43.85,687.42,0.0,25.036,31.096,38.35,6.06,0.0
2023-06-13T15:00:00,15,1,6,0,42.48,50.03,555.76,10.2,23.458,25.141,39.95,1.683,0.0
2023-06-13T16:00:00,16,1,6,0,42.8,47.41,393.61,19.88,24.829,17.476,32.45,-7.353,0.0
2023-06-13T17:00:00,17,1,6,0,42.16,52.28,296.24,11.03,27.893,13.1,17.76,-14.793,0.0
2023-06-13T18:00:00,18,1,6,0,41.16,52.96,160.31,10.73,31.399,7.56,9.91,-7.754,16.085
2023-06-13T19:00:00,19,1,6,0,42.11,45.25,0.0,18.17,35.932,0.0,10.02,-0.0,35.932
2023-06-13T20:00:00,20,1,6,0,39.56,52.53,0.0,25.87,33.123,0.012,9.86,-0.0,33.111
2023-06-13T21:00:00,21,1,6,0,38.71,49.44,0.91,15.47,28.073,0.0,10.14,-0.0,28.073
2023-06-13T22:00:00,22,1,6,0,36.47,41.35,0.0,22.34,27.598,0.0,9.95,-0.0,27.598
2023-06-13T23:00:00,23,1,6,0,35.01,50.92,0.0,19.4,19.526,0.0,9.81,-0.0,19.526
2023-06-14T00:00:00,0,2,6,0,34.53,48.9,0.0,32.29,16.215,0.0,9.97,-0.0,16.215
2023-06-14T01:00:00,1,2,6,0,32.76,53.43,0.0,17.2,13.56,0.0,9.99,-0.0,13.56
2023-06-14T02:00:00,2,2,6,0,30.82,58.54,3.27,25.81,11.753,0.001,9.93,-0.0,11.752
2023-06-14T03:00:00,3,2,6,0,33.19,56.98,1.53,54.14,13.327,0.0,9.76,-0.0,13.327
2023-06-14T04:00:00,4,2,6,0,32.33,51.47,0.0,36.99,13.553,0.0,9.98,-0.0,13.553
2023-06-14T05:00:00,5,2,6,0,32.28,53.18,0.0,10.41,16.396,0.0,10.02,-0.0,16.396
2023-06-14T06:00:00,6,2,6,0,32.22,68.49,110.61,38.6,17.388,5.153,10.06,-0.0,12.235
2023-06-14T07:00:00,7,2,6,0,35.73,42.22,247.75,30.2,24.241,11.125,10.15,-0.0,13.116
2023-06-14T08:00:00,8,2,6,0,37.46,50.32,418.71,10.4,27.426,19.748,10.07,-0.0,7.678
2023-06-14T09:00:00,9,2,6,0,38.69,47.39,517.76,21.24,28.968,24.723,10.05,-0.0,4.245
2023-06-14T10:00:00,10,2,6,0,42.36,44.56,637.25,11.92,26.239,29.501,13.09,3.262,0.0
2023-06-14T11:00:00,11,2,6,0,38.72,53.13,482.34,44.97,20.241,23.609,16.01,3.368,0.0
2023-06-14T12:00:00,12,2,6,0,43.77,46.65,612.22,28.26,24.815,27.305,18.53,2.49,0.0
2023-06-14T13:00:00,13,2,6,0,43.19,51.2,622.86,24.97,22.267,27.12,22.84,4.853,0.0
2023-06-14T14:00:00,14,2,6,0,42.66,47.93,519.02,29.34,21.679,23.362,24.37,1.683,0.0
2023-06-14T15:00:00,15,2,6,0,47.19,34.27,478.05,18.88,27.26,21.498,18.45,-5.762,0.0
2023-06-14T16:00:00,16,2,6,0,44.03,59.73,245.15,62.31,25.867,10.771,10.07,-8.642,6.454
2023-06-14T17:00:00,17,2,6,0,44.2,59.28,151.64,65.0,28.528,6.709,10.05,-0.0,21.819
2023-06-14T18:00:00,18,2,6,0,42.44,48.62,118.08,45.3,33.239,5.312,10.11,-0.0,27.927
2023-06-14T19:00:00,19,2,6,0,38.16,54.83,0.9,49.12,31.069,0.008,9.79,-0.0,31.061
2023-06-14T20:00:00,20,2,6,0,38.19,59.17,0.0,39.27,31.077,0.0,10.11,-0.0,31.077
2023-06-14T21:00:00,21,2,6,0,39.8,54.42,0.0,19.61,30.478,0.003,9.97,-0.0,30.475
2023-06-14T22:00:00,22,2,6,0,35.95,61.13,0.0,39.45,21.727,0.0,9.87,-0.0,21.727
2023-06-14T23:00:00,23,2,6,0,33.38,58.65,0.0,46.22,20.041,0.035,9.93,-0.0,20.006
2023-06-15T00:00:00,0,3,6,0,34.14,53.27,1.64,0.0,15.659,0.027,9.88,-0.0,15.632
2023-06-15T01:00:00,1,3,6,0,33.52,56.81,0.0,0.0,13.267,0.002,10.05,-0.0,13.265
2023-06-15T02:00:00,2,3,6,0,33.22,48.25,0.0,0.22,13.185,0.0,9.93,-0.0,13.185
2023-06-15T03:00:00,3,3,6,0,31.22,53.23,0.18,0.0,12.112,0.0,9.99,-0.0,12.112
2023-06-15T04:00:00,4,3,6,0,31.41,45.41,2.38,34.77,12.498,0.0,9.93,-0.0,12.498
2023-06-15T05:00:00,5,3,6,0,32.23,45.65,0.0,20.51,15.748,0.0,9.98,-0.0,15.748
2023-06-15T06:00:00,6,3,6,0,33.06,59.08,107.47,43.74,18.87,4.982,9.83,-0.0,13.888
2023-06-15T07:00:00,7,3,6,0,33.34,62.36,150.78,61.55,22.3,7.012,9.7,-0.0,15.288
2023-06-15T08:00:00,8,3,6,0,35.47,54.6,280.0,52.28,26.434,13.099,10.4,-0.0,13.335
2023-06-15T09:00:00,9,3,6,0,36.33,53.16,348.27,53.15,25.377,16.624,10.01,-0.0,8.753
2023-06-15T10:00:00,10,3,6,0,37.47,57.05,293.45,74.93,26.301,13.375,10.44,-0.0,12.926
2023-06-15T11:00:00,11,3,6,0,40.76,54.02,475.06,48.55,23.754,20.586,9.99,-0.0,3.168
2023-06-15T12:00:00,12,3,6,0,42.12,40.91,479.8,49.64,21.813,21.687,10.0,-0.0,0.126
2023-06-15T13:00:00,13,3,6,0,44.95,50.64,556.8,32.24,21.831,25.207,13.06,3.376,0.0
2023-06-15T14:00:00,14,3,6,0,43.92,51.85,422.31,50.95,22.574,17.259,10.08,-3.106,2.209
2023-06-15T15:00:00,15,3,6,0,44.07,54.87,294.41,64.49,21.838,12.724,10.01,-0.0,9.114
2023-06-15T16:00:00,16,3,6,0,45.63,50.36,298.06,52.48,27.333,13.14,9.8,-0.0,14.193
2023-06-15T17:00:00,17,3,6,0,42.9,43.14,235.2,36.33,27.712,10.305,9.84,-0.0,17.407
2023-06-15T18:00:00,18,3,6,0,44.4,44.36,109.01,40.5,31.617,4.849,9.82,-0.0,26.768
2023-06-15T19:00:00,19,3,6,0,42.04,58.06,3.21,35.74,34.424,0.013,10.02,-0.0,34.411
2023-06-15T20:00:00,20,3,6,0,39.29,48.41,0.0,33.58,31.848,0.0,10.02,-0.0,31.848
2023-06-15T21:00:00,21,3,6,0,38.28,59.56,0.0,55.83,29.53,0.0,10.01,-0.0,29.53
2023-06-15T22:00:00,22,3,6,0,36.52,47.51,1.41,32.07,24.23,0.024,9.89,-0.0,24.206
2023-06-15T23:00:00,23,3,6,0,32.49,56.46,2.88,41.38,19.459,0.011,9.82,-0.0,19.448
2023-06-16T00:00:00,0,4,6,0,32.17,50.36,0.0,13.71,15.908,0.001,10.17,-0.0,15.907
2023-06-16T01:00:00,1,4,6,0,31.09,54.39,1.85,31.52,13.876,0.0,10.03,-0.0,13.876
2023-06-16T02:00:00,2,4,6,0,30.18,53.36,1.27,23.04,13.108,0.0,10.08,-0.0,13.108
2023-06-16T03:00:00,3,4,6,0,32.11,62.58,0.0,32.16,12.695,0.019,10.14,-0.0,12.676
2023-06-16T04:00:00,4,4,6,0,33.08,67.97,0.0,55.52,11.474,0.006,9.69,-0.0,11.468
2023-06-16T05:00:00,5,4,6,0,30.26,60.25,0.0,50.06,13.014,0.0,10.01,-0.0,13.014
2023-06-16T06:00:00,6,4,6,0,33.46,54.08,83.14,42.32,17.017,3.778,10.17,-0.0,13.239
2023-06-16T07:00:00,7,4,6,0,33.74,46.15,276.73,21.05,23.717,12.173,9.81,-0.0,11.544
2023-06-16T08:00:00,8,4,6,0,35.8,44.82,410.13,21.99,25.861,18.84,9.83,-0.0,7.021
2023-06-16T09:00:00,9,4,6,0,36.92,57.82,524.69,17.86,26.791,24.154,9.82,-0.0,2.637
2023-06-16T10:00:00,10,4,6,0,39.98,44.22,512.08,35.7,25.522,23.199,9.77,-0.0,2.323
2023-06-16T11:00:00,11,4,6,0,40.04,48.78,557.43,32.02,22.094,24.963,12.72,2.869,0.0
2023-06-16T12:00:00,12,4,6,0,44.6,48.6,615.72,27.68,25.68,26.527,13.44,0.847,0.0
2023-06-16T13:00:00,13,4,6,0,42.72,41.41,366.59,64.76,23.551,17.19,9.81,-3.419,2.942
2023-06-16T14:00:00,14,4,6,0,43.78,47.07,365.75,61.36,23.332,16.343,9.72,-0.0,6.989
2023-06-16T15:00:00,15,4,6,0,42.88,43.97,420.47,40.32,23.909,18.126,9.87,-0.0,5.783
2023-06-16T16:00:00,16,4,6,0,44.71,46.65,315.98,42.49,27.651,14.187,10.16,-0.0,13.464
2023-06-16T17:00:00,17,4,6,0,44.41,48.47,278.61,22.64,29.355,12.492,9.82,-0.0,16.863
2023-06-16T18:00:00,18,4,6,0,42.76,53.14,128.85,22.14,30.828,5.869,9.73,-0.0,24.959
2023-06-16T19:00:00,19,4,6,0,44.14,41.93,0.0,8.85,33.627,0.0,9.97,-0.0,33.627
2023-06-16T20:00:00,20,4,6,0,41.26,46.66,0.25,23.07,33.046,0.01,9.81,-0.0,33.036
2023-06-16T21:00:00,21,4,6,0,37.75,50.67,0.12,25.53,28.056,0.007,10.24,-0.0,28.049
2023-06-16T22:00:00,22,4,6,0,36.11,46.82,0.56,16.71,24.522,0.0,10.01,-0.0,24.522
2023-06-16T23:00:00,23,4,6,0,36.43,56.27,0.1,40.13,20.975,0.0,9.93,-0.0,20.975
2023-06-17T00:00:00,0,5,6,1,32.45,58.68,0.0,40.56,14.972,0.007,9.93,-0.0,14.965
2023-06-17T01:00:00,1,5,6,1,32.92,42.06,3.67,37.18,16.174,0.0,9.9,-0.0,16.174
2023-06-17T02:00:00,2,5,6,1,32.76,53.75,0.33,2.49,15.793,0.036,9.91,-0.0,15.757
2023-06-17T03:00:00,3,5,6,1,31.72,55.68,1.95,28.58,12.114,0.031,10.35,-0.0,12.083
2023-06-17T04:00:00,4,5,6,1,33.61,53.02,0.66,13.42,13.8,0.0,10.13,-0.0,13.8
2023-06-17T05:00:00,5,5,6,1,35.34,59.62,2.26,33.04,15.759,0.0,9.95,-0.0,15.759
2023-06-17T06:00:00,6,5,6,1,33.37,49.49,94.65,57.17,16.66,4.459,10.02,-0.0,12.201
2023-06-17T07:00:00,7,5,6,1,34.96,45.33,293.78,17.57,19.201,13.783,9.87,-0.0,5.418
2023-06-17T08:00:00,8,5,6,1,37.97,51.63,337.55,31.09,21.53,15.92,10.13,-0.0,5.61
2023-06-17T09:00:00,9,5,6,1,39.25,43.47,348.9,56.42,24.713,16.104,9.48,-0.0,8.609
2023-06-17T10:00:00,10,5,6,1,39.59,50.76,520.66,35.98,24.755,23.828,9.89,-0.0,0.927
2023-06-17T11:00:00,11,5,6,1,41.8,55.21,502.78,38.46,26.426,20.966,9.82,-0.0,5.46
2023-06-17T12:00:00,12,5,6,1,43.29,57.74,318.81,75.75,26.44,14.303,10.11,-0.0,12.137
2023-06-17T13:00:00,13,5,6,1,44.13,50.87,509.76,43.67,28.403,23.908,9.97,-0.0,4.495
2023-06-17T14:00:00,14,5,6,1,43.75,50.18,420.71,48.04,27.294,19.103,9.71,-0.0,8.191
2023-06-17T15:00:00,15,5,6,1,42.3,49.98,372.64,47.9,25.354,17.214,9.95,-0.0,8.14
2023-06-17T16:00:00,16,5,6,1,42.31,49.93,299.89,49.54,25.714,13.082,9.97,-0.0,12.632
2023-06-17T17:00:00,17,5,6,1,41.66,56.73,145.36,68.66,26.469,6.497,10.19,-0.0,19.972
2023-06-17T18:00:00,18,5,6,1,42.49,47.9,64.81,72.17,27.553,2.95,10.01,-0.0,24.603
2023-06-17T19:00:00,19,5,6,1,42.03,57.95,0.0,37.03,28.213,0.019,9.96,-0.0,28.194
2023-06-17T20:00:00,20,5,6,1,39.53,49.66,0.0,45.96,25.917,0.0,9.97,-0.0,25.917
2023-06-17T21:00:00,21,5,6,1,37.98,54.59,0.0,29.95,23.408,0.015,9.62,-0.0,23.393
2023-06-17T22:00:00,22,5,6,1,34.49,52.86,0.0,21.53,21.134,0.0,9.84,-0.0,21.134
2023-06-17T23:00:00,23,5,6,1,33.75,50.92,0.4,47.02,22.639,0.0,9.67,-0.0,22.639
2023-06-18T00:00:00,0,6,6,1,34.4,59.85,0.0,27.35,16.205,0.014,10.27,-0.0,16.191
2023-06-18T01:00:00,1,6,6,1,33.09,60.65,0.0,34.97,16.694,0.0,9.89,-0.0,16.694
2023-06-18T02:00:00,2,6,6,1,30.99,45.18,0.0,12.53,13.594,0.052,10.06,-0.0,13.542
2023-06-18T03:00:00,3,6,6,1,31.88,54.0,0.0,24.69,13.024,0.019,9.81,-0.0,13.005
2023-06-18T04:00:00,4,6,6,1,34.36,50.34,1.32,0.0,13.615,0.0,9.91,-0.0,13.615
2023-06-18T05:00:00,5,6,6,1,31.62,40.45,0.0,0.0,13.192,0.013,9.91,-0.0,13.179
2023-06-18T06:00:00,6,6,6,1,31.73,40.15,163.2,0.0,15.268,7.918,10.04,-0.0,7.35
2023-06-18T07:00:00,7,6,6,1,36.04,46.83,274.54,17.44,19.269,13.287,9.94,-0.0,5.982
2023-06-18T08:00:00,8,6,6,1,37.17,41.19,468.46,0.0,22.25,22.568,10.16,0.318,0.0
2023-06-18T09:00:00,9,6,6,1,38.47,41.82,593.6,0.0,22.977,26.516,13.2,3.539,0.0
2023-06-18T10:00:00,10,6,6,1,39.3,40.02,693.15,0.0,24.397,30.069,19.06,5.672,0.0
2023-06-18T11:00:00,11,6,6,1,39.38,51.11,579.5,34.53,26.466,27.027,19.17,0.561,0.0
2023-06-18T12:00:00,12,6,6,1,40.94,42.09,765.99,5.77,28.236,35.959,26.29,7.723,0.0
2023-06-18T13:00:00,13,6,6,1,42.78,53.34,633.09,20.62,26.616,28.64,28.12,2.024,0.0
2023-06-18T14:00:00,14,6,6,1,43.77,46.37,646.14,8.91,26.793,28.663,30.14,1.87,0.0
2023-06-18T15:00:00,15,6,6,1,44.42,52.99,413.47,35.04,25.977,17.903,21.76,-8.074,0.0
2023-06-18T16:00:00,16,6,6,1,44.47,35.3,465.85,0.0,26.102,21.056,16.74,-5.046,0.0
2023-06-18T17:00:00,17,6,6,1,43.22,42.39,297.98,7.38,25.875,13.528,9.99,-6.85,5.497
2023-06-18T18:00:00,18,6,6,1,43.59,47.27,133.65,15.74,26.946,5.997,10.14,-0.0,20.949
2023-06-18T19:00:00,19,6,6,1,41.49,51.39,0.0,25.01,27.726,0.0,9.96,-0.0,27.726
2023-06-18T20:00:00,20,6,6,1,39.91,44.54,0.0,10.2,27.277,0.011,9.97,-0.0,27.266
2023-06-18T21:00:00,21,6,6,1,37.33,53.84,1.12,57.85,24.435,0.0,9.94,-0.0,24.435
2023-06-18T22:00:00,22,6,6,1,37.26,50.6,0.0,32.32,22.895,0.006,9.89,-0.0,22.889
2023-06-18T23:00:00,23,6,6,1,35.43,50.38,1.57,21.02,20.624,0.021,10.24,-0.0,20.603
2023-06-19T00:00:00,0,0,6,0,34.66,67.2,0.0,48.24,16.575,0.016,9.84,-0.0,16.559
2023-06-19T01:00:00,1,0,6,0,32.97,55.59,0.73,26.38,13.021,0.022,10.02,-0.0,12.999
2023-06-19T02:00:00,2,0,6,0,32.21,53.83,1.66,21.0,11.529,0.062,9.88,-0.0,11.467
2023-06-19T03:00:00,3,0,6,0,30.81,50.12,0.0,34.41,11.912,0.0,10.05,-0.0,11.912
2023-06-19T04:00:00,4,0,6,0,31.26,44.83,0.0,0.0,12.39,0.036,9.95,-0.0,12.354
2023-06-19T05:00:00,5,0,6,0,33.7,54.4,0.63,38.66,15.505,0.006,10.0,-0.0,15.499
2023-06-19T06:00:00,6,0,6,0,32.96,58.45,143.75,18.22,19.435,6.608,9.98,-0.0,12.827
2023-06-19T07:00:00,7,0,6,0,33.24,55.23,229.61,42.07,22.375,11.005,9.8,-0.0,11.37
2023-06-19T08:00:00,8,0,6,0,36.69,57.13,225.73,65.93,25.614,10.522,9.95,-0.0,15.092
2023-06-19T09:00:00,9,0,6,0,38.93,49.62,412.64,43.71,26.699,18.423,9.69,-0.0,8.276
2023-06-19T10:00:00,10,0,6,0,37.69,47.97,349.33,61.39,22.403,17.143,10.0,-0.0,5.26
2023-06-19T11:00:00,11,0,6,0,41.02,55.27,458.16,49.65,23.745,19.48,9.89,-0.0,4.265
2023-06-19T12:00:00,12,0,6,0,43.3,51.92,425.64,58.72,23.069,18.537,9.93,-0.0,4.532
2023-06-19T13:00:00,13,0,6,0,41.03,52.85,548.63,33.2,20.435,24.146,13.38,3.711,0.0
2023-06-19T14:00:00,14,0,6,0,43.06,50.32,505.57,33.54,23.017,22.598,12.98,-0.419,0.0
2023-06-19T15:00:00,15,0,6,0,44.62,45.92,370.75,47.2,23.513,17.049,9.62,-2.995,3.469
2023-06-19T16:00:00,16,0,6,0,43.7,50.58,351.07,35.22,26.67,16.043,9.91,-0.0,10.627
2023-06-19T17:00:00,17,0,6,0,45.82,38.58,290.02,13.58,29.529,12.818,10.0,-0.0,16.711
2023-06-19T18:00:00,18,0,6,0,40.67,46.92,170.0,0.0,31.103,7.293,10.2,-0.0,23.81
2023-06-19T19:00:00,19,0,6,0,40.15,45.8,0.3,0.0,32.047,0.0,10.35,-0.0,32.047
2023-06-19T20:00:00,20,0,6,0,36.02,58.77,0.0,17.82,30.243,0.0,10.26,-0.0,30.243
2023-06-19T21:00:00,21,0,6,0,37.38,46.57,1.04,21.75,29.057,0.018,9.85,-0.0,29.039
2023-06-19T22:00:00,22,0,6,0,35.52,44.09,0.07,13.72,23.8,0.0,10.05,-0.0,23.8
2023-06-19T23:00:00,23,0,6,0,33.98,47.45,0.19,0.0,19.213,0.0,10.13,-0.0,19.213
2023-06-20T00:00:00,0,1,6,0,34.25,56.68,0.0,28.48,16.422,0.017,10.07,-0.0,16.405
2023-06-20T01:00:00,1,1,6,0,33.73,40.61,0.0,33.02,14.632,0.005,9.96,-0.0,14.627
2023-06-20T02:00:00,2,1,6,0,31.91,61.67,0.82,44.26,11.3,0.0,10.01,-0.0,11.3
2023-06-20T03:00:00,3,1,6,0,30.21,61.16,0.88,70.76,10.872,0.0,10.03,-0.0,10.872
2023-06-20T04:00:00,4,1,6,0,33.55,51.04,0.0,46.66,12.821,0.008,9.88,-0.0,12.813
2023-06-20T05:00:00,5,1,6,0,32.25,57.77,0.0,61.03,14.326,0.026,10.01,-0.0,14.3
2023-06-20T06:00:00,6,1,6,0,32.42,52.31,117.71,37.64,17.725,5.349,9.79,-0.0,12.376
2023-06-20T07:00:00,7,1,6,0,32.9,51.21,188.52,48.2,21.983,8.874,10.33,-0.0,13.109
2023-06-20T08:00:00,8,1,6,0,35.91,44.44,334.58,37.88,24.344,15.518,9.92,-0.0,8.826
2023-06-20T09:00:00,9,1,6,0,39.56,56.98,371.68,45.89,26.401,15.695,10.06,-0.0,10.706
2023-06-20T10:00:00,10,1,6,0,42.49,50.07,425.7,53.6,26.82,18.744,10.02,-0.0,8.076
2023-06-20T11:00:00,11,1,6,0,41.85,48.19,574.99,33.07,25.124,26.295,11.08,1.171,0.0
2023-06-20T12:00:00,12,1,6,0,41.66,53.63,602.9,27.47,20.888,26.923,16.71,6.035,0.0
2023-06-20T13:00:00,13,1,6,0,42.34,47.7,637.65,16.72,23.473,27.391,20.39,3.918,0.0
2023-06-20T14:00:00,14,1,6,0,45.2,38.23,607.81,17.91,26.483,27.434,21.11,0.951,0.0
2023-06-20T15:00:00,15,1,6,0,42.82,52.87,451.07,32.4,23.181,18.936,16.97,-4.245,0.0
2023-06-20T16:00:00,16,1,6,0,45.35,56.59,357.65,39.45,27.009,15.899,10.06,-6.864,4.246
2023-06-20T17:00:00,17,1,6,0,44.47,46.26,343.35,0.0,30.012,14.911,9.79,-0.0,15.101
2023-06-20T18:00:00,18,1,6,0,42.84,41.86,153.34,10.32,31.125,6.939,9.99,-0.0,24.186
2023-06-20T19:00:00,19,1,6,0,40.94,38.32,0.0,0.0,34.207,0.0,9.95,-0.0,34.207
2023-06-20T20:00:00,20,1,6,0,40.03,41.67,1.49,0.0,32.451,0.006,10.08,-0.0,32.445
2023-06-20T21:00:00,21,1,6,0,37.69,48.39,0.0,2.73,29.825,0.044,10.09,-0.0,29.781
2023-06-20T22:00:00,22,1,6,0,34.24,58.54,0.03,13.59,24.938,0.019,10.01,-0.0,24.919
2023-06-20T23:00:00,23,1,6,0,36.38,45.35,0.0,6.35,22.898,0.0,10.05,-0.0,22.898
2023-06-21T00:00:00,0,2,6,0,33.93,49.78,0.47,23.23,15.111,0.0,10.01,-0.0,15.111
2023-06-21T01:00:00,1,2,6,0,33.04,57.8,0.0,17.78,14.6,0.0,9.9,-0.0,14.6
2023-06-21T02:00:00,2,2,6,0,29.52,54.08,0.0,28.6,10.653,0.002,10.18,-0.0,10.651
2023-06-21T03:00:00,3,2,6,0,33.35,60.06,1.64,10.87,11.744,0.0,10.08,-0.0,11.744
2023-06-21T04:00:00,4,2,6,0,33.6,52.5,0.0,23.43,13.507,0.0,10.28,-0.0,13.507
2023-06-21T05:00:00,5,2,6,0,31.65,59.87,0.0,21.59,15.431,0.0,9.97,-0.0,15.431
2023-06-21T06:00:00,6,2,6,0,34.12,56.84,125.69,36.63,18.857,5.959,9.91,-0.0,12.898
2023-06-21T07:00:00,7,2,6,0,36.41,58.07,219.25,42.41,25.776,9.707,9.68,-0.0,16.069
2023-06-21T08:00:00,8,2,6,0,36.25,50.57,400.9,21.29,26.177,19.659,10.34,-0.0,6.518
2023-06-21T09:00:00,9,2,6,0,38.84,48.16,548.62,12.53,25.285,25.362,10.15,0.077,0.0
2023-06-21T10:00:00,10,2,6,0,38.05,51.46,624.76,13.94,23.017,27.508,14.32,4.491,0.0
2023-06-21T11:00:00,11,2,6,0,39.97,57.23,488.34,46.84,21.49,23.082,15.92,1.592,0.0
2023-06-21T12:00:00,12,2,6,0,43.63,54.54,471.3,51.38,24.675,20.119,11.13,-4.556,0.0
2023-06-21T13:00:00,13,2,6,0,45.53,39.35,558.6,33.48,24.597,24.619,11.02,0.022,0.0
2023-06-21T14:00:00,14,2,6,0,44.17,45.78,664.31,3.9,23.389,29.561,16.94,6.172,0.0
2023-06-21T15:00:00,15,2,6,0,43.64,47.89,384.78,46.51,24.668,16.847,9.96,-6.81,1.011
2023-06-21T16:00:00,16,2,6,0,43.28,46.21,373.78,30.31,24.459,16.559,9.72,-0.0,7.9
2023-06-21T17:00:00,17,2,6,0,45.35,48.66,281.78,20.74,28.131,12.452,10.23,-0.0,15.679
2023-06-21T18:00:00,18,2,6,0,40.8,55.39,164.84,7.61,29.1,7.134,9.83,-0.0,21.966
2023-06-21T19:00:00,19,2,6,0,41.73,47.53,1.58,22.92,31.585,0.0,9.89,-0.0,31.585
2023-06-21T20:00:00,20,2,6,0,40.88,59.63,1.12,26.96,31.961,0.0,10.11,-0.0,31.961
2023-06-21T21:00:00,21,2,6,0,37.45,47.54,0.68,36.12,29.261,0.055,9.7,-0.0,29.206
2023-06-21T22:00:00,22,2,6,0,37.3,56.62,0.58,18.54,25.756,0.0,10.01,-0.0,25.756
2023-06-21T23:00:00,23,2,6,0,33.99,55.57,0.56,26.07,19.245,0.032,10.04,-0.0,19.213
2023-06-22T00:00:00,0,3,6,0,33.82,51.64,0.0,6.62,13.186,0.022,10.16,-0.0,13.164
2023-06-22T01:00:00,1,3,6,0,32.04,63.35,1.65,39.03,12.946,0.014,10.09,-0.0,12.932
2023-06-22T02:00:00,2,3,6,0,33.08,50.74,0.0,26.12,13.676,0.0,10.11,-0.0,13.676
2023-06-22T03:00:00,3,3,6,0,30.35,60.51,0.0,17.44,12.265,0.02,10.13,-0.0,12.245
2023-06-22T04:00:00,4,3,6,0,31.86,49.64,0.0,0.0,13.061,0.038,10.22,-0.0,13.023
2023-06-22T05:00:00,5,3,6,0,32.26,50.33,0.0,20.56,13.759,0.023,9.93,-0.0,13.736
2023-06-22T06:00:00,6,3,6,0,31.74,44.11,156.56,0.0,18.648,7.467,9.85,-0.0,11.181
2023-06-22T07:00:00,7,3,6,0,33.89,57.95,309.96,3.07,23.223,13.376,9.86,-0.0,9.847
2023-06-22T08:00:00,8,3,6,0,38.3,52.84,481.04,0.0,28.033,21.566,10.09,-0.0,6.467
2023-06-22T09:00:00,9,3,6,0,38.04,45.08,564.78,1.26,25.042,26.927,11.69,1.885,0.0
2023-06-22T10:00:00,10,3,6,0,38.26,51.62,630.22,11.54,23.999,30.067,17.22,6.068,0.0
2023-06-22T11:00:00,11,3,6,0,41.54,46.04,757.65,0.35,24.012,35.513,28.06,11.501,0.0
2023-06-22T12:00:00,12,3,6,0,42.23,48.09,611.54,32.5,20.97,26.153,32.75,5.183,0.0
2023-06-22T13:00:00,13,3,6,0,47.78,48.82,677.1,13.83,24.602,28.259,36.26,3.657,0.0
2023-06-22T14:00:00,14,3,6,0,45.01,40.32,700.16,0.0,22.246,30.383,43.56,8.137,0.0
2023-06-22T15:00:00,15,3,6,0,43.1,33.54,594.29,0.0,22.658,26.472,47.11,3.814,0.0
2023-06-22T16:00:00,16,3,6,0,46.89,45.89,444.29,14.51,27.181,18.959,38.74,-8.222,0.0
2023-06-22T17:00:00,17,3,6,0,41.28,49.01,262.74,21.22,25.549,11.097,24.03,-14.452,0.0
2023-06-22T18:00:00,18,3,6,0,43.01,48.14,128.83,43.72,32.921,5.925,9.92,-14.351,12.645
2023-06-22T19:00:00,19,3,6,0,44.19,43.18,0.0,24.99,36.188,0.007,9.89,-0.0,36.181
2023-06-22T20:00:00,20,3,6,0,39.16,39.01,0.0,0.97,32.039,0.002,9.8,-0.0,32.037
2023-06-22T21:00:00,21,3,6,0,35.27,49.07,0.0,13.86,26.718,0.0,10.02,-0.0,26.718
2023-06-22T22:00:00,22,3,6,0,35.27,46.78,0.56,15.67,23.787,0.004,10.14,-0.0,23.783
2023-06-22T23:00:00,23,3,6,0,36.5,56.87,0.0,26.17,23.185,0.013,9.93,-0.0,23.172
2023-06-23T00:00:00,0,4,6,0,34.21,54.36,0.82,15.98,16.297,0.003,10.06,-0.0,16.294
2023-06-23T01:00:00,1,4,6,0,30.96,55.2,1.08,42.98,10.819,0.0,9.91,-0.0,10.819
2023-06-23T02:00:00,2,4,6,0,31.1,54.56,3.86,5.65,9.558,0.001,9.98,-0.0,9.557
2023-06-23T03:00:00,3,4,6,0,29.56,56.11,0.0,31.35,9.917,0.039,9.91,-0.0,9.878
2023-06-23T04:00:00,4,4,6,0,31.97,54.4,0.0,34.19,12.807,0.006,10.04,-0.0,12.801
2023-06-23T05:00:00,5,4,6,0,34.66,56.02,0.0,47.71,14.314,0.006,10.09,-0.0,14.308
2023-06-23T06:00:00,6,4,6,0,34.65,64.36,73.7,42.41,19.221,3.448,10.26,-0.0,15.773
2023-06-23T07:00:00,7,4,6,0,34.9,53.05,290.06,5.5,21.5,13.456,9.91,-0.0,8.044
2023-06-23T08:00:00,8,4,6,0,34.22,53.95,324.39,40.44,24.984,15.28,9.97,-0.0,9.704
2023-06-23T09:00:00,9,4,6,0,34.73,58.1,449.09,30.21,24.441,19.315,10.17,-0.0,5.126
2023-06-23T10:00:00,10,4,6,0,39.84,55.73,510.99,34.32,26.178,22.829,9.95,-0.0,3.349
2023-06-23T11:00:00,11,4,6,0,40.0,48.37,718.65,5.78,22.065,31.312,18.58,9.247,0.0
2023-06-23T12:00:00,12,4,6,0,41.98,47.72,598.22,28.37,21.928,26.612,22.74,4.684,0.0
2023-06-23T13:00:00,13,4,6,0,43.76,42.54,736.28,2.52,24.535,30.746,28.59,6.211,0.0
2023-06-23T14:00:00,14,4,6,0,41.6,43.02,599.26,20.53,22.762,25.805,31.42,3.043,0.0
2023-06-23T15:00:00,15,4,6,0,42.32,51.08,442.19,35.0,23.169,20.819,29.18,-2.35,0.0
2023-06-23T16:00:00,16,4,6,0,44.72,43.82,415.36,21.78,25.766,19.111,22.21,-6.655,0.0
2023-06-23T17:00:00,17,4,6,0,44.56,45.18,265.44,24.47,30.816,12.144,10.07,-12.325,6.347
2023-06-23T18:00:00,18,4,6,0,43.29,52.25,96.49,31.58,31.046,4.514,9.98,-0.0,26.532
2023-06-23T19:00:00,19,4,6,0,41.69,56.71,0.0,20.0,31.949,0.0,9.75,-0.0,31.949
2023-06-23T20:00:00,20,4,6,0,39.73,48.9,0.0,4.54,32.285,0.021,9.91,-0.0,32.264
2023-06-23T21:00:00,21,4,6,0,36.4,50.95,0.0,21.95,27.714,0.014,9.89,-0.0,27.7
2023-06-23T22:00:00,22,4,6,0,33.89,52.02,0.0,17.04,24.403,0.013,10.06,-0.0,24.39
2023-06-23T23:00:00,23,4,6,0,33.97,55.91,0.36,4.72,20.36,0.014,9.87,-0.0,20.346
2023-06-24T00:00:00,0,5,6,1,34.17,54.22,0.0,19.2,17.346,0.0,10.01,-0.0,17.346
2023-06-24T01:00:00,1,5,6,1,33.05,51.3,0.85,2.08,12.095,0.0,10.0,-0.0,12.095
2023-06-24T02:00:00,2,5,6,1,29.38,53.37,1.28,0.0,11.745,0.037,10.1,-0.0,11.708
2023-06-24T03:00:00,3,5,6,1,29.65,44.75,0.0,0.0,13.454,0.0,9.93,-0.0,13.454
2023-06-24T04:00:00,4,5,6,1,33.26,51.86,2.1,0.0,12.815,0.0,9.78,-0.0,12.815
2023-06-24T05:00:00,5,5,6,1,32.29,46.47,0.6,2.68,14.027,0.0,10.14,-0.0,14.027
2023-06-24T06:00:00,6,5,6,1,31.47,52.87,157.04,0.0,16.192,7.108,9.92,-0.0,9.084
2023-06-24T07:00:00,7,5,6,1,37.65,43.81,318.2,0.0,19.747,14.622,10.16,-0.0,5.125
2023-06-24T08:00:00,8,5,6,1,35.9,51.47,484.37,0.39,21.811,22.43,10.57,0.619,0.0
2023-06-24T09:00:00,9,5,6,1,36.94,48.6,573.81,9.86,22.217,26.015,14.07,3.798,0.0
2023-06-24T10:00:00,10,5,6,1,40.73,40.56,676.63,3.26,25.849,27.586,15.75,1.737,0.0
2023-06-24T11:00:00,11,5,6,1,40.89,47.13,638.11,19.16,27.075,28.855,17.4,1.78,0.0
2023-06-24T12:00:00,12,5,6,1,40.86,60.35,639.44,23.92,24.903,28.987,21.05,4.084,0.0
2023-06-24T13:00:00,13,5,6,1,46.57,31.63,728.99,2.72,27.711,30.914,23.94,3.203,0.0
2023-06-24T14:00:00,14,5,6,1,45.31,47.28,569.1,21.14,28.158,25.6,21.44,-2.558,0.0
2023-06-24T15:00:00,15,5,6,1,45.31,41.27,500.98,20.29,25.762,22.283,17.7,-3.479,0.0
2023-06-24T16:00:00,16,5,6,1,44.59,54.51,383.33,26.34,26.378,17.201,10.15,-7.966,1.211
2023-06-24T17:00:00,17,5,6,1,42.54,48.88,315.93,0.0,26.805,13.914,9.87,-0.0,12.891
2023-06-24T18:00:00,18,5,6,1,43.81,49.02,125.34,26.55,27.553,5.231,9.92,-0.0,22.322
2023-06-24T19:00:00,19,5,6,1,39.55,54.9,0.0,25.81,26.348,0.0,9.94,-0.0,26.348
2023-06-24T20:00:00,20,5,6,1,40.56,50.67,0.0,23.73,28.66,0.034,10.06,-0.0,28.626
2023-06-24T21:00:00,21,5,6,1,35.73,51.74,0.0,21.08,26.354,0.008,9.98,-0.0,26.346
2023-06-24T22:00:00,22,5,6,1,33.54,50.21,2.36,23.03,21.631,0.024,10.1,-0.0,21.607
2023-06-24T23:00:00,23,5,6,1,35.46,48.83,1.98,12.92,20.699,0.0,10.08,-0.0,20.699
2023-06-25T00:00:00,0,6,6,1,31.94,48.36,2.4,0.36,16.03,0.0,9.88,-0.0,16.03
2023-06-25T01:00:00,1,6,6,1,29.48,55.38,2.79,22.3,12.094,0.0,9.88,-0.0,12.094
2023-06-25T02:00:00,2,6,6,1,32.5,47.76,2.06,45.98,15.273,0.034,9.96,-0.0,15.239
2023-06-25T03:00:00,3,6,6,1,33.41,56.03,0.36,7.04,13.297,0.005,10.11,-0.0,13.292
2023-06-25T04:00:00,4,6,6,1,33.56,60.29,0.84,5.42,13.702,0.001,10.08,-0.0,13.701
2023-06-25T05:00:00,5,6,6,1,31.58,49.51,0.0,5.6,12.815,0.006,10.1,-0.0,12.809
2023-06-25T06:00:00,6,6,6,1,33.77,57.91,151.6,16.08,15.6,7.065,9.96,-0.0,8.535
2023-06-25T07:00:00,7,6,6,1,36.1,49.27,279.27,10.62,20.748,12.316,10.15,-0.0,8.432
2023-06-25T08:00:00,8,6,6,1,37.91,44.34,477.59,0.0,22.432,20.64,10.05,-0.0,1.792
2023-06-25T09:00:00,9,6,6,1,36.68,47.8,550.81,11.22,22.681,23.714,10.86,1.033,0.0
2023-06-25T10:00:00,10,6,6,1,39.6,54.29,428.64,49.59,27.524,19.947,9.96,-0.95,6.627
2023-06-25T11:00:00,11,6,6,1,40.98,52.15,368.83,67.27,26.516,17.177,10.12,-0.0,9.339
2023-06-25T12:00:00,12,6,6,1,43.22,57.39,372.36,66.22,27.383,17.008,10.23,-0.0,10.375
2023-06-25T13:00:00,13,6,6,1,42.22,48.74,516.0,42.4,24.99,24.057,9.74,-0.0,0.933
2023-06-25T14:00:00,14,6,6,1,43.28,41.6,630.43,17.1,25.146,29.305,13.87,4.159,0.0
2023-06-25T15:00:00,15,6,6,1,46.81,45.09,516.71,18.23,26.424,21.437,9.76,-3.826,1.161
2023-06-25T16:00:00,16,6,6,1,45.96,41.07,413.24,10.78,26.238,18.809,9.89,-0.0,7.429
2023-06-25T17:00:00,17,6,6,1,44.0,44.76,284.09,15.97,26.022,12.649,10.07,-0.0,13.373
2023-06-25T18:00:00,18,6,6,1,44.3,49.66,105.19,40.64,27.408,4.969,10.02,-0.0,22.439
2023-06-25T19:00:00,19,6,6,1,40.13,44.84,0.36,36.1,27.137,0.0,9.88,-0.0,27.137
2023-06-25T20:00:00,20,6,6,1,41.82,59.46,1.12,46.41,27.621,0.042,9.93,-0.0,27.579
2023-06-25T21:00:00,21,6,6,1,38.46,56.68,1.15,37.13,27.292,0.041,10.14,-0.0,27.251
2023-06-25T22:00:00,22,6,6,1,41.27,44.22,0.0,12.46,26.426,0.024,10.01,-0.0,26.402
2023-06-25T23:00:00,23,6,6,1,33.03,55.53,0.0,37.31,19.051,0.022,10.0,-0.0,19.029
2023-06-26T00:00:00,0,0,6,0,32.44,58.91,0.0,35.8,15.134,0.0,10.15,-0.0,15.134
2023-06-26T01:00:00,1,0,6,0,32.12,55.26,0.71,24.56,13.602,0.011,10.12,-0.0,13.591
2023-06-26T02:00:00,2,0,6,0,31.96,63.55,0.0,23.53,14.046,0.0,9.94,-0.0,14.046
2023-06-26T03:00:00,3,0,6,0,34.02,48.29,1.0,0.0,14.27,0.0,10.09,-0.0,14.27
2023-06-26T04:00:00,4,0,6,0,30.56,60.3,0.0,19.8,12.153,0.0,9.96,-0.0,12.153
2023-06-26T05:00:00,5,0,6,0,33.2,46.12,2.04,19.04,17.307,0.012,10.01,-0.0,17.295
2023-06-26T06:00:00,6,0,6,0,34.98,49.36,138.95,42.01,20.243,6.027,9.74,-0.0,14.216
2023-06-26T07:00:00,7,0,6,0,36.32,60.59,248.09,26.29,24.787,11.31,9.91,-0.0,13.477
2023-06-26T08:00:00,8,0,6,0,35.04,52.81,323.18,40.3,27.08,16.106,10.02,-0.0,10.974
2023-06-26T09:00:00,9,0,6,0,40.3,44.13,467.11,26.24,28.208,21.704,9.83,-0.0,6.504
2023-06-26T10:00:00,10,0,6,0,41.49,51.02,482.6,39.16,25.448,21.274,9.95,-0.0,4.174
2023-06-26T11:00:00,11,0,6,0,42.47,58.97,449.29,52.06,23.483,20.305,9.76,-0.0,3.178
2023-06-26T12:00:00,12,0,6,0,42.46,43.72,662.01,17.89,20.361,32.158,20.96,11.797,0.0
2023-06-26T13:00:00,13,0,6,0,43.72,46.37,682.74,16.15,21.016,30.529,29.81,9.513,0.0
2023-06-26T14:00:00,14,0,6,0,43.97,40.02,521.73,35.21,23.218,22.422,28.66,-0.796,0.0
2023-06-26T15:00:00,15,0,6,0,45.5,45.03,461.19,28.0,24.26,20.371,24.68,-3.889,0.0
2023-06-26T16:00:00,16,0,6,0,44.61,52.74,385.96,27.28,26.061,17.456,16.4,-8.605,0.0
2023-06-26T17:00:00,17,0,6,0,42.49,47.57,207.56,44.42,28.925,9.401,10.04,-6.315,13.209
2023-06-26T18:00:00,18,0,6,0,41.57,46.33,82.9,49.03,30.056,3.904,10.07,-0.0,26.152
2023-06-26T19:00:00,19,0,6,0,39.89,50.21,0.0,52.19,30.85,0.0,10.11,-0.0,30.85
2023-06-26T20:00:00,20,0,6,0,40.31,50.63,2.21,51.02,31.386,0.017,10.02,-0.0,31.369
2023-06-26T21:00:00,21,0,6,0,38.37,54.72,0.0,25.37,28.063,0.015,10.2,-0.0,28.048
2023-06-26T22:00:00,22,0,6,0,36.83,54.51,0.91,31.16,23.44,0.025,10.22,-0.0,23.415
2023-06-26T23:00:00,23,0,6,0,35.37,53.52,0.0,12.71,21.006,0.0,10.29,-0.0,21.006
2023-06-27T00:00:00,0,1,6,0,32.81,53.41,0.0,20.76,16.533,0.0,10.31,-0.0,16.533
2023-06-27T01:00:00,1,1,6,0,33.7,46.57,1.61,0.0,14.981,0.041,9.89,-0.0,14.94
2023-06-27T02:00:00,2,1,6,0,31.34,53.56,1.35,43.19,12.927,0.0,10.16,-0.0,12.927
2023-06-27T03:00:00,3,1,6,0,30.95,56.91,0.0,23.83,11.919,0.001,10.03,-0.0,11.918
2023-06-27T04:00:00,4,1,6,0,31.55,58.79,0.0,0.0,11.26,0.024,9.71,-0.0,11.236
2023-06-27T05:00:00,5,1,6,0,30.09,53.91,0.0,46.43,16.138,0.0,10.08,-0.0,16.138
2023-06-27T06:00:00,6,1,6,0,31.62,46.03,165.68,2.04,17.432,8.113,9.89,-0.0,9.319
2023-06-27T07:00:00,7,1,6,0,35.68,42.93,332.76,0.25,24.627,15.633,10.0,-0.0,8.994
2023-06-27T08:00:00,8,1,6,0,33.95,53.94,459.65,1.71,22.365,21.938,9.83,-0.0,0.427
2023-06-27T09:00:00,9,1,6,0,38.95,48.94,530.16,15.83,26.425,22.932,10.2,-0.0,3.493
2023-06-27T10:00:00,10,1,6,0,41.56,48.92,649.64,5.31,25.06,27.385,12.0,2.325,0.0
2023-06-27T11:00:00,11,1,6,0,40.67,44.87,696.91,10.54,22.285,30.947,20.0,8.662,0.0
2023-06-27T12:00:00,12,1,6,0,42.43,50.23,691.19,15.2,21.024,31.821,30.21,10.797,0.0
2023-06-27T13:00:00,13,1,6,0,45.24,43.87,686.68,13.24,24.1,31.259,36.67,7.159,0.0
2023-06-27T14:00:00,14,1,6,0,43.16,36.74,688.36,0.0,24.243,29.709,41.93,5.466,0.0
2023-06-27T15:00:00,15,1,6,0,46.64,49.8,512.92,17.59,27.808,21.72,35.7,-6.088,0.0
2023-06-27T16:00:00,16,1,6,0,43.22,44.89,464.87,4.29,27.09,21.534,30.18,-5.556,0.0
2023-06-27T17:00:00,17,1,6,0,42.29,43.8,334.31,2.77,29.088,15.037,15.8,-14.051,0.0
2023-06-27T18:00:00,18,1,6,0,40.93,49.79,136.92,17.97,32.433,5.707,10.05,-5.961,20.765
2023-06-27T19:00:00,19,1,6,0,42.14,41.31,0.0,23.39,35.83,0.0,10.27,-0.0,35.83
2023-06-27T20:00:00,20,1,6,0,40.85,51.0,0.0,20.73,32.096,0.044,9.84,-0.0,32.052
2023-06-27T21:00:00,21,1,6,0,36.95,53.95,0.0,60.35,28.642,0.0,10.0,-0.0,28.642
2023-06-27T22:00:00,22,1,6,0,34.96,55.32,0.0,47.49,22.261,0.039,9.99,-0.0,22.222
2023-06-27T23:00:00,23,1,6,0,33.0,64.95,0.0,61.39,20.248,0.01,10.04,-0.0,20.238
2023-06-28T00:00:00,0,2,6,0,34.08,60.77,0.0,53.99,15.268,0.022,10.11,-0.0,15.246
2023-06-28T01:00:00,1,2,6,0,35.07,55.29,0.0,48.39,14.888,0.022,10.02,-0.0,14.866
2023-06-28T02:00:00,2,2,6,0,32.2,51.98,0.0,13.31,12.341,0.0,10.3,-0.0,12.341
2023-06-28T03:00:00,3,2,6,0,32.03,42.12,0.0,28.89,9.527,0.014,9.65,-0.0,9.513
2023-06-28T04:00:00,4,2,6,0,31.69,52.31,0.0,37.62,10.6,0.042,9.6,-0.0,10.558
2023-06-28T05:00:00,5,2,6,0,31.48,56.62,1.23,32.69,15.379,0.029,9.96,-0.0,15.35
2023-06-28T06:00:00,6,2,6,0,32.62,48.4,161.37,13.03,17.59,7.345,10.19,-0.0,10.245
2023-06-28T07:00:00,7,2,6,0,34.47,42.61,321.89,0.0,24.233,14.034,9.98,-0.0,10.199
2023-06-28T08:00:00,8,2,6,0,38.88,49.22,478.21,0.0,27.361,21.412,9.94,-0.0,5.949
2023-06-28T09:00:00,9,2,6,0,35.18,55.39,625.32,0.0,22.704,28.039,14.62,5.335,0.0
2023-06-28T10:00:00,10,2,6,0,40.15,42.73,687.63,1.48,22.933,30.868,22.16,7.935,0.0
2023-06-28T11:00:00,11,2,6,0,40.14,56.71,511.05,41.45,21.548,22.562,23.06,1.014,0.0
2023-06-28T12:00:00,12,2,6,0,41.48,51.48,672.23,16.48,21.023,30.615,31.94,9.592,0.0
2023-06-28T13:00:00,13,2,6,0,45.27,41.79,627.24,22.48,23.801,27.326,35.19,3.525,0.0
2023-06-28T14:00:00,14,2,6,0,43.93,45.67,512.28,35.15,23.602,21.442,33.15,-2.16,0.0
2023-06-28T15:00:00,15,2,6,0,43.33,60.43,375.1,46.96,24.052,16.321,25.25,-7.731,0.0
2023-06-28T16:00:00,16,2,6,0,43.89,43.03,382.27,30.34,25.896,16.249,15.54,-9.647,0.0
2023-06-28T17:00:00,17,2,6,0,44.39,49.64,166.41,59.3,29.824,7.864,10.0,-5.671,16.289
2023-06-28T18:00:00,18,2,6,0,41.02,57.67,145.68,14.67,31.706,6.555,10.0,-0.0,25.151
2023-06-28T19:00:00,19,2,6,0,39.06,43.87,0.0,0.0,31.105,0.025,9.82,-0.0,31.08
2023-06-28T20:00:00,20,2,6,0,37.84,54.15,0.0,0.0,29.405,0.016,10.06,-0.0,29.389
2023-06-28T21:00:00,21,2,6,0,39.35,41.45,0.0,0.0,28.938,0.0,9.81,-0.0,28.938
2023-06-28T22:00:00,22,2,6,0,35.95,51.8,0.0,17.87,24.301,0.0,10.1,-0.0,24.301
2023-06-28T23:00:00,23,2,6,0,34.85,54.46,0.0,0.0,20.095,0.034,9.92,-0.0,20.061
2023-06-29T00:00:00,0,3,6,0,32.97,47.73,0.0,0.0,15.625,0.0,9.83,-0.0,15.625
2023-06-29T01:00:00,1,3,6,0,31.42,56.24,0.0,32.15,11.585,0.0,10.42,-0.0,11.585
2023-06-29T02:00:00,2,3,6,0,33.59,58.88,0.0,36.19,15.145,0.003,10.02,-0.0,15.142
2023-06-29T03:00:00,3,3,6,0,31.23,51.95,0.63,36.29,12.695,0.0,10.16,-0.0,12.695
2023-06-29T04:00:00,4,3,6,0,30.5,68.57,0.0,39.61,11.622,0.0,9.99,-0.0,11.622
2023-06-29T05:00:00,5,3,6,0,33.93,58.21,0.77,23.25,14.945,0.0,10.2,-0.0,14.945
2023-06-29T06:00:00,6,3,6,0,32.15,55.41,122.64,44.55,17.906,5.8,10.11,-0.0,12.106
2023-06-29T07:00:00,7,3,6,0,33.53,53.59,221.99,33.35,23.853,10.363,9.96,-0.0,13.49
2023-06-29T08:00:00,8,3,6,0,35.73,61.84,400.14,24.87,25.367,18.886,10.15,-0.0,6.481
2023-06-29T09:00:00,9,3,6,0,37.67,50.0,452.32,28.62,25.179,20.894,10.18,-0.0,4.285
2023-06-29T10:00:00,10,3,6,0,40.75,43.92,664.3,3.26,24.798,30.061,14.78,5.263,0.0
2023-06-29T11:00:00,11,3,6,0,43.73,51.59,679.84,11.39,22.881,29.711,21.12,6.83,0.0
2023-06-29T12:00:00,12,3,6,0,42.25,39.32,723.97,9.05,23.65,31.656,28.8,8.006,0.0
2023-06-29T13:00:00,13,3,6,0,40.79,50.23,559.82,32.38,22.118,25.611,31.73,3.493,0.0
2023-06-29T14:00:00,14,3,6,0,44.26,48.27,546.0,26.63,24.503,24.307,31.68,-0.196,0.0
2023-06-29T15:00:00,15,3,6,0,44.48,42.92,509.0,18.01,25.834,23.686,29.48,-2.148,0.0
2023-06-29T16:00:00,16,3,6,0,43.83,37.98,424.53,11.42,24.742,18.672,23.45,-6.07,0.0
2023-06-29T17:00:00,17,3,6,0,44.38,45.58,290.47,9.65,28.863,12.445,10.15,-13.291,3.127
2023-06-29T18:00:00,18,3,6,0,42.06,49.07,155.77,3.72,31.071,6.61,9.59,-0.0,24.461
2023-06-29T19:00:00,19,3,6,0,41.67,42.21,0.0,2.14,35.306,0.0,9.92,-0.0,35.306
2023-06-29T20:00:00,20,3,6,0,39.75,40.54,0.0,0.65,32.051,0.0,9.95,-0.0,32.051
2023-06-29T21:00:00,21,3,6,0,36.94,56.7,0.0,16.91,26.39,0.002,10.04,-0.0,26.388
2023-06-29T22:00:00,22,3,6,0,35.58,53.42,0.0,14.32,23.5,0.023,9.87,-0.0,23.477
2023-06-29T23:00:00,23,3,6,0,38.56,47.53,0.0,15.65,23.688,0.0,9.98,-0.0,23.688
2023-06-30T00:00:00,0,4,6,0,33.36,57.04,0.0,17.19,15.729,0.0,9.81,-0.0,15.729
2023-06-30T01:00:00,1,4,6,0,32.12,51.74,1.68,0.0,13.333,0.0,9.7,-0.0,13.333
2023-06-30T02:00:00,2,4,6,0,29.66,60.84,0.32,0.0,10.827,0.009,10.4,-0.0,10.818
2023-06-30T03:00:00,3,4,6,0,32.35,56.25,0.0,16.8,12.823,0.025,9.94,-0.0,12.798
2023-06-30T04:00:00,4,4,6,0,29.5,46.45,1.59,9.48,12.118,0.021,10.19,-0.0,12.097
2023-06-30T05:00:00,5,4,6,0,30.73,51.83,4.3,25.52,14.264,0.007,10.13,-0.0,14.257
2023-06-30T06:00:00,6,4,6,0,34.11,48.28,148.66,12.68,18.767,7.0,9.94,-0.0,11.767
2023-06-30T07:00:00,7,4,6,0,35.52,52.03,298.15,12.13,23.651,13.986,10.23,-0.0,9.665
2023-06-30T08:00:00,8,4,6,0,36.0,51.68,369.95,32.0,25.353,16.715,9.87,-0.0,8.638
2023-06-30T09:00:00,9,4,6,0,35.75,45.15,520.71,14.98,25.9,22.981,9.99,-0.0,2.919
2023-06-30T10:00:00,10,4,6,0,42.08,50.61,624.85,17.43,25.39,30.291,14.6,4.901,0.0
2023-06-30T11:00:00,11,4,6,0,40.46,51.16,715.71,1.41,21.435,30.843,23.17,9.408,0.0
2023-06-30T12:00:00,12,4,6,0,44.86,47.4,619.99,29.25,26.388,26.676,23.41,0.288,0.0
2023-06-30T13:00:00,13,4,6,0,44.89,48.83,581.86,28.46,22.888,25.738,25.76,2.85,0.0
2023-06-30T14:00:00,14,4,6,0,45.46,40.76,618.28,16.0,23.184,28.07,30.66,4.886,0.0
2023-06-30T15:00:00,15,4,6,0,43.41,41.71,622.72,0.0,22.398,27.543,35.42,5.145,0.0
2023-06-30T16:00:00,16,4,6,0,44.0,41.59,484.84,0.0,24.949,21.53,31.79,-3.419,0.0
2023-06-30T17:00:00,17,4,6,0,42.19,52.22,255.45,29.54,28.463,11.663,15.2,-16.8,0.0
2023-06-30T18:00:00,18,4,6,0,42.1,48.94,146.31,17.41,29.458,7.277,10.04,-5.061,17.12
2023-06-30T19:00:00,19,4,6,0,40.65,48.37,0.0,27.86,33.179,0.032,10.17,-0.0,33.147
2023-06-30T20:00:00,20,4,6,0,36.87,49.2,0.0,20.81,30.282,0.0,10.12,-0.0,30.282
2023-06-30T21:00:00,21,4,6,0,38.14,44.58,1.0,48.0,28.127,0.0,9.96,-0.0,28.127
2023-06-30T22:00:00,22,4,6,0,35.85,62.42,0.0,39.37,22.242,0.0,10.31,-0.0,22.242
2023-06-30T23:00:00,23,4,6,0,33.88,44.68,0.0,36.96,20.09,0.027,9.87,-0.0,20.063
2023-07-01T00:00:00,0,5,7,1,30.65,88.96,1.43,70.06,12.519,0.016,9.55,-0.0,12.503
2023-07-01T01:00:00,1,5,7,1,31.35,88.75,0.0,84.06,13.668,0.024,9.61,-0.0,13.644
2023-07-01T02:00:00,2,5,7,1,28.35,84.59,0.0,55.4,11.922,0.0,10.07,-0.0,11.922
2023-07-01T03:00:00,3,5,7,1,25.82,87.82,0.0,59.09,8.439,0.005,9.66,-0.0,8.434
2023-07-01T04:00:00,4,5,7,1,29.04,82.17,0.49,55.03,12.444,0.0,9.9,-0.0,12.444
2023-07-01T05:00:00,5,5,7,1,31.09,90.76,0.0,75.98,11.499,0.0,10.17,-0.0,11.499
2023-07-01T06:00:00,6,5,7,1,30.41,84.33,28.54,96.15,16.684,1.316,9.62,-0.0,15.368
2023-07-01T07:00:00,7,5,7,1,31.39,89.99,114.85,82.79,16.646,5.142,9.96,-0.0,11.504
2023-07-01T08:00:00,8,5,7,1,34.83,81.32,205.02,71.14,19.412,9.53,9.99,-0.0,9.882
2023-07-01T09:00:00,9,5,7,1,33.03,83.6,274.23,71.3,20.957,12.045,9.77,-0.0,8.912
2023-07-01T10:00:00,10,5,7,1,36.33,82.09,304.77,72.48,22.479,13.573,10.04,-0.0,8.906
2023-07-01T11:00:00,11,5,7,1,38.62,79.83,430.45,57.97,22.416,19.574,9.97,-0.0,2.842
2023-07-01T12:00:00,12,5,7,1,41.91,81.76,418.31,60.66,27.934,17.15,10.09,-0.0,10.784
2023-07-01T13:00:00,13,5,7,1,39.81,81.6,334.25,69.82,24.506,14.958,9.99,-0.0,9.548
2023-07-01T14:00:00,14,5,7,1,40.97,85.67,335.08,68.95,24.848,15.889,9.93,-0.0,8.959
2023-07-01T15:00:00,15,5,7,1,44.1,81.29,371.05,47.46,25.781,15.522,10.05,-0.0,10.259
2023-07-01T16:00:00,16,5,7,1,42.7,82.95,192.47,77.93,24.286,8.379,10.19,-0.0,15.907
2023-07-01T17:00:00,17,5,7,1,41.98,82.66,165.17,60.94,24.197,7.542,10.21,-0.0,16.655
2023-07-01T18:00:00,18,5,7,1,38.47,94.05,75.91,79.19,25.317,3.546,10.09,-0.0,21.771
2023-07-01T19:00:00,19,5,7,1,38.03,71.19,0.0,39.83,25.776,0.003,10.12,-0.0,25.773
2023-07-01T20:00:00,20,5,7,1,34.94,92.02,0.0,84.37,23.817,0.0,9.9,-0.0,23.817
2023-07-01T21:00:00,21,5,7,1,37.04,85.55,0.0,33.29,25.668,0.0,9.96,-0.0,25.668
2023-07-01T22:00:00,22,5,7,1,34.68,83.49,0.0,47.98,22.026,0.014,10.07,-0.0,22.012
2023-07-01T23:00:00,23,5,7,1,32.04,95.85,0.0,71.68,20.513,0.005,10.04,-0.0,20.508
2023-07-02T00:00:00,0,6,7,1,30.35,95.48,1.42,67.32,15.862,0.029,10.09,-0.0,15.833
2023-07-02T01:00:00,1,6,7,1,30.97,82.42,0.25,52.91,14.958,0.0,10.22,-0.0,14.958
2023-07-02T02:00:00,2,6,7,1,27.38,86.39,0.02,63.69,11.805,0.0,9.98,-0.0,11.805
2023-07-02T03:00:00,3,6,7,1,28.69,84.88,0.65,32.07,10.192,0.0,9.78,-0.0,10.192
2023-07-02T04:00:00,4,6,7,1,28.24,81.51,0.0,46.44,11.729,0.0,9.87,-0.0,11.729
2023-07-02T05:00:00,5,6,7,1,32.37,97.36,0.55,56.07,13.857,0.015,10.03,-0.0,13.842
2023-07-02T06:00:00,6,6,7,1,32.74,86.84,74.77,51.37,16.76,3.569,9.94,-0.0,13.191
2023-07-02T07:00:00,7,6,7,1,29.35,82.61,229.73,35.47,17.514,10.839,9.82,-0.0,6.675
2023-07-02T08:00:00,8,6,7,1,31.28,77.98,243.86,60.25,18.31,11.425,9.99,-0.0,6.885
2023-07-02T09:00:00,9,6,7,1,35.72,84.08,299.81,61.79,20.979,13.504,9.89,-0.0,7.475
2023-07-02T10:00:00,10,6,7,1,36.78,76.88,354.74,65.6,24.489,16.775,10.09,-0.0,7.714
2023-07-02T11:00:00,11,6,7,1,37.43,82.86,497.15,42.99,24.424,21.733,10.23,-0.0,2.691
2023-07-02T12:00:00,12,6,7,1,42.14,63.86,507.39,42.33,28.498,22.271,10.18,-0.0,6.227
2023-07-02T13:00:00,13,6,7,1,42.58,87.52,343.65,72.15,26.471,14.903,9.86,-0.0,11.568
2023-07-02T14:00:00,14,6,7,1,42.9,75.55,422.44,53.8,25.749,18.752,9.91,-0.0,6.997
2023-07-02T15:00:00,15,6,7,1,41.11,69.43,378.66,48.68,24.424,17.786,9.77,-0.0,6.638
2023-07-02T16:00:00,16,6,7,1,42.4,77.41,277.7,50.74,25.373,11.886,10.17,-0.0,13.487
2023-07-02T17:00:00,17,6,7,1,41.32,78.56,186.98,53.35,22.883,8.471,10.02,-0.0,14.412
2023-07-02T18:00:00,18,6,7,1,39.33,82.21,59.47,73.11,24.095,2.719,10.24,-0.0,21.376
2023-07-02T19:00:00,19,6,7,1,40.83,84.74,0.64,47.27,27.97,0.019,10.09,-0.0,27.951
2023-07-02T20:00:00,20,6,7,1,34.91,81.68,0.0,38.48,23.131,0.016,9.93,-0.0,23.115
2023-07-02T21:00:00,21,6,7,1,38.59,85.38,0.9,62.82,25.365,0.028,9.73,-0.0,25.337
2023-07-02T22:00:00,22,6,7,1,34.11,82.07,0.35,59.16,21.542,0.013,10.05,-0.0,21.529
2023-07-02T23:00:00,23,6,7,1,34.86,86.06,0.39,65.97,20.079,0.004,10.32,-0.0,20.075
2023-07-03T00:00:00,0,0,7,0,29.23,80.57,2.5,66.6,12.694,0.016,10.13,-0.0,12.678
2023-07-03T01:00:00,1,0,7,0,28.78,84.96,0.18,41.95,10.475,0.0,9.98,-0.0,10.475
2023-07-03T02:00:00,2,0,7,0,28.21,79.21,0.0,35.42,8.819,0.0,10.13,-0.0,8.819
2023-07-03T03:00:00,3,0,7,0,29.75,91.44,0.2,53.35,11.245,0.0,10.11,-0.0,11.245
2023-07-03T04:00:00,4,0,7,0,29.95,84.6,0.02,50.01,13.516,0.0,10.19,-0.0,13.516
2023-07-03T05:00:00,5,0,7,0,29.12,89.86,0.0,62.41,13.961,0.005,9.87,-0.0,13.956
2023-07-03T06:00:00,6,0,7,0,29.72,84.63,117.79,43.08,17.581,5.374,10.07,-0.0,12.207
2023-07-03T07:00:00,7,0,7,0,31.32,91.48,225.28,43.16,22.535,10.254,9.78,-0.0,12.281
2023-07-03T08:00:00,8,0,7,0,33.5,79.75,158.86,85.15,24.805,7.162,9.72,-0.0,17.643
2023-07-03T09:00:00,9,0,7,0,35.28,80.92,381.43,51.25,24.53,17.199,10.11,-0.0,7.331
2023-07-03T10:00:00,10,0,7,0,36.28,76.02,417.26,50.47,21.4,18.552,10.19,-0.0,2.848
2023-07-03T11:00:00,11,0,7,0,40.96,72.93,262.35,83.4,23.605,11.795,10.0,-0.0,11.81
2023-07-03T12:00:00,12,0,7,0,40.13,75.52,378.39,63.43,21.606,16.288,9.99,-0.0,5.318
2023-07-03T13:00:00,13,0,7,0,42.48,87.08,307.08,75.86,21.607,13.986,10.05,-0.0,7.621
2023-07-03T14:00:00,14,0,7,0,41.05,80.12,339.81,64.3,21.394,15.286,10.17,-0.0,6.108
2023-07-03T15:00:00,15,0,7,0,42.49,77.42,350.78,57.92,21.977,16.548,10.13,-0.0,5.429
2023-07-03T16:00:00,16,0,7,0,41.75,82.12,295.02,53.46,25.045,13.428,10.05,-0.0,11.617
2023-07-03T17:00:00,17,0,7,0,39.8,75.42,266.62,23.59,28.026,12.194,10.1,-0.0,15.832
2023-07-03T18:00:00,18,0,7,0,42.55,79.15,110.8,41.93,30.202,5.293,10.12,-0.0,24.909
2023-07-03T19:00:00,19,0,7,0,38.81,79.93,0.0,43.11,33.14,0.0,9.84,-0.0,33.14
2023-07-03T20:00:00,20,0,7,0,37.87,83.72,0.0,57.58,32.803,0.0,10.08,-0.0,32.803
2023-07-03T21:00:00,21,0,7,0,34.21,85.09,1.41,86.36,25.579,0.018,9.81,-0.0,25.561
2023-07-03T22:00:00,22,0,7,0,34.69,91.27,1.43,79.4,21.242,0.0,10.16,-0.0,21.242
2023-07-03T23:00:00,23,0,7,0,30.71,82.98,0.42,84.91,18.465,0.001,10.13,-0.0,18.464
2023-07-04T00:00:00,0,1,7,0,32.6,88.97,2.36,94.18,14.534,0.0,10.01,-0.0,14.534
2023-07-04T01:00:00,1,1,7,0,30.49,93.3,0.26,75.92,12.297,0.0,9.97,-0.0,12.297
2023-07-04T02:00:00,2,1,7,0,29.58,86.06,0.0,65.99,12.441,0.0,10.17,-0.0,12.441
2023-07-04T03:00:00,3,1,7,0,30.3,84.33,0.31,66.32,10.933,0.0,10.04,-0.0,10.933
2023-07-04T04:00:00,4,1,7,0,30.37,96.59,0.0,57.65,14.635,0.0,10.04,-0.0,14.635
2023-07-04T05:00:00,5,1,7,0,30.63,93.04,0.0,63.94,12.28,0.004,10.05,-0.0,12.276
2023-07-04T06:00:00,6,1,7,0,28.74,87.24,94.2,60.89,15.243,4.284,10.06,-0.0,10.959
2023-07-04T07:00:00,7,1,7,0,32.05,81.86,113.07,74.26,20.817,5.113,10.18,-0.0,15.704
2023-07-04T08:00:00,8,1,7,0,32.54,71.68,308.61,43.69,23.845,14.444,9.76,-0.0,9.401
2023-07-04T09:00:00,9,1,7,0,36.22,86.0,324.09,61.21,26.583,14.357,9.98,-0.0,12.226
2023-07-04T10:00:00,10,1,7,0,37.49,91.41,251.98,83.33,21.782,10.943,9.7,-0.0,10.839
2023-07-04T11:00:00,11,1,7,0,37.31,83.26,419.1,57.33,19.737,18.102,10.06,-0.0,1.635
2023-07-04T12:00:00,12,1,7,0,39.71,74.41,314.12,77.35,20.372,14.166,9.9,-0.0,6.206
2023-07-04T13:00:00,13,1,7,0,39.67,81.51,394.48,62.2,20.72,17.781,10.02,-0.0,2.939
2023-07-04T14:00:00,14,1,7,0,41.11,74.11,467.49,39.69,21.952,20.908,9.88,-0.0,1.044
2023-07-04T15:00:00,15,1,7,0,40.47,78.57,386.99,45.48,21.675,18.168,9.88,-0.0,3.507
2023-07-04T16:00:00,16,1,7,0,42.5,88.03,270.16,56.55,23.462,12.188,9.93,-0.0,11.274
2023-07-04T17:00:00,17,1,7,0,41.63,76.72,289.95,16.46,27.227,12.992,10.01,-0.0,14.235
2023-07-04T18:00:00,18,1,7,0,42.27,82.0,80.86,61.09,32.868,3.784,10.1,-0.0,29.084
2023-07-04T19:00:00,19,1,7,0,39.27,83.88,0.0,83.36,33.25,0.0,9.89,-0.0,33.25
2023-07-04T20:00:00,20,1,7,0,35.84,83.44,0.0,52.5,29.854,0.023,10.02,-0.0,29.831
2023-07-04T21:00:00,21,1,7,0,36.22,78.69,1.3,60.14,28.042,0.063,10.06,-0.0,27.979
2023-07-04T22:00:00,22,1,7,0,32.33,87.37,0.0,61.17,22.768,0.0,9.93,-0.0,22.768
2023-07-04T23:00:00,23,1,7,0,30.55,85.64,0.0,68.08,19.281,0.0,10.06,-0.0,19.281
2023-07-05T00:00:00,0,2,7,0,30.53,79.75,1.21,49.68,15.274,0.0,9.81,-0.0,15.274
2023-07-05T01:00:00,1,2,7,0,26.58,91.02,0.0,55.8,11.465,0.0,9.86,-0.0,11.465
2023-07-05T02:00:00,2,2,7,0,28.95,72.64,0.0,43.49,9.565,0.043,10.16,-0.0,9.522
2023-07-05T03:00:00,3,2,7,0,27.47,83.17,0.0,52.0,8.372,0.0,9.66,-0.0,8.372
2023-07-05T04:00:00,4,2,7,0,29.26,89.69,2.9,63.42,12.027,0.017,9.95,-0.0,12.01
2023-07-05T05:00:00,5,2,7,0,28.96,93.22,0.84,65.48,11.459,0.026,10.01,-0.0,11.433
2023-07-05T06:00:00,6,2,7,0,32.05,88.07,64.49,67.57,18.915,3.022,10.04,-0.0,15.893
2023-07-05T07:00:00,7,2,7,0,33.25,78.61,202.99,47.07,21.781,9.118,10.04,-0.0,12.663
2023-07-05T08:00:00,8,2,7,0,34.8,81.15,291.42,48.98,23.957,12.884,9.97,-0.0,11.073
2023-07-05T09:00:00,9,2,7,0,35.05,85.97,274.11,70.61,24.942,11.874,9.94,-0.0,13.068
2023-07-05T10:00:00,10,2,7,0,36.5,89.11,385.68,54.58,21.341,18.01,9.87,-0.0,3.331
2023-07-05T11:00:00,11,2,7,0,38.17,87.02,361.89,68.09,21.723,17.563,10.23,-0.0,4.16
2023-07-05T12:00:00,12,2,7,0,38.75,81.17,569.05,30.99,20.743,25.361,14.36,4.618,0.0
2023-07-05T13:00:00,13,2,7,0,41.73,79.75,379.21,61.16,19.86,16.476,10.91,-3.384,0.0
2023-07-05T14:00:00,14,2,7,0,43.31,75.34,313.58,75.43,24.542,14.539,9.99,-0.865,9.138
2023-07-05T15:00:00,15,2,7,0,45.7,70.88,291.75,65.65,26.404,12.895,9.91,-0.0,13.509
2023-07-05T16:00:00,16,2,7,0,41.47,76.82,298.12,52.94,25.36,13.954,9.99,-0.0,11.406
2023-07-05T17:00:00,17,2,7,0,40.55,81.68,192.58,48.53,27.81,8.373,9.85,-0.0,19.437
2023-07-05T18:00:00,18,2,7,0,39.27,78.61,53.37,63.43,28.839,2.471,10.21,-0.0,26.368
2023-07-05T19:00:00,19,2,7,0,38.85,84.36,0.38,64.46,33.287,0.024,9.87,-0.0,33.263
2023-07-05T20:00:00,20,2,7,0,36.9,78.93,0.3,66.64,31.773,0.025,9.81,-0.0,31.748
2023-07-05T21:00:00,21,2,7,0,36.14,80.18,0.61,67.03,25.618,0.0,10.45,-0.0,25.618
2023-07-05T22:00:00,22,2,7,0,35.57,94.61,2.77,92.91,22.939,0.021,9.98,-0.0,22.918
2023-07-05T23:00:00,23,2,7,0,31.25,91.74,0.0,79.27,17.859,0.0,9.87,-0.0,17.859
2023-07-06T00:00:00,0,3,7,0,32.74,85.11,0.25,76.37,16.427,0.036,10.11,-0.0,16.391
2023-07-06T01:00:00,1,3,7,0,30.16,82.46,0.04,66.69,11.295,0.0,9.8,-0.0,11.295
2023-07-06T02:00:00,2,3,7,0,28.19,90.03,1.36,50.6,9.792,0.0,9.9,-0.0,9.792
2023-07-06T03:00:00,3,3,7,0,29.0,93.56,2.56,79.54,9.193,0.002,10.12,-0.0,9.191
2023-07-06T04:00:00,4,3,7,0,31.64,89.59,0.0,70.64,12.147,0.014,10.32,-0.0,12.133
2023-07-06T05:00:00,5,3,7,0,28.62,88.71,0.68,80.9,14.002,0.0,10.15,-0.0,14.002
2023-07-06T06:00:00,6,3,7,0,31.3,77.86,104.71,48.98,16.04,4.923,10.11,-0.0,11.117
2023-07-06T07:00:00,7,3,7,0,31.37,86.11,147.04,68.26,21.922,6.788,10.21,-0.0,15.134
2023-07-06T08:00:00,8,3,7,0,36.47,92.34,202.08,81.07,25.248,9.079,9.96,-0.0,16.169
2023-07-06T09:00:00,9,3,7,0,36.85,80.95,213.35,83.76,27.439,10.473,9.78,-0.0,16.966
2023-07-06T10:00:00,10,3,7,0,36.48,85.66,278.57,81.92,22.581,12.314,9.9,-0.0,10.267
2023-07-06T11:00:00,11,3,7,0,38.93,94.97,156.55,100.0,21.529,7.375,10.21,-0.0,14.154
2023-07-06T12:00:00,12,3,7,0,40.48,79.31,380.15,66.0,20.854,16.631,9.82,-0.0,4.223
2023-07-06T13:00:00,13,3,7,0,39.61,84.39,236.06,90.76,21.022,10.436,9.98,-0.0,10.586
2023-07-06T14:00:00,14,3,7,0,43.45,74.15,281.04,77.34,21.443,12.459,10.01,-0.0,8.984
2023-07-06T15:00:00,15,3,7,0,41.71,85.04,245.09,77.77,22.894,11.157,10.06,-0.0,11.737
2023-07-06T16:00:00,16,3,7,0,41.79,80.09,128.9,90.54,23.844,5.439,10.09,-0.0,18.405
2023-07-06T17:00:00,17,3,7,0,40.32,76.03,104.28,85.2,25.92,4.609,10.1,-0.0,21.311
2023-07-06T18:00:00,18,3,7,0,40.2,79.87,35.32,90.32,32.418,1.65,10.44,-0.0,30.768
2023-07-06T19:00:00,19,3,7,0,38.96,86.91,0.26,93.95,33.617,0.0,10.12,-0.0,33.617
2023-07-06T20:00:00,20,3,7,0,36.9,80.0,0.0,100.0,32.546,0.0,10.22,-0.0,32.546
2023-07-06T21:00:00,21,3,7,0,35.14,80.86,1.46,92.76,28.305,0.02,10.01,-0.0,28.285
2023-07-06T22:00:00,22,3,7,0,36.04,89.32,2.35,87.63,24.708,0.0,10.3,-0.0,24.708
2023-07-06T23:00:00,23,3,7,0,30.56,86.54,1.23,70.07,19.928,0.024,9.88,-0.0,19.904
2023-07-07T00:00:00,0,4,7,0,31.23,79.22,0.0,51.79,14.332,0.0,10.15,-0.0,14.332
2023-07-07T01:00:00,1,4,7,0,29.9,88.31,0.0,87.74,12.895,0.008,9.99,-0.0,12.887
2023-07-07T02:00:00,2,4,7,0,31.8,97.45,0.96,87.0,13.948,0.0,10.15,-0.0,13.948
2023-07-07T03:00:00,3,4,7,0,27.09,95.55,0.0,72.29,10.953,0.0,10.08,-0.0,10.953
2023-07-07T04:00:00,4,4,7,0,27.76,90.72,0.0,88.85,11.158,0.0,10.19,-0.0,11.158
2023-07-07T05:00:00,5,4,7,0,28.68,92.95,0.31,76.29,13.773,0.032,10.08,-0.0,13.741
2023-07-07T06:00:00,6,4,7,0,31.33,91.02,36.81,96.34,17.744,1.68,9.99,-0.0,16.064
2023-07-07T07:00:00,7,4,7,0,29.77,78.02,159.63,67.11,21.082,7.379,10.15,-0.0,13.703
2023-07-07T08:00:00,8,4,7,0,33.4,77.74,173.79,84.51,25.189,8.333,9.88,-0.0,16.856
2023-07-07T09:00:00,9,4,7,0,32.09,83.79,205.88,85.25,21.392,9.329,9.74,-0.0,12.063
2023-07-07T10:00:00,10,4,7,0,37.98,74.14,350.35,64.73,22.47,15.2,9.67,-0.0,7.27
2023-07-07T11:00:00,11,4,7,0,38.2,85.73,298.38,81.19,22.021,13.951,10.27,-0.0,8.07
2023-07-07T12:00:00,12,4,7,0,37.43,84.86,179.27,100.0,19.961,8.362,10.04,-0.0,11.599
2023-07-07T13:00:00,13,4,7,0,42.11,84.92,259.85,85.05,22.141,11.197,10.07,-0.0,10.944
2023-07-07T14:00:00,14,4,7,0,39.64,87.33,202.28,91.49,21.288,9.367,9.95,-0.0,11.921
2023-07-07T15:00:00,15,4,7,0,42.95,86.98,160.14,92.98,21.288,6.852,10.05,-0.0,14.436
2023-07-07T16:00:00,16,4,7,0,40.6,81.22,90.41,100.0,23.649,3.966,9.9,-0.0,19.683
2023-07-07T17:00:00,17,4,7,0,42.47,86.18,100.62,91.71,27.619,4.319,10.0,-0.0,23.3
2023-07-07T18:00:00,18,4,7,0,40.21,78.04,75.61,78.21,30.356,3.354,9.73,-0.0,27.002
2023-07-07T19:00:00,19,4,7,0,37.55,90.51,1.1,96.01,32.237,0.023,9.72,-0.0,32.214
2023-07-07T20:00:00,20,4,7,0,35.97,89.25,0.0,64.77,30.026,0.006,9.81,-0.0,30.02
2023-07-07T21:00:00,21,4,7,0,36.17,87.79,0.0,72.49,29.414,0.022,9.87,-0.0,29.392
2023-07-07T22:00:00,22,4,7,0,33.45,83.7,0.0,65.23,21.764,0.0,10.21,-0.0,21.764
2023-07-07T23:00:00,23,4,7,0,31.55,90.24,0.0,77.08,19.621,0.014,10.38,-0.0,19.607
2023-07-08T00:00:00,0,5,7,1,32.41,80.08,0.0,82.45,14.801,0.0,10.17,-0.0,14.801
2023-07-08T01:00:00,1,5,7,1,29.92,79.84,0.0,79.27,14.475,0.012,9.52,-0.0,14.463
2023-07-08T02:00:00,2,5,7,1,29.69,91.09,1.1,79.22,12.526,0.004,10.27,-0.0,12.522
2023-07-08T03:00:00,3,5,7,1,29.85,95.51,4.18,81.3,10.614,0.0,9.94,-0.0,10.614
2023-07-08T04:00:00,4,5,7,1,29.77,83.18,0.09,83.41,12.196,0.0,9.77,-0.0,12.196
2023-07-08T05:00:00,5,5,7,1,27.99,86.09,1.79,54.76,12.415,0.0,10.29,-0.0,12.415
2023-07-08T06:00:00,6,5,7,1,30.82,88.14,56.66,64.62,15.16,2.769,9.94,-0.0,12.391
2023-07-08T07:00:00,7,5,7,1,30.14,87.2,88.61,91.0,16.534,4.351,9.86,-0.0,12.183
2023-07-08T08:00:00,8,5,7,1,31.93,84.89,197.33,73.02,18.519,8.377,9.92,-0.0,10.142
2023-07-08T09:00:00,9,5,7,1,34.96,89.66,198.56,84.12,21.178,9.353,9.95,-0.0,11.825
2023-07-08T10:00:00,10,5,7,1,36.18,85.54,271.6,78.0,21.579,12.238,10.09,-0.0,9.341
2023-07-08T11:00:00,11,5,7,1,38.83,85.86,206.82,89.67,25.845,9.51,10.03,-0.0,16.335
2023-07-08T12:00:00,12,5,7,1,41.16,80.65,168.57,100.0,26.827,7.207,9.9,-0.0,19.62
2023-07-08T13:00:00,13,5,7,1,39.69,85.87,182.65,97.7,26.923,8.128,9.71,-0.0,18.795
2023-07-08T14:00:00,14,5,7,1,41.27,83.51,142.65,100.0,24.884,6.042,9.88,-0.0,18.842
2023-07-08T15:00:00,15,5,7,1,42.49,82.01,162.68,92.68,25.382,7.152,10.04,-0.0,18.23
2023-07-08T16:00:00,16,5,7,1,40.81,79.25,200.32,74.66,24.326,9.199,9.89,-0.0,15.127
2023-07-08T17:00:00,17,5,7,1,43.16,78.44,172.49,60.74,27.028,7.798,10.02,-0.0,19.23
2023-07-08T18:00:00,18,5,7,1,39.99,74.78,71.05,52.78,24.785,3.447,10.0,-0.0,21.338
2023-07-08T19:00:00,19,5,7,1,38.27,82.32,0.0,67.37,25.51,0.038,10.17,-0.0,25.472
2023-07-08T20:00:00,20,5,7,1,39.09,81.63,0.0,78.34,26.177,0.0,10.04,-0.0,26.177
2023-07-08T21:00:00,21,5,7,1,33.85,79.0,3.38,60.5,23.608,0.0,10.13,-0.0,23.608
2023-07-08T22:00:00,22,5,7,1,34.51,73.61,0.0,60.85,24.458,0.003,9.97,-0.0,24.455
2023-07-08T23:00:00,23,5,7,1,32.4,89.27,1.42,61.03,19.846,0.0,10.25,-0.0,19.846
2023-07-09T00:00:00,0,6,7,1,29.09,91.66,0.32,71.5,11.956,0.0,9.93,-0.0,11.956
2023-07-09T01:00:00,1,6,7,1,28.96,80.68,1.78,49.53,11.373,0.005,9.87,-0.0,11.368
2023-07-09T02:00:00,2,6,7,1,27.89,87.64,0.0,42.46,12.514,0.011,10.2,-0.0,12.503
2023-07-09T03:00:00,3,6,7,1,29.3,82.5,0.0,70.25,9.808,0.009,9.91,-0.0,9.799
2023-07-09T04:00:00,4,6,7,1,31.75,84.39,0.0,67.97,13.52,0.032,9.84,-0.0,13.488
2023-07-09T05:00:00,5,6,7,1,29.53,85.98,3.53,77.82,12.012,0.0,9.83,-0.0,12.012
2023-07-09T06:00:00,6,6,7,1,29.23,86.55,62.97,72.11,17.005,2.944,9.93,-0.0,14.061
2023-07-09T07:00:00,7,6,7,1,31.05,93.97,85.26,97.4,15.339,3.768,9.96,-0.0,11.571
2023-07-09T08:00:00,8,6,7,1,33.72,85.28,168.09,84.23,19.023,7.566,10.06,-0.0,11.457
2023-07-09T09:00:00,9,6,7,1,35.32,81.47,311.56,62.61,22.85,13.941,10.12,-0.0,8.909
2023-07-09T10:00:00,10,6,7,1,33.74,86.03,424.95,51.17,21.79,19.534,10.0,-0.0,2.256
2023-07-09T11:00:00,11,6,7,1,39.93,78.97,468.48,49.5,25.017,20.918,10.14,-0.0,4.099
2023-07-09T12:00:00,12,6,7,1,40.37,77.05,428.28,60.12,24.772,20.286,10.12,-0.0,4.486
2023-07-09T13:00:00,13,6,7,1,40.15,80.61,461.12,55.28,24.353,21.296,9.86,-0.0,3.057
2023-07-09T14:00:00,14,6,7,1,43.05,82.07,431.12,50.55,24.912,18.006,9.85,-0.0,6.906
2023-07-09T15:00:00,15,6,7,1,40.79,83.21,397.16,47.76,24.128,18.496,9.93,-0.0,5.632
2023-07-09T16:00:00,16,6,7,1,39.97,70.7,321.62,40.75,25.816,14.96,9.68,-0.0,10.856
2023-07-09T17:00:00,17,6,7,1,41.24,68.39,245.03,28.28,27.287,11.024,10.01,-0.0,16.263
2023-07-09T18:00:00,18,6,7,1,42.18,84.47,68.46,63.15,28.805,3.166,9.97,-0.0,25.639
2023-07-09T19:00:00,19,6,7,1,39.6,79.1,0.48,60.78,25.932,0.0,10.24,-0.0,25.932
2023-07-09T20:00:00,20,6,7,1,37.41,74.04,3.27,82.8,26.01,0.0,10.17,-0.0,26.01
2023-07-09T21:00:00,21,6,7,1,35.73,78.84,0.0,59.59,23.963,0.0,9.96,-0.0,23.963
2023-07-09T22:00:00,22,6,7,1,33.88,83.61,1.07,74.89,20.765,0.005,10.15,-0.0,20.76
2023-07-09T23:00:00,23,6,7,1,30.13,83.63,0.0,57.07,16.249,0.0,9.98,-0.0,16.249
2023-07-10T00:00:00,0,0,7,0,31.18,89.44,0.04,63.77,12.005,0.004,10.07,-0.0,12.001
2023-07-10T01:00:00,1,0,7,0,29.48,87.34,3.33,100.0,12.154,0.004,9.71,-0.0,12.15
2023-07-10T02:00:00,2,0,7,0,29.34,93.32,0.0,77.22,9.569,0.019,9.92,-0.0,9.55
2023-07-10T03:00:00,3,0,7,0,28.82,93.78,0.0,100.0,9.631,0.001,10.02,-0.0,9.63
2023-07-10T04:00:00,4,0,7,0,29.41,85.11,1.24,96.79,11.852,0.006,9.96,-0.0,11.846
2023-07-10T05:00:00,5,0,7,0,28.68,90.83,0.17,100.0,10.332,0.037,10.19,-0.0,10.295
2023-07-10T06:00:00,6,0,7,0,26.84,93.61,68.25,84.64,17.405,3.091,10.05,-0.0,14.314
2023-07-10T07:00:00,7,0,7,0,31.75,90.94,68.08,100.0,21.67,3.3,10.09,-0.0,18.37
2023-07-10T08:00:00,8,0,7,0,34.08,90.84,111.17,96.63,24.484,5.374,10.03,-0.0,19.11
2023-07-10T09:00:00,9,0,7,0,35.15,82.31,247.55,75.87,23.73,11.343,10.0,-0.0,12.387
2023-07-10T10:00:00,10,0,7,0,36.68,88.31,247.96,83.39,23.085,11.044,10.14,-0.0,12.041
2023-07-10T11:00:00,11,0,7,0,41.01,81.93,218.88,88.55,21.704,9.753,10.27,-0.0,11.951
2023-07-10T12:00:00,12,0,7,0,40.56,98.0,168.05,100.0,22.99,7.43,9.69,-0.0,15.56
2023-07-10T13:00:00,13,0,7,0,42.09,78.46,173.88,100.0,23.104,7.77,9.85,-0.0,15.334
2023-07-10T14:00:00,14,0,7,0,43.6,95.52,260.13,85.38,22.346,11.431,10.01,-0.0,10.915
2023-07-10T15:00:00,15,0,7,0,41.04,80.87,127.62,100.0,22.202,5.551,10.2,-0.0,16.651
2023-07-10T16:00:00,16,0,7,0,39.61,88.44,222.57,71.13,24.625,10.457,10.12,-0.0,14.168
2023-07-10T17:00:00,17,0,7,0,36.65,91.33,87.93,94.33,25.041,3.994,9.88,-0.0,21.047
2023-07-10T18:00:00,18,0,7,0,39.39,78.33,76.72,75.58,29.458,3.705,9.94,-0.0,25.753
2023-07-10T19:00:00,19,0,7,0,38.99,88.12,2.84,89.12,31.27,0.0,10.11,-0.0,31.27
2023-07-10T20:00:00,20,0,7,0,36.07,81.0,0.0,67.48,30.359,0.005,9.91,-0.0,30.354
2023-07-10T21:00:00,21,0,7,0,36.03,87.3,0.1,83.6,27.404,0.0,10.04,-0.0,27.404
2023-07-10T22:00:00,22,0,7,0,33.8,88.22,0.48,85.81,23.367,0.002,9.9,-0.0,23.365
2023-07-10T23:00:00,23,0,7,0,32.78,81.43,0.0,53.37,19.189,0.013,10.07,-0.0,19.176
2023-07-11T00:00:00,0,1,7,0,29.4,88.3,0.0,89.55,11.901,0.0,10.1,-0.0,11.901
2023-07-11T01:00:00,1,1,7,0,29.99,85.03,0.0,44.11,13.471,0.0,9.6,-0.0,13.471
2023-07-11T02:00:00,2,1,7,0,29.99,83.07,0.0,72.57,12.025,0.016,10.27,-0.0,12.009
2023-07-11T03:00:00,3,1,7,0,30.45,81.86,0.0,64.92,10.306,0.0,10.29,-0.0,10.306
2023-07-11T04:00:00,4,1,7,0,26.12,90.15,0.0,43.61,10.022,0.0,9.69,-0.0,10.022
2023-07-11T05:00:00,5,1,7,0,27.71,88.72,0.0,57.48,13.304,0.017,9.97,-0.0,13.287
2023-07-11T06:00:00,6,1,7,0,31.99,76.77,102.96,51.31,17.062,4.892,9.76,-0.0,12.17
2023-07-11T07:00:00,7,1,7,0,33.4,75.72,235.22,39.34,22.332,11.232,9.68,-0.0,11.1
2023-07-11T08:00:00,8,1,7,0,33.06,73.78,231.21,62.98,24.017,10.835,10.12,-0.0,13.182
2023-07-11T09:00:00,9,1,7,0,33.77,87.27,380.96,53.97,22.878,16.623,10.27,-0.0,6.255
2023-07-11T10:00:00,10,1,7,0,36.96,87.48,301.55,74.4,21.551,13.137,10.0,-0.0,8.414
2023-07-11T11:00:00,11,1,7,0,38.91,76.11,363.1,65.05,21.55,16.432,10.23,-0.0,5.118
2023-07-11T12:00:00,12,1,7,0,39.02,79.72,581.38,31.51,19.667,28.077,17.64,8.41,0.0
2023-07-11T13:00:00,13,1,7,0,40.46,89.26,407.17,55.91,20.597,17.99,14.91,-2.607,0.0
2023-07-11T14:00:00,14,1,7,0,42.91,71.59,360.3,64.57,23.698,16.396,9.94,-5.13,2.172
2023-07-11T15:00:00,15,1,7,0,43.84,73.07,379.46,47.05,23.169,16.462,9.88,-0.0,6.707
2023-07-11T16:00:00,16,1,7,0,43.36,72.22,203.14,71.2,25.856,9.572,10.06,-0.0,16.284
2023-07-11T17:00:00,17,1,7,0,39.84,84.72,170.01,57.97,27.402,7.687,10.16,-0.0,19.715
2023-07-11T18:00:00,18,1,7,0,39.61,76.38,105.59,36.33,29.71,4.57,9.83,-0.0,25.14
2023-07-11T19:00:00,19,1,7,0,39.07,77.31,1.53,50.6,32.694,0.014,9.8,-0.0,32.68
2023-07-11T20:00:00,20,1,7,0,36.02,85.82,0.0,75.31,29.513,0.005,10.13,-0.0,29.508
2023-07-11T21:00:00,21,1,7,0,35.3,80.24,1.03,61.59,28.273,0.01,9.95,-0.0,28.263
2023-07-11T22:00:00,22,1,7,0,32.34,83.69,0.0,68.54,22.934,0.013,10.12,-0.0,22.921
2023-07-11T23:00:00,23,1,7,0,33.49,89.22,0.0,87.13,21.525,0.0,9.88,-0.0,21.525
2023-07-12T00:00:00,0,2,7,0,29.53,83.05,2.61,60.98,14.325,0.008,9.9,-0.0,14.317
2023-07-12T01:00:00,1,2,7,0,27.64,88.32,0.0,84.46,11.461,0.0,10.15,-0.0,11.461
2023-07-12T02:00:00,2,2,7,0,28.34,86.93,1.93,67.37,13.556,0.0,10.12,-0.0,13.556
2023-07-12T03:00:00,3,2,7,0,31.74,89.15,3.53,86.32,13.085,0.021,10.21,-0.0,13.064
2023-07-12T04:00:00,4,2,7,0,28.54,92.4,0.0,79.29,12.368,0.045,9.97,-0.0,12.323
2023-07-12T05:00:00,5,2,7,0,28.69,85.93,0.0,37.28,12.396,0.004,10.19,-0.0,12.392
2023-07-12T06:00:00,6,2,7,0,30.22,78.34,85.6,61.75,16.606,3.713,10.07,-0.0,12.893
2023-07-12T07:00:00,7,2,7,0,32.87,93.68,121.0,76.79,22.307,5.655,10.06,-0.0,16.652
2023-07-12T08:00:00,8,2,7,0,29.98,90.89,147.4,92.55,21.541,6.843,9.87,-0.0,14.698
2023-07-12T09:00:00,9,2,7,0,34.15,82.57,301.45,65.39,23.924,14.026,10.1,-0.0,9.898
2023-07-12T10:00:00,10,2,7,0,39.82,75.35,381.14,57.14,24.249,17.088,9.96,-0.0,7.161
2023-07-12T11:00:00,11,2,7,0,40.25,92.48,284.94,76.5,23.551,12.755,10.28,-0.0,10.796
2023-07-12T12:00:00,12,2,7,0,38.17,93.96,382.55,66.4,21.507,17.575,10.0,-0.0,3.932
2023-07-12T13:00:00,13,2,7,0,39.4,94.35,248.02,89.89,20.803,11.003,9.97,-0.0,9.8
2023-07-12T14:00:00,14,2,7,0,41.47,84.82,188.2,92.17,21.562,9.019,10.19,-0.0,12.543
2023-07-12T15:00:00,15,2,7,0,42.16,81.64,284.6,66.01,25.004,12.295,10.01,-0.0,12.709
2023-07-12T16:00:00,16,2,7,0,44.17,90.7,118.33,95.56,24.126,5.508,9.87,-0.0,18.618
2023-07-12T17:00:00,17,2,7,0,41.33,82.01,122.59,84.95,25.462,5.261,9.77,-0.0,20.201
2023-07-12T18:00:00,18,2,7,0,38.51,89.72,11.34,100.0,29.752,0.51,9.87,-0.0,29.242
2023-07-12T19:00:00,19,2,7,0,39.94,85.76,0.0,89.27,32.535,0.0,9.73,-0.0,32.535
2023-07-12T20:00:00,20,2,7,0,36.16,95.44,0.44,83.54,30.195,0.0,9.99,-0.0,30.195
2023-07-12T21:00:00,21,2,7,0,33.16,92.89,0.57,71.63,24.268,0.0,10.13,-0.0,24.268
2023-07-12T22:00:00,22,2,7,0,30.87,90.53,1.16,100.0,20.45,0.015,9.91,-0.0,20.435
2023-07-12T23:00:00,23,2,7,0,29.89,94.25,2.09,65.79,19.57,0.002,10.38,-0.0,19.568
2023-07-13T00:00:00,0,3,7,0,28.88,86.43,0.0,60.87,14.117,0.0,9.79,-0.0,14.117
2023-07-13T01:00:00,1,3,7,0,27.49,85.48,2.81,67.55,12.039,0.0,10.08,-0.0,12.039
2023-07-13T02:00:00,2,3,7,0,28.97,85.72,0.0,65.85,9.968,0.015,10.07,-0.0,9.953
2023-07-13T03:00:00,3,3,7,0,26.23,93.94,0.55,96.23,9.689,0.002,9.94,-0.0,9.687
2023-07-13T04:00:00,4,3,7,0,23.34,88.54,0.0,80.65,10.228,0.0,9.98,-0.0,10.228
2023-07-13T05:00:00,5,3,7,0,27.96,90.06,0.0,98.82,11.779,0.022,10.25,-0.0,11.757
2023-07-13T06:00:00,6,3,7,0,28.62,85.24,22.06,100.0,15.533,1.034,10.16,-0.0,14.499
2023-07-13T07:00:00,7,3,7,0,30.29,86.89,84.99,96.41,20.698,3.774,10.14,-0.0,16.924
2023-07-13T08:00:00,8,3,7,0,34.23,87.71,204.55,81.08,23.357,9.392,9.86,-0.0,13.965
2023-07-13T09:00:00,9,3,7,0,33.2,90.93,246.26,71.86,24.659,11.522,10.07,-0.0,13.137
2023-07-13T10:00:00,10,3,7,0,37.86,84.14,437.37,47.96,23.065,19.71,10.12,-0.0,3.355
2023-07-13T11:00:00,11,3,7,0,37.94,84.45,358.88,66.41,20.525,16.18,10.13,-0.0,4.345
2023-07-13T12:00:00,12,3,7,0,39.23,76.39,283.73,82.79,19.072,13.724,9.79,-0.0,5.348
2023-07-13T13:00:00,13,3,7,0,38.71,77.44,393.61,65.57,21.151,17.898,10.05,-0.0,3.253
2023-07-13T14:00:00,14,3,7,0,40.7,79.4,362.73,63.78,20.402,16.239,10.05,-0.0,4.163
2023-07-13T15:00:00,15,3,7,0,40.52,84.55,327.93,58.79,22.662,14.25,10.17,-0.0,8.412
2023-07-13T16:00:00,16,3,7,0,41.3,78.7,211.99,73.31,23.251,9.511,9.96,-0.0,13.74
2023-07-13T17:00:00,17,3,7,0,40.56,74.09,163.92,61.96,26.871,7.255,9.83,-0.0,19.616
2023-07-13T18:00:00,18,3,7,0,38.67,92.87,45.82,91.3,27.9,2.21,9.86,-0.0,25.69
2023-07-13T19:00:00,19,3,7,0,39.24,78.49,0.0,70.31,32.039,0.008,10.05,-0.0,32.031
2023-07-13T20:00:00,20,3,7,0,36.13,78.0,0.32,68.74,30.431,0.0,10.17,-0.0,30.431
2023-07-13T21:00:00,21,3,7,0,33.86,83.03,0.0,48.75,26.843,0.002,9.95,-0.0,26.841
2023-07-13T22:00:00,22,3,7,0,33.28,85.55,0.0,72.7,23.713,0.0,10.04,-0.0,23.713
2023-07-13T23:00:00,23,3,7,0,31.07,80.21,0.0,44.02,19.162,0.007,9.69,-0.0,19.155
2023-07-14T00:00:00,0,4,7,0,28.47,90.05,0.0,83.4,14.173,0.057,9.68,-0.0,14.116
2023-07-14T01:00:00,1,4,7,0,29.22,82.19,0.0,64.62,10.267,0.023,10.07,-0.0,10.244
2023-07-14T02:00:00,2,4,7,0,28.85,86.67,0.0,79.32,13.1,0.0,10.07,-0.0,13.1
2023-07-14T03:00:00,3,4,7,0,26.75,89.81,1.26,76.69,11.09,0.006,10.11,-0.0,11.084
2023-07-14T04:00:00,4,4,7,0,26.33,82.64,1.69,94.01,10.184,0.012,9.69,-0.0,10.172
2023-07-14T05:00:00,5,4,7,0,27.97,90.61,0.0,53.46,13.611,0.013,10.22,-0.0,13.598
2023-07-14T06:00:00,6,4,7,0,31.49,78.55,69.57,63.57,19.653,3.365,9.92,-0.0,16.288
2023-07-14T07:00:00,7,4,7,0,31.01,76.57,245.58,34.12,22.429,10.828,9.91,-0.0,11.601
2023-07-14T08:00:00,8,4,7,0,36.72,85.81,274.35,52.05,25.264,13.294,10.1,-0.0,11.97
2023-07-14T09:00:00,9,4,7,0,36.55,80.94,437.01,33.29,25.248,19.436,10.01,-0.0,5.812
2023-07-14T10:00:00,10,4,7,0,37.89,80.68,419.87,52.53,24.061,19.494,10.25,-0.0,4.567
2023-07-14T11:00:00,11,4,7,0,38.86,71.13,454.11,52.29,21.548,21.039,10.11,-0.0,0.509
2023-07-14T12:00:00,12,4,7,0,42.58,72.48,574.2,38.18,23.132,24.632,11.61,1.5,0.0
2023-07-14T13:00:00,13,4,7,0,39.65,73.9,653.17,23.89,21.368,29.99,19.25,8.622,0.0
2023-07-14T14:00:00,14,4,7,0,36.56,76.1,565.05,24.84,18.186,26.024,26.71,7.838,0.0
2023-07-14T15:00:00,15,4,7,0,40.87,82.43,398.51,40.03,23.709,18.31,20.79,-5.399,0.0
2023-07-14T16:00:00,16,4,7,0,41.44,87.5,286.01,47.43,24.398,13.369,10.08,-11.029,0.0
2023-07-14T17:00:00,17,4,7,0,41.0,78.31,236.54,30.55,26.938,10.93,9.8,-0.095,15.913
2023-07-14T18:00:00,18,4,7,0,39.88,77.73,81.4,60.93,28.987,3.563,10.02,-0.0,25.424
2023-07-14T19:00:00,19,4,7,0,38.82,83.91,0.63,39.95,31.729,0.0,10.03,-0.0,31.729
2023-07-14T20:00:00,20,4,7,0,37.04,71.34,0.33,9.71,32.047,0.0,10.14,-0.0,32.047
2023-07-14T21:00:00,21,4,7,0,35.87,64.24,0.0,25.9,28.034,0.0,10.04,-0.0,28.034
2023-07-14T22:00:00,22,4,7,0,32.0,75.47,1.35,40.79,22.816,0.0,9.89,-0.0,22.816
2023-07-14T23:00:00,23,4,7,0,30.34,70.01,1.71,35.69,18.155,0.0,9.93,-0.0,18.155
2023-07-15T00:00:00,0,5,7,1,32.87,82.81,1.59,64.07,15.721,0.0,10.03,-0.0,15.721
2023-07-15T01:00:00,1,5,7,1,29.33,82.12,2.62,39.6,11.06,0.013,9.9,-0.0,11.047
2023-07-15T02:00:00,2,5,7,1,27.54,78.09,1.5,53.34,11.784,0.042,10.18,-0.0,11.742
2023-07-15T03:00:00,3,5,7,1,27.89,80.85,0.0,48.37,10.709,0.021,9.94,-0.0,10.688
2023-07-15T04:00:00,4,5,7,1,28.62,77.41,0.03,47.22,11.799,0.0,10.15,-0.0,11.799
2023-07-15T05:00:00,5,5,7,1,28.53,82.34,0.58,36.44,9.9,0.031,9.9,-0.0,9.869
2023-07-15T06:00:00,6,5,7,1,28.46,79.2,101.85,39.47,16.401,4.818,10.09,-0.0,11.583
2023-07-15T07:00:00,7,5,7,1,29.64,89.21,212.61,48.43,15.978,10.411,9.97,-0.0,5.567
2023-07-15T08:00:00,8,5,7,1,32.81,83.41,271.53,49.42,19.758,12.399,10.18,-0.0,7.359
2023-07-15T09:00:00,9,5,7,1,33.86,91.56,344.75,59.71,21.614,16.028,10.29,-0.0,5.586
2023-07-15T10:00:00,10,5,7,1,38.83,79.15,361.6,63.83,24.497,16.91,10.03,-0.0,7.587
2023-07-15T11:00:00,11,5,7,1,37.88,86.64,628.6,23.66,25.145,27.398,12.36,2.253,0.0
2023-07-15T12:00:00,12,5,7,1,40.14,73.56,704.56,16.17,27.014,34.242,18.7,7.228,0.0
2023-07-15T13:00:00,13,5,7,1,39.22,77.26,444.43,55.17,24.76,19.705,13.7,-5.055,0.0
2023-07-15T14:00:00,14,5,7,1,40.0,88.36,516.01,34.09,25.176,22.914,11.39,-2.262,0.0
2023-07-15T15:00:00,15,5,7,1,41.5,67.62,399.17,42.59,25.379,17.908,9.85,-1.406,6.065
2023-07-15T16:00:00,16,5,7,1,41.56,72.6,372.85,33.47,25.349,17.144,10.22,-0.0,8.205
2023-07-15T17:00:00,17,5,7,1,40.42,66.99,232.59,28.98,26.604,10.782,10.02,-0.0,15.822
2023-07-15T18:00:00,18,5,7,1,40.67,64.56,124.58,19.44,26.113,5.899,9.94,-0.0,20.214
2023-07-15T19:00:00,19,5,7,1,37.37,66.78,2.28,29.77,24.765,0.02,9.89,-0.0,24.745
2023-07-15T20:00:00,20,5,7,1,38.07,83.96,0.0,57.44,25.539,0.016,10.28,-0.0,25.523
2023-07-15T21:00:00,21,5,7,1,34.53,75.67,0.0,54.02,23.613,0.0,9.98,-0.0,23.613
2023-07-15T22:00:00,22,5,7,1,31.38,83.29,0.0,57.5,18.805,0.0,9.98,-0.0,18.805
2023-07-15T23:00:00,23,5,7,1,31.84,88.59,1.31,56.29,20.713,0.013,10.15,-0.0,20.7
2023-07-16T00:00:00,0,6,7,1,30.84,90.11,0.31,77.06,14.24,0.044,10.23,-0.0,14.196
2023-07-16T01:00:00,1,6,7,1,29.99,86.14,0.0,49.08,13.127,0.03,9.92,-0.0,13.097
2023-07-16T02:00:00,2,6,7,1,28.5,84.41,1.16,5.42,10.195,0.013,10.09,-0.0,10.182
2023-07-16T03:00:00,3,6,7,1,27.63,90.41,0.0,29.05,11.044,0.004,10.09,-0.0,11.04
2023-07-16T04:00:00,4,6,7,1,27.1,78.81,0.0,45.18,9.618,0.016,9.97,-0.0,9.602
2023-07-16T05:00:00,5,6,7,1,28.87,85.85,2.0,40.75,10.602,0.012,9.94,-0.0,10.59
2023-07-16T06:00:00,6,6,7,1,30.54,82.72,99.48,51.2,13.955,4.626,9.91,-0.0,9.329
2023-07-16T07:00:00,7,6,7,1,30.32,81.21,226.71,36.1,16.0,11.028,10.16,-0.0,4.972
2023-07-16T08:00:00,8,6,7,1,34.15,76.18,259.59,62.12,19.044,11.456,10.04,-0.0,7.588
2023-07-16T09:00:00,9,6,7,1,33.55,85.26,189.11,87.81,21.332,8.805,10.01,-0.0,12.527
2023-07-16T10:00:00,10,6,7,1,36.07,82.44,259.91,74.64,24.676,11.642,9.89,-0.0,13.034
2023-07-16T11:00:00,11,6,7,1,39.47,90.78,302.64,80.91,25.796,14.634,10.16,-0.0,11.162
2023-07-16T12:00:00,12,6,7,1,40.07,77.91,282.71,83.48,23.231,12.503,10.05,-0.0,10.728
2023-07-16T13:00:00,13,6,7,1,39.3,74.66,172.45,100.0,24.588,7.796,9.87,-0.0,16.792
2023-07-16T14:00:00,14,6,7,1,40.75,83.43,242.76,84.49,25.283,10.604,9.95,-0.0,14.679
2023-07-16T15:00:00,15,6,7,1,40.92,79.41,138.32,100.0,23.806,6.024,10.11,-0.0,17.782
2023-07-16T16:00:00,16,6,7,1,37.13,83.16,203.71,73.86,22.483,9.279,9.74,-0.0,13.204
2023-07-16T17:00:00,17,6,7,1,39.26,84.02,166.61,60.73,24.221,7.637,9.99,-0.0,16.584
2023-07-16T18:00:00,18,6,7,1,39.21,80.94,65.13,65.36,23.712,3.058,10.13,-0.0,20.654
2023-07-16T19:00:00,19,6,7,1,36.77,83.31,0.0,83.26,25.844,0.032,10.04,-0.0,25.812
2023-07-16T20:00:00,20,6,7,1,37.17,79.71,0.22,51.57,24.773,0.0,10.11,-0.0,24.773
2023-07-16T21:00:00,21,6,7,1,36.46,88.85,0.0,76.44,23.863,0.002,9.69,-0.0,23.861
2023-07-16T22:00:00,22,6,7,1,31.96,80.73,0.0,72.56,21.109,0.016,9.8,-0.0,21.093
2023-07-16T23:00:00,23,6,7,1,30.5,93.09,0.49,86.82,16.671,0.03,10.13,-0.0,16.641
2023-07-17T00:00:00,0,0,7,0,30.39,86.16,0.0,97.99,14.902,0.04,10.06,-0.0,14.862
2023-07-17T01:00:00,1,0,7,0,28.27,92.62,2.53,79.7,10.238,0.0,9.96,-0.0,10.238
2023-07-17T02:00:00,2,0,7,0,28.1,77.99,1.51,53.1,12.377,0.0,10.04,-0.0,12.377
2023-07-17T03:00:00,3,0,7,0,27.51,88.89,0.33,54.05,11.295,0.0,10.09,-0.0,11.295
2023-07-17T04:00:00,4,0,7,0,31.31,85.51,0.0,66.94,11.379,0.0,9.93,-0.0,11.379
2023-07-17T05:00:00,5,0,7,0,25.96,90.76,0.0,75.66,12.89,0.035,9.9,-0.0,12.855
2023-07-17T06:00:00,6,0,7,0,29.14,94.64,29.69,84.45,15.366,1.329,9.8,-0.0,14.037
2023-07-17T07:00:00,7,0,7,0,30.14,82.21,165.66,64.61,19.524,7.883,10.22,-0.0,11.641
2023-07-17T08:00:00,8,0,7,0,31.97,85.87,217.9,69.23,20.99,10.656,10.01,-0.0,10.334
2023-07-17T09:00:00,9,0,7,0,35.39,81.71,414.19,43.08,25.262,18.553,10.23,-0.0,6.709
2023-07-17T10:00:00,10,0,7,0,37.53,82.2,313.77,74.28,22.53,13.378,9.8,-0.0,9.152
2023-07-17T11:00:00,11,0,7,0,37.83,85.46,392.31,63.23,21.88,18.234,10.02,-0.0,3.646
2023-07-17T12:00:00,12,0,7,0,38.48,87.57,234.88,92.56,20.641,10.011,9.82,-0.0,10.63
2023-07-17T13:00:00,13,0,7,0,40.4,79.34,339.71,75.07,19.881,14.46,10.26,-0.0,5.421
2023-07-17T14:00:00,14,0,7,0,40.65,88.0,326.48,72.38,22.446,13.85,10.41,-0.0,8.596
2023-07-17T15:00:00,15,0,7,0,40.88,88.52,126.76,100.0,22.901,5.299,10.19,-0.0,17.602
2023-07-17T16:00:00,16,0,7,0,40.37,81.78,82.09,100.0,23.181,3.835,9.83,-0.0,19.346
2023-07-17T17:00:00,17,0,7,0,41.2,79.92,92.22,90.99,28.17,4.16,9.83,-0.0,24.01
2023-07-17T18:00:00,18,0,7,0,39.62,85.31,34.71,100.0,29.536,1.682,9.99,-0.0,27.854
2023-07-17T19:00:00,19,0,7,0,35.89,84.64,0.0,59.66,29.519,0.004,10.02,-0.0,29.515
2023-07-17T20:00:00,20,0,7,0,34.1,70.67,1.82,48.64,29.19,0.025,10.08,-0.0,29.165
2023-07-17T21:00:00,21,0,7,0,32.5,80.73,0.27,62.71,25.511,0.0,10.07,-0.0,25.511
2023-07-17T22:00:00,22,0,7,0,33.56,80.52,0.48,57.74,21.263,0.009,10.0,-0.0,21.254
2023-07-17T23:00:00,23,0,7,0,31.25,76.48,1.53,50.99,15.792,0.0,9.97,-0.0,15.792
2023-07-18T00:00:00,0,1,7,0,30.09,80.57,2.45,60.17,15.156,0.0,9.88,-0.0,15.156
2023-07-18T01:00:00,1,1,7,0,26.84,86.41,2.19,48.56,12.415,0.0,10.1,-0.0,12.415
2023-07-18T02:00:00,2,1,7,0,29.71,82.28,0.82,52.44,12.899,0.0,9.64,-0.0,12.899
2023-07-18T03:00:00,3,1,7,0,25.88,87.65,0.0,71.59,11.048,0.022,10.01,-0.0,11.026
2023-07-18T04:00:00,4,1,7,0,28.46,78.34,0.65,51.26,10.468,0.001,10.03,-0.0,10.467
2023-07-18T05:00:00,5,1,7,0,28.72,86.2,0.0,65.76,12.726,0.022,9.97,-0.0,12.704
2023-07-18T06:00:00,6,1,7,0,28.84,78.92,62.29,60.7,15.575,2.959,10.12,-0.0,12.616
2023-07-18T07:00:00,7,1,7,0,31.11,91.85,178.96,56.46,21.855,8.771,10.15,-0.0,13.084
2023-07-18T08:00:00,8,1,7,0,32.76,95.74,206.13,78.95,24.692,9.345,10.03,-0.0,15.347
2023-07-18T09:00:00,9,1,7,0,38.66,82.15,208.15,83.83,25.986,9.377,10.35,-0.0,16.609
2023-07-18T10:00:00,10,1,7,0,36.35,79.58,271.71,79.92,22.865,12.493,9.9,-0.0,10.372
2023-07-18T11:00:00,11,1,7,0,40.43,86.48,310.39,74.95,23.723,13.537,9.93,-0.0,10.186
2023-07-18T12:00:00,12,1,7,0,40.23,82.43,475.0,55.97,21.353,21.076,9.94,-0.0,0.277
2023-07-18T13:00:00,13,1,7,0,39.22,88.46,478.48,49.72,19.291,22.242,12.88,2.951,0.0
2023-07-18T14:00:00,14,1,7,0,39.24,92.57,318.34,68.3,21.248,13.994,10.05,-2.715,4.539
2023-07-18T15:00:00,15,1,7,0,43.02,64.76,455.81,35.69,22.162,22.273,9.81,0.111,0.0
2023-07-18T16:00:00,16,1,7,0,38.89,87.66,216.5,67.04,22.005,10.377,9.95,-0.102,11.526
2023-07-18T17:00:00,17,1,7,0,41.74,82.46,107.16,88.87,27.698,4.829,9.91,-0.0,22.869
2023-07-18T18:00:00,18,1,7,0,39.31,84.39,82.5,67.12,30.343,3.809,10.25,-0.0,26.534
2023-07-18T19:00:00,19,1,7,0,34.58,90.28,1.18,81.38,29.768,0.0,9.88,-0.0,29.768
2023-07-18T20:00:00,20,1,7,0,35.49,89.23,0.0,79.11,29.05,0.024,10.0,-0.0,29.026
2023-07-18T21:00:00,21,1,7,0,36.45,85.01,1.36,45.75,31.153,0.02,9.76,-0.0,31.133
2023-07-18T22:00:00,22,1,7,0,32.04,81.63,0.07,59.06,21.485,0.0,10.02,-0.0,21.485
2023-07-18T23:00:00,23,1,7,0,32.47,78.26,0.58,51.23,19.864,0.005,10.28,-0.0,19.859
2023-07-19T00:00:00,0,2,7,0,28.85,92.63,0.0,62.45,12.02,0.008,9.88,-0.0,12.012
2023-07-19T01:00:00,1,2,7,0,26.5,84.37,0.0,67.36,10.136,0.024,10.14,-0.0,10.112
2023-07-19T02:00:00,2,2,7,0,27.59,95.43,0.67,53.96,10.39,0.001,9.97,-0.0,10.389
2023-07-19T03:00:00,3,2,7,0,28.22,80.34,0.0,43.21,9.69,0.008,10.0,-0.0,9.682
2023-07-19T04:00:00,4,2,7,0,27.52,84.47,0.0,55.41,10.775,0.0,10.09,-0.0,10.775
2023-07-19T05:00:00,5,2,7,0,30.31,80.55,0.0,33.12,13.072,0.0,9.81,-0.0,13.072
2023-07-19T06:00:00,6,2,7,0,27.65,76.9,94.57,44.12,15.939,4.552,9.88,-0.0,11.387
2023-07-19T07:00:00,7,2,7,0,31.66,73.91,217.3,38.77,20.737,10.123,9.86,-0.0,10.614
2023-07-19T08:00:00,8,2,7,0,32.72,88.13,263.23,55.76,25.334,12.777,10.25,-0.0,12.557
2023-07-19T09:00:00,9,2,7,0,32.12,76.49,311.95,63.67,23.094,14.765,10.16,-0.0,8.329
2023-07-19T10:00:00,10,2,7,0,34.32,95.17,424.48,55.01,21.129,20.294,10.15,-0.0,0.835
2023-07-19T11:00:00,11,2,7,0,37.24,82.77,343.23,70.14,20.674,15.508,10.15,-0.0,5.166
2023-07-19T12:00:00,12,2,7,0,41.05,71.77,537.8,41.95,21.392,23.7,12.24,2.308,0.0
2023-07-19T13:00:00,13,2,7,0,40.44,79.58,519.76,43.43,21.373,23.127,13.49,1.754,0.0
2023-07-19T14:00:00,14,2,7,0,37.98,66.61,468.94,44.04,21.7,21.564,13.51,-0.136,0.0
2023-07-19T15:00:00,15,2,7,0,37.72,75.49,442.73,31.38,19.964,20.959,14.48,0.995,0.0
2023-07-19T16:00:00,16,2,7,0,41.86,75.79,320.71,44.25,24.704,15.409,10.02,-4.516,4.779
2023-07-19T17:00:00,17,2,7,0,39.19,75.04,141.13,64.86,25.147,6.429,9.85,-0.0,18.718
2023-07-19T18:00:00,18,2,7,0,41.27,72.78,87.05,36.24,28.011,4.161,9.79,-0.0,23.85
2023-07-19T19:00:00,19,2,7,0,36.06,86.9,0.51,39.35,31.152,0.0,9.84,-0.0,31.152
2023-07-19T20:00:00,20,2,7,0,36.33,83.85,2.26,64.74,31.812,0.012,9.89,-0.0,31.8
2023-07-19T21:00:00,21,2,7,0,35.72,84.57,0.0,60.15,28.167,0.0,9.94,-0.0,28.167
2023-07-19T22:00:00,22,2,7,0,30.93,85.09,0.0,85.58,24.017,0.003,10.06,-0.0,24.014
2023-07-19T23:00:00,23,2,7,0,30.25,80.86,1.58,72.77,17.747,0.0,9.98,-0.0,17.747
2023-07-20T00:00:00,0,3,7,0,29.2,86.57,0.02,70.93,11.87,0.001,10.18,-0.0,11.869
2023-07-20T01:00:00,1,3,7,0,29.23,78.8,1.11,93.1,13.149,0.019,10.09,-0.0,13.13
2023-07-20T02:00:00,2,3,7,0,27.94,86.17,0.0,92.16,11.703,0.004,9.95,-0.0,11.699
2023-07-20T03:00:00,3,3,7,0,28.78,78.94,0.0,52.23,11.692,0.0,10.07,-0.0,11.692
2023-07-20T04:00:00,4,3,7,0,27.11,76.93,1.23,58.89,9.482,0.009,9.98,-0.0,9.473
2023-07-20T05:00:00,5,3,7,0,27.23,90.05,1.01,57.22,11.755,0.034,9.91,-0.0,11.721
2023-07-20T06:00:00,6,3,7,0,32.18,84.64,63.47,65.24,16.283,2.915,10.01,-0.0,13.368
2023-07-20T07:00:00,7,3,7,0,30.04,88.58,82.72,100.0,22.842,3.667,10.06,-0.0,19.175
2023-07-20T08:00:00,8,3,7,0,31.71,90.77,189.89,77.67,22.582,8.341,10.15,-0.0,14.241
2023-07-20T09:00:00,9,3,7,0,34.89,77.16,249.61,75.78,22.962,11.836,10.33,-0.0,11.126
2023-07-20T10:00:00,10,3,7,0,35.91,77.11,328.9,69.21,22.027,14.81,10.19,-0.0,7.217
2023-07-20T11:00:00,11,3,7,0,36.54,89.53,354.3,72.28,20.436,16.374,9.85,-0.0,4.062
2023-07-20T12:00:00,12,3,7,0,37.67,91.36,488.68,49.83,20.681,21.716,10.71,1.035,0.0
2023-07-20T13:00:00,13,3,7,0,38.91,83.61,439.32,55.95,20.257,19.811,10.7,-0.446,0.0
2023-07-20T14:00:00,14,3,7,0,40.33,83.17,351.04,65.29,20.598,15.637,9.98,-0.506,4.455
2023-07-20T15:00:00,15,3,7,0,37.43,75.8,400.64,40.62,19.997,17.835,9.89,-0.0,2.162
2023-07-20T16:00:00,16,3,7,0,42.5,78.77,193.36,78.29,24.216,9.005,10.24,-0.0,15.211
2023-07-20T17:00:00,17,3,7,0,39.67,80.91,171.53,55.95,27.789,8.106,9.97,-0.0,19.683
2023-07-20T18:00:00,18,3,7,0,39.12,89.99,43.75,76.28,29.551,2.026,9.98,-0.0,27.525
2023-07-20T19:00:00,19,3,7,0,35.05,85.28,0.0,61.52,30.62,0.002,9.9,-0.0,30.618
2023-07-20T20:00:00,20,3,7,0,35.43,88.18,0.0,64.54,29.901,0.0,9.69,-0.0,29.901
2023-07-20T21:00:00,21,3,7,0,33.86,82.95,0.0,86.4,24.656,0.0,9.86,-0.0,24.656
2023-07-20T22:00:00,22,3,7,0,33.73,90.75,0.0,86.8,24.796,0.0,9.9,-0.0,24.796
2023-07-20T23:00:00,23,3,7,0,30.16,85.0,0.0,78.29,18.732,0.0,9.75,-0.0,18.732
2023-07-21T00:00:00,0,4,7,0,29.37,84.97,0.47,48.12,13.375,0.0,10.01,-0.0,13.375
2023-07-21T01:00:00,1,4,7,0,26.72,88.22,0.0,44.21,8.837,0.0,10.04,-0.0,8.837
2023-07-21T02:00:00,2,4,7,0,26.77,85.09,0.0,61.8,10.179,0.008,10.14,-0.0,10.171
2023-07-21T03:00:00,3,4,7,0,27.68,81.74,0.57,58.97,11.752,0.028,9.89,-0.0,11.724
2023-07-21T04:00:00,4,4,7,0,28.93,85.07,2.35,39.78,12.607,0.0,9.72,-0.0,12.607
2023-07-21T05:00:00,5,4,7,0,25.44,84.44,1.63,39.36,12.284,0.006,9.95,-0.0,12.278
2023-07-21T06:00:00,6,4,7,0,27.64,83.05,115.37,29.16,17.132,5.409,9.81,-0.0,11.723
2023-07-21T07:00:00,7,4,7,0,28.17,90.79,167.68,65.28,21.37,8.278,10.0,-0.0,13.092
2023-07-21T08:00:00,8,4,7,0,30.44,86.48,372.59,23.23,22.726,18.347,10.13,-0.0,4.379
2023-07-21T09:00:00,9,4,7,0,33.87,80.93,511.21,20.3,25.178,22.485,9.92,-0.0,2.693
2023-07-21T10:00:00,10,4,7,0,33.38,82.62,514.93,34.12,22.15,24.203,11.88,2.053,0.0
2023-07-21T11:00:00,11,4,7,0,36.28,78.59,446.03,52.34,21.087,20.911,11.41,-0.176,0.0
2023-07-21T12:00:00,12,4,7,0,35.71,75.69,668.12,25.75,19.899,30.686,21.58,10.787,0.0
2023-07-21T13:00:00,13,4,7,0,38.45,83.8,388.89,63.16,19.187,18.55,21.24,-0.637,0.0
2023-07-21T14:00:00,14,4,7,0,42.39,72.73,554.31,31.06,23.341,24.282,21.95,0.941,0.0
2023-07-21T15:00:00,15,4,7,0,41.79,81.25,342.92,58.55,22.693,15.132,14.19,-7.561,0.0
2023-07-21T16:00:00,16,4,7,0,40.07,70.2,386.09,20.77,22.549,17.013,9.83,-4.305,1.231
2023-07-21T17:00:00,17,4,7,0,38.81,90.34,167.48,58.9,27.455,7.66,10.0,-0.0,19.795
2023-07-21T18:00:00,18,4,7,0,36.8,86.27,52.48,82.27,28.153,2.378,10.08,-0.0,25.775
2023-07-21T19:00:00,19,4,7,0,36.19,84.89,0.0,73.03,30.807,0.01,9.88,-0.0,30.797
2023-07-21T20:00:00,20,4,7,0,35.51,82.28,0.59,73.5,30.33,0.002,9.97,-0.0,30.328
2023-07-21T21:00:00,21,4,7,0,34.96,89.61,1.43,40.53,25.558,0.0,9.71,-0.0,25.558
2023-07-21T22:00:00,22,4,7,0,33.89,74.49,0.0,41.32,22.751,0.043,10.12,-0.0,22.708
2023-07-21T23:00:00,23,4,7,0,31.98,82.92,0.0,72.14,19.945,0.0,9.87,-0.0,19.945
2023-07-22T00:00:00,0,5,7,1,29.03,90.95,0.5,62.99,13.528,0.008,10.1,-0.0,13.52
2023-07-22T01:00:00,1,5,7,1,28.3,91.85,0.73,86.8,11.911,0.0,10.05,-0.0,11.911
2023-07-22T02:00:00,2,5,7,1,27.05,86.1,0.57,71.06,11.72,0.002,10.07,-0.0,11.718
2023-07-22T03:00:00,3,5,7,1,25.81,87.3,1.09,73.56,12.105,0.008,9.96,-0.0,12.097
2023-07-22T04:00:00,4,5,7,1,29.37,89.21,0.32,90.8,10.065,0.0,10.25,-0.0,10.065
2023-07-22T05:00:00,5,5,7,1,25.68,92.09,0.0,83.36,11.859,0.0,9.9,-0.0,11.859
2023-07-22T06:00:00,6,5,7,1,28.35,97.15,43.8,78.52,13.575,2.132,10.25,-0.0,11.443
2023-07-22T07:00:00,7,5,7,1,32.53,87.17,174.7,58.93,19.433,8.188,10.04,-0.0,11.245
2023-07-22T08:00:00,8,5,7,1,29.56,92.55,212.26,69.93,18.79,10.255,10.02,-0.0,8.535
2023-07-22T09:00:00,9,5,7,1,32.71,83.17,299.43,67.53,19.037,13.851,9.97,-0.0,5.186
2023-07-22T10:00:00,10,5,7,1,34.56,85.59,392.24,58.82,23.97,18.196,10.02,-0.0,5.774
2023-07-22T11:00:00,11,5,7,1,37.36,77.59,269.11,84.76,24.229,12.603,10.0,-0.0,11.626
2023-07-22T12:00:00,12,5,7,1,36.02,85.28,329.23,73.2,21.672,15.135,10.26,-0.0,6.537
2023-07-22T13:00:00,13,5,7,1,40.43,83.61,280.74,80.41,23.752,12.764,9.82,-0.0,10.988
2023-07-22T14:00:00,14,5,7,1,41.04,91.6,252.15,79.09,26.305,11.447,9.97,-0.0,14.858
2023-07-22T15:00:00,15,5,7,1,41.41,91.37,201.37,87.73,24.983,9.743,9.86,-0.0,15.24
2023-07-22T16:00:00,16,5,7,1,39.37,81.22,229.98,73.12,22.287,9.843,9.91,-0.0,12.444
2023-07-22T17:00:00,17,5,7,1,39.53,77.24,158.49,65.78,25.819,7.505,10.0,-0.0,18.314
2023-07-22T18:00:00,18,5,7,1,36.38,83.77,38.31,96.84,24.146,1.786,10.23,-0.0,22.36
2023-07-22T19:00:00,19,5,7,1,36.5,80.49,0.0,58.91,24.089,0.0,10.07,-0.0,24.089
2023-07-22T20:00:00,20,5,7,1,38.27,91.0,0.0,82.25,26.025,0.022,9.86,-0.0,26.003
2023-07-22T21:00:00,21,5,7,1,34.07,86.78,0.0,68.3,21.946,0.0,9.96,-0.0,21.946
2023-07-22T22:00:00,22,5,7,1,30.21,90.44,0.84,75.06,21.848,0.033,10.17,-0.0,21.815
2023-07-22T23:00:00,23,5,7,1,31.36,92.35,0.0,82.27,17.605,0.002,9.91,-0.0,17.603
2023-07-23T00:00:00,0,6,7,1,27.32,82.01,1.6,58.74,11.529,0.014,10.02,-0.0,11.515
2023-07-23T01:00:00,1,6,7,1,26.02,88.56,0.0,88.09,12.348,0.0,10.06,-0.0,12.348
2023-07-23T02:00:00,2,6,7,1,25.81,92.85,0.3,74.96,14.522,0.0,9.97,-0.0,14.522
2023-07-23T03:00:00,3,6,7,1,27.56,80.86,1.25,44.77,9.377,0.0,9.86,-0.0,9.377
2023-07-23T04:00:00,4,6,7,1,28.94,79.1,0.67,63.01,12.523,0.006,10.04,-0.0,12.517
2023-07-23T05:00:00,5,6,7,1,29.32,80.67,0.0,60.06,12.777,0.0,10.35,-0.0,12.777
2023-07-23T06:00:00,6,6,7,1,29.23,89.19,87.11,45.32,14.477,4.084,9.93,-0.0,10.393
2023-07-23T07:00:00,7,6,7,1,28.65,86.69,139.55,74.1,16.609,7.003,9.92,-0.0,9.606
2023-07-23T08:00:00,8,6,7,1,30.94,86.21,271.19,59.36,17.468,12.485,10.11,-0.0,4.983
2023-07-23T09:00:00,9,6,7,1,34.12,79.14,280.16,65.79,21.048,13.06,10.36,-0.0,7.988
2023-07-23T10:00:00,10,6,7,1,34.45,83.25,431.22,47.36,21.677,21.063,9.87,-0.0,0.614
2023-07-23T11:00:00,11,6,7,1,36.31,79.85,457.8,53.13,25.359,21.194,9.82,-0.0,4.165
2023-07-23T12:00:00,12,6,7,1,38.66,80.35,553.63,41.24,26.293,26.159,10.12,-0.0,0.134
2023-07-23T13:00:00,13,6,7,1,38.45,76.61,503.62,46.28,22.904,23.361,10.54,0.457,0.0
2023-07-23T14:00:00,14,6,7,1,40.15,80.47,449.17,45.54,24.733,20.999,9.85,-0.42,3.314
2023-07-23T15:00:00,15,6,7,1,42.8,74.42,390.72,49.26,26.401,17.411,9.96,-0.0,8.99
2023-07-23T16:00:00,16,6,7,1,38.97,83.39,203.48,80.15,21.399,9.426,9.83,-0.0,11.973
2023-07-23T17:00:00,17,6,7,1,41.01,76.88,183.61,50.64,26.419,8.786,9.94,-0.0,17.633
2023-07-23T18:00:00,18,6,7,1,39.68,76.78,94.66,35.16,25.109,4.235,9.96,-0.0,20.874
2023-07-23T19:00:00,19,6,7,1,34.92,85.25,0.2,65.73,23.003,0.0,10.14,-0.0,23.003
2023-07-23T20:00:00,20,6,7,1,33.65,76.57,0.0,29.03,24.691,0.041,10.18,-0.0,24.65
2023-07-23T21:00:00,21,6,7,1,33.05,85.85,0.0,76.16,23.594,0.013,9.99,-0.0,23.581
2023-07-23T22:00:00,22,6,7,1,30.38,87.37,0.33,66.31,18.237,0.008,10.23,-0.0,18.229
2023-07-23T23:00:00,23,6,7,1,30.29,87.35,0.0,55.14,19.115,0.007,10.14,-0.0,19.108
2023-07-24T00:00:00,0,0,7,0,29.22,85.87,0.37,60.82,13.615,0.029,9.8,-0.0,13.586
2023-07-24T01:00:00,1,0,7,0,28.6,81.37,2.18,55.61,9.101,0.0,10.17,-0.0,9.101
2023-07-24T02:00:00,2,0,7,0,27.58,89.59,0.45,74.18,10.95,0.019,10.12,-0.0,10.931
2023-07-24T03:00:00,3,0,7,0,25.82,91.65,0.0,62.04,9.602,0.0,10.29,-0.0,9.602
2023-07-24T04:00:00,4,0,7,0,24.54,84.28,0.0,74.94,11.912,0.0,10.04,-0.0,11.912
2023-07-24T05:00:00,5,0,7,0,28.56,80.34,1.37,63.01,11.891,0.0,10.27,-0.0,11.891
2023-07-24T06:00:00,6,0,7,0,29.9,84.04,62.21,70.61,16.97,3.014,9.74,-0.0,13.956
2023-07-24T07:00:00,7,0,7,0,30.57,86.96,107.05,76.88,20.374,5.19,9.93,-0.0,15.184
2023-07-24T08:00:00,8,0,7,0,35.1,72.91,214.35,66.65,24.76,9.465,9.7,-0.0,15.295
2023-07-24T09:00:00,9,0,7,0,35.35,87.21,275.56,70.51,22.136,12.703,9.95,-0.0,9.433
2023-07-24T10:00:00,10,0,7,0,36.05,81.69,372.0,61.53,23.391,18.026,10.02,-0.0,5.365
2023-07-24T11:00:00,11,0,7,0,34.57,69.93,478.29,49.99,20.5,22.81,12.12,2.31,0.0
2023-07-24T12:00:00,12,0,7,0,38.28,73.44,538.73,45.74,20.363,24.092,15.7,3.729,0.0
2023-07-24T13:00:00,13,0,7,0,38.52,78.31,462.74,51.99,20.593,21.624,16.88,1.031,0.0
2023-07-24T14:00:00,14,0,7,0,39.5,68.85,477.46,41.6,20.081,20.656,16.98,0.575,0.0
2023-07-24T15:00:00,15,0,7,0,40.95,82.3,400.75,45.17,23.551,17.499,11.17,-6.052,0.0
2023-07-24T16:00:00,16,0,7,0,39.79,80.52,257.98,55.13,23.661,10.903,10.11,-0.981,11.777
2023-07-24T17:00:00,17,0,7,0,37.91,85.47,160.19,64.83,25.356,7.276,10.06,-0.0,18.08
2023-07-24T18:00:00,18,0,7,0,40.75,76.14,55.49,69.99,32.073,2.555,10.13,-0.0,29.518
2023-07-24T19:00:00,19,0,7,0,37.69,87.36,0.0,85.56,29.943,0.0,9.95,-0.0,29.943
2023-07-24T20:00:00,20,0,7,0,32.71,83.34,0.0,76.26,26.499,0.015,10.16,-0.0,26.484
2023-07-24T21:00:00,21,0,7,0,33.11,83.9,0.0,65.83,26.742,0.0,9.78,-0.0,26.742
2023-07-24T22:00:00,22,0,7,0,32.27,88.76,0.0,76.93,21.956,0.0,10.02,-0.0,21.956
2023-07-24T23:00:00,23,0,7,0,31.47,85.56,1.34,66.75,17.565,0.0,9.95,-0.0,17.565
2023-07-25T00:00:00,0,1,7,0,28.96,92.33,0.0,73.44,12.912,0.0,10.37,-0.0,12.912
2023-07-25T01:00:00,1,1,7,0,29.21,87.55,0.83,64.84,12.235,0.0,9.84,-0.0,12.235
2023-07-25T02:00:00,2,1,7,0,26.52,86.53,0.95,68.2,11.299,0.0,10.07,-0.0,11.299
2023-07-25T03:00:00,3,1,7,0,25.42,93.17,0.0,64.91,8.842,0.0,10.19,-0.0,8.842
2023-07-25T04:00:00,4,1,7,0,25.19,96.07,0.0,76.37,10.22,0.031,9.92,-0.0,10.189
2023-07-25T05:00:00,5,1,7,0,29.25,86.24,0.87,57.9,13.54,0.015,10.01,-0.0,13.525
2023-07-25T06:00:00,6,1,7,0,30.48,93.02,78.33,66.0,18.374,4.042,9.92,-0.0,14.332
2023-07-25T07:00:00,7,1,7,0,31.17,82.96,176.88,53.88,22.294,8.231,9.94,-0.0,14.063
2023-07-25T08:00:00,8,1,7,0,34.15,85.99,181.51,81.39,24.395,8.531,10.25,-0.0,15.864
2023-07-25T09:00:00,9,1,7,0,34.4,84.59,290.47,68.55,24.591,13.893,9.72,-0.0,10.698
2023-07-25T10:00:00,10,1,7,0,35.94,79.3,489.85,43.41,21.585,23.512,11.81,1.927,0.0
2023-07-25T11:00:00,11,1,7,0,35.24,81.48,413.08,61.39,19.138,19.473,11.77,0.335,0.0
2023-07-25T12:00:00,12,1,7,0,39.4,76.46,453.41,56.72,20.556,21.341,12.95,0.785,0.0
2023-07-25T13:00:00,13,1,7,0,39.67,74.07,458.71,51.04,20.112,21.062,13.62,0.95,0.0
2023-07-25T14:00:00,14,1,7,0,40.1,80.46,402.37,58.4,22.027,17.78,9.74,-3.677,0.57
2023-07-25T15:00:00,15,1,7,0,38.17,88.18,280.63,66.58,21.864,13.275,9.98,-0.0,8.589
2023-07-25T16:00:00,16,1,7,0,40.0,86.95,190.39,77.87,23.065,8.648,9.82,-0.0,14.417
2023-07-25T17:00:00,17,1,7,0,36.83,86.5,120.03,77.44,24.885,5.563,10.15,-0.0,19.322
2023-07-25T18:00:00,18,1,7,0,39.05,84.5,85.28,43.56,29.097,3.687,10.16,-0.0,25.41
2023-07-25T19:00:00,19,1,7,0,34.93,85.32,0.21,74.88,28.825,0.018,9.83,-0.0,28.807
2023-07-25T20:00:00,20,1,7,0,34.85,79.52,0.0,69.53,28.612,0.0,10.08,-0.0,28.612
2023-07-25T21:00:00,21,1,7,0,32.03,84.73,0.69,72.62,27.582,0.017,9.9,-0.0,27.565
2023-07-25T22:00:00,22,1,7,0,32.04,83.76,1.52,56.57,21.241,0.0,9.96,-0.0,21.241
2023-07-25T23:00:00,23,1,7,0,28.67,82.93,0.0,53.74,17.972,0.006,10.3,-0.0,17.966
2023-07-26T00:00:00,0,2,7,0,28.2,88.92,0.0,54.55,12.734,0.0,9.94,-0.0,12.734
2023-07-26T01:00:00,1,2,7,0,31.13,87.9,0.18,47.63,11.581,0.0,10.22,-0.0,11.581
2023-07-26T02:00:00,2,2,7,0,28.41,77.65,0.0,58.24,11.024,0.0,10.27,-0.0,11.024
2023-07-26T03:00:00,3,2,7,0,27.39,82.46,0.21,33.65,10.38,0.013,9.95,-0.0,10.367
2023-07-26T04:00:00,4,2,7,0,27.48,69.96,0.0,42.57,10.644,0.013,10.04,-0.0,10.631
2023-07-26T05:00:00,5,2,7,0,29.23,84.16,0.0,49.95,12.72,0.0,9.93,-0.0,12.72
2023-07-26T06:00:00,6,2,7,0,29.46,84.33,74.67,52.32,16.591,3.573,10.0,-0.0,13.018
2023-07-26T07:00:00,7,2,7,0,28.57,94.64,185.86,55.14,20.383,8.148,10.1,-0.0,12.235
2023-07-26T08:00:00,8,2,7,0,31.62,90.82,281.48,50.89,22.598,13.464,9.99,-0.0,9.134
2023-07-26T09:00:00,9,2,7,0,31.85,87.32,393.16,46.53,24.198,18.442,10.06,-0.0,5.756
2023-07-26T10:00:00,10,2,7,0,36.02,78.73,328.87,67.56,22.958,14.422,9.9,-0.0,8.536
2023-07-26T11:00:00,11,2,7,0,38.94,78.25,322.67,77.05,18.981,15.695,9.87,-0.0,3.286
2023-07-26T12:00:00,12,2,7,0,38.17,76.12,415.82,62.64,19.976,19.232,9.95,-0.0,0.744
2023-07-26T13:00:00,13,2,7,0,36.43,90.73,375.01,66.22,21.379,16.917,10.02,-0.0,4.462
2023-07-26T14:00:00,14,2,7,0,40.67,75.84,360.69,63.72,21.925,15.812,10.2,-0.0,6.113
2023-07-26T15:00:00,15,2,7,0,38.16,82.58,215.21,81.94,20.037,9.738,9.98,-0.0,10.299
2023-07-26T16:00:00,16,2,7,0,38.41,78.09,222.49,70.08,23.334,10.068,10.06,-0.0,13.266
2023-07-26T17:00:00,17,2,7,0,39.81,76.35,116.03,75.59,24.003,5.354,9.86,-0.0,18.649
2023-07-26T18:00:00,18,2,7,0,38.81,81.94,88.99,56.17,29.684,4.009,10.13,-0.0,25.675
2023-07-26T19:00:00,19,2,7,0,35.75,83.44,0.0,60.94,29.755,0.023,9.94,-0.0,29.732
2023-07-26T20:00:00,20,2,7,0,34.08,70.51,0.0,47.85,29.436,0.0,9.97,-0.0,29.436
2023-07-26T21:00:00,21,2,7,0,32.91,77.22,1.1,57.49,24.68,0.0,10.01,-0.0,24.68
2023-07-26T22:00:00,22,2,7,0,31.97,85.5,0.0,57.41,21.547,0.0,9.92,-0.0,21.547
2023-07-26T23:00:00,23,2,7,0,28.64,83.22,0.0,40.92,14.384,0.0,9.84,-0.0,14.384
2023-07-27T00:00:00,0,3,7,0,28.62,84.53,0.0,60.53,11.855,0.0,10.07,-0.0,11.855
2023-07-27T01:00:00,1,3,7,0,27.94,90.1,0.85,61.57,11.303,0.0,10.14,-0.0,11.303
2023-07-27T02:00:00,2,3,7,0,26.64,75.44,1.09,27.42,11.557,0.01,9.8,-0.0,11.547
2023-07-27T03:00:00,3,3,7,0,24.02,86.23,0.39,61.42,12.766,0.016,10.04,-0.0,12.75
2023-07-27T04:00:00,4,3,7,0,27.04,87.34,1.07,42.83,9.77,0.021,10.04,-0.0,9.749
2023-07-27T05:00:00,5,3,7,0,24.55,84.66,1.74,54.74,13.08,0.016,9.95,-0.0,13.064
2023-07-27T06:00:00,6,3,7,0,27.97,87.31,75.87,52.91,15.421,3.688,9.95,-0.0,11.733
2023-07-27T07:00:00,7,3,7,0,29.16,77.53,213.3,40.62,19.858,10.015,10.16,-0.0,9.843
2023-07-27T08:00:00,8,3,7,0,31.0,81.33,253.07,61.98,23.302,12.222,10.33,-0.0,11.08
2023-07-27T09:00:00,9,3,7,0,33.39,70.27,466.45,28.97,23.29,21.492,10.2,-0.0,1.798
2023-07-27T10:00:00,10,3,7,0,36.79,71.97,370.31,61.94,24.68,16.538,10.08,-0.0,8.142
2023-07-27T11:00:00,11,3,7,0,36.3,77.55,509.11,44.65,19.847,23.233,13.29,3.386,0.0
2023-07-27T12:00:00,12,3,7,0,38.16,84.95,354.47,69.9,18.959,15.39,10.07,-3.115,0.454
2023-07-27T13:00:00,13,3,7,0,39.33,77.87,501.11,45.85,20.833,22.019,10.99,1.186,0.0
2023-07-27T14:00:00,14,3,7,0,37.26,92.31,213.35,92.03,18.475,10.05,10.06,-1.091,7.334
2023-07-27T15:00:00,15,3,7,0,42.02,76.27,365.57,54.32,22.551,16.205,9.8,-0.0,6.346
2023-07-27T16:00:00,16,3,7,0,38.44,75.27,133.73,92.12,23.813,6.068,9.89,-0.0,17.745
2023-07-27T17:00:00,17,3,7,0,39.06,84.88,129.97,76.26,25.647,5.913,10.14,-0.0,19.734
2023-07-27T18:00:00,18,3,7,0,38.83,79.05,43.92,83.98,29.971,1.882,9.97,-0.0,28.089
2023-07-27T19:00:00,19,3,7,0,36.91,85.05,0.24,76.78,30.715,0.0,9.88,-0.0,30.715
2023-07-27T20:00:00,20,3,7,0,34.14,71.83,0.0,58.89,29.709,0.0,9.91,-0.0,29.709
2023-07-27T21:00:00,21,3,7,0,34.87,76.97,0.0,28.85,26.455,0.022,9.82,-0.0,26.433
2023-07-27T22:00:00,22,3,7,0,29.54,95.46,0.0,100.0,21.577,0.0,10.05,-0.0,21.577
2023-07-27T23:00:00,23,3,7,0,29.73,91.24,0.59,76.58,16.407,0.0,9.94,-0.0,16.407
2023-07-28T00:00:00,0,4,7,0,28.32,79.95,0.0,23.88,11.49,0.013,9.96,-0.0,11.477
2023-07-28T01:00:00,1,4,7,0,27.08,86.79,0.17,58.23,11.259,0.026,10.06,-0.0,11.233
2023-07-28T02:00:00,2,4,7,0,27.84,85.98,0.0,70.5,11.239,0.009,10.05,-0.0,11.23
2023-07-28T03:00:00,3,4,7,0,25.92,83.69,0.0,41.55,10.288,0.0,9.82,-0.0,10.288
2023-07-28T04:00:00,4,4,7,0,26.46,87.46,0.34,37.84,11.234,0.0,9.83,-0.0,11.234
2023-07-28T05:00:00,5,4,7,0,28.45,84.33,0.0,70.19,11.431,0.0,9.99,-0.0,11.431
2023-07-28T06:00:00,6,4,7,0,28.41,86.52,51.43,81.4,15.668,2.579,10.1,-0.0,13.089
2023-07-28T07:00:00,7,4,7,0,28.86,80.91,137.65,76.53,20.285,6.514,9.9,-0.0,13.771
2023-07-28T08:00:00,8,4,7,0,31.07,94.34,88.77,100.0,23.304,4.253,9.92,-0.0,19.051
2023-07-28T09:00:00,9,4,7,0,32.91,86.85,191.54,88.97,22.011,8.339,10.02,-0.0,13.672
2023-07-28T10:00:00,10,4,7,0,33.6,79.39,322.68,73.23,19.944,14.282,10.02,-0.0,5.662
2023-07-28T11:00:00,11,4,7,0,37.52,87.47,341.89,71.95,20.701,15.908,9.99,-0.0,4.793
2023-07-28T12:00:00,12,4,7,0,38.25,84.84,248.99,87.88,21.088,11.223,10.06,-0.0,9.865
2023-07-28T13:00:00,13,4,7,0,36.79,83.98,163.69,100.0,21.545,7.385,9.86,-0.0,14.16
2023-07-28T14:00:00,14,4,7,0,37.34,91.13,210.72,95.21,18.501,9.295,10.23,-0.0,9.206
2023-07-28T15:00:00,15,4,7,0,40.59,83.89,154.54,100.0,22.226,7.193,9.96,-0.0,15.033
2023-07-28T16:00:00,16,4,7,0,38.69,78.8,102.68,100.0,21.663,4.765,10.25,-0.0,16.898
2023-07-28T17:00:00,17,4,7,0,38.93,90.91,90.77,97.36,25.822,4.105,9.67,-0.0,21.717
2023-07-28T18:00:00,18,4,7,0,39.07,80.58,35.59,88.91,29.107,1.626,9.75,-0.0,27.481
2023-07-28T19:00:00,19,4,7,0,34.65,98.0,0.0,93.48,30.151,0.024,9.99,-0.0,30.127
2023-07-28T20:00:00,20,4,7,0,33.77,87.13,0.0,100.0,27.031,0.017,10.15,-0.0,27.014
2023-07-28T21:00:00,21,4,7,0,35.69,73.2,0.53,66.5,27.306,0.001,10.04,-0.0,27.305
2023-07-28T22:00:00,22,4,7,0,31.42,95.34,0.0,72.85,21.838,0.0,9.98,-0.0,21.838
2023-07-28T23:00:00,23,4,7,0,30.33,88.31,2.69,82.3,18.412,0.018,10.04,-0.0,18.394
2023-07-29T00:00:00,0,5,7,1,25.95,87.84,1.93,52.7,13.307,0.004,10.0,-0.0,13.303
2023-07-29T01:00:00,1,5,7,1,26.84,93.05,0.0,86.48,12.308,0.0,10.29,-0.0,12.308
2023-07-29T02:00:00,2,5,7,1,24.64,86.0,0.94,89.52,12.736,0.0,9.92,-0.0,12.736
2023-07-29T03:00:00,3,5,7,1,28.4,75.29,1.71,58.75,12.606,0.01,10.19,-0.0,12.596
2023-07-29T04:00:00,4,5,7,1,25.65,98.0,0.0,86.52,10.879,0.0,9.89,-0.0,10.879
2023-07-29T05:00:00,5,5,7,1,28.21,81.66,0.53,80.43,11.517,0.0,9.96,-0.0,11.517
2023-07-29T06:00:00,6,5,7,1,27.56,96.27,70.36,68.75,13.582,3.276,9.85,-0.0,10.306
2023-07-29T07:00:00,7,5,7,1,27.85,89.37,184.14,60.83,15.883,9.351,10.13,-0.0,6.532
2023-07-29T08:00:00,8,5,7,1,30.42,89.06,203.22,79.92,17.982,9.187,10.18,-0.0,8.795
2023-07-29T09:00:00,9,5,7,1,29.23,84.19,301.02,64.52,17.444,14.186,9.97,-0.0,3.258
2023-07-29T10:00:00,10,5,7,1,33.96,92.29,491.17,43.3,23.222,23.536,10.37,0.314,0.0
2023-07-29T11:00:00,11,5,7,1,35.97,75.06,559.71,35.86,24.065,24.3,10.52,0.235,0.0
2023-07-29T12:00:00,12,5,7,1,38.67,74.42,569.07,40.56,26.834,26.055,10.09,-0.505,0.274
2023-07-29T13:00:00,13,5,7,1,35.49,83.2,537.27,42.86,21.69,23.376,11.73,1.686,0.0
2023-07-29T14:00:00,14,5,7,1,39.77,74.92,428.33,48.17,24.367,19.37,9.83,-1.551,3.446
2023-07-29T15:00:00,15,5,7,1,40.53,73.32,376.45,51.59,24.475,18.155,9.84,-0.0,6.32
2023-07-29T16:00:00,16,5,7,1,40.98,79.33,241.11,61.48,24.007,9.942,9.92,-0.0,14.065
2023-07-29T17:00:00,17,5,7,1,38.74,85.52,140.96,69.71,22.601,6.377,9.93,-0.0,16.224
2023-07-29T18:00:00,18,5,7,1,39.0,90.88,57.1,66.66,25.116,2.546,10.03,-0.0,22.57
2023-07-29T19:00:00,19,5,7,1,34.93,92.61,0.0,56.49,23.034,0.004,10.0,-0.0,23.03
2023-07-29T20:00:00,20,5,7,1,35.92,70.46,1.02,41.55,24.434,0.005,9.97,-0.0,24.429
2023-07-29T21:00:00,21,5,7,1,33.15,90.46,0.0,70.28,22.45,0.0,9.99,-0.0,22.45
2023-07-29T22:00:00,22,5,7,1,30.53,82.47,1.52,74.97,18.662,0.0,10.03,-0.0,18.662
2023-07-29T23:00:00,23,5,7,1,27.22,83.2,0.0,66.02,16.584,0.0,9.88,-0.0,16.584
2023-07-30T00:00:00,0,6,7,1,26.97,86.36,0.0,73.04,12.496,0.01,9.68,-0.0,12.486
2023-07-30T01:00:00,1,6,7,1,25.95,86.56,0.97,72.78,12.208,0.0,9.86,-0.0,12.208
2023-07-30T02:00:00,2,6,7,1,27.12,83.85,1.35,74.5,11.876,0.0,10.17,-0.0,11.876
2023-07-30T03:00:00,3,6,7,1,23.77,77.43,0.0,61.27,11.277,0.0,9.61,-0.0,11.277
2023-07-30T04:00:00,4,6,7,1,23.96,96.13,0.0,60.93,12.068,0.008,10.17,-0.0,12.06
2023-07-30T05:00:00,5,6,7,1,28.68,92.45,0.51,71.92,12.521,0.0,9.91,-0.0,12.521
2023-07-30T06:00:00,6,6,7,1,28.89,88.93,63.11,79.73,16.048,3.193,10.13,-0.0,12.855
2023-07-30T07:00:00,7,6,7,1,27.77,82.48,188.17,64.33,15.424,8.638,9.85,-0.0,6.786
2023-07-30T08:00:00,8,6,7,1,30.87,91.49,257.92,62.33,16.717,11.889,9.62,-0.0,4.828
2023-07-30T09:00:00,9,6,7,1,34.4,86.06,226.1,82.36,21.059,10.252,9.87,-0.0,10.807
2023-07-30T10:00:00,10,6,7,1,34.64,78.71,431.37,51.27,26.054,20.503,9.98,-0.0,5.551
2023-07-30T11:00:00,11,6,7,1,35.95,75.25,372.42,68.66,22.145,17.539,10.06,-0.0,4.606
2023-07-30T12:00:00,12,6,7,1,38.96,85.06,369.35,72.36,25.585,16.076,9.79,-0.0,9.509
2023-07-30T13:00:00,13,6,7,1,37.24,78.85,446.81,53.68,25.96,21.429,10.06,-0.0,4.531
2023-07-30T14:00:00,14,6,7,1,39.53,75.96,612.35,23.05,22.625,26.805,13.85,4.18,0.0
2023-07-30T15:00:00,15,6,7,1,38.67,83.51,261.68,73.27,24.723,12.229,9.91,-3.846,8.648
2023-07-30T16:00:00,16,6,7,1,38.01,90.22,103.53,100.0,24.365,4.842,10.02,-0.0,19.523
2023-07-30T17:00:00,17,6,7,1,37.93,86.07,110.82,85.96,22.907,5.115,10.01,-0.0,17.792
2023-07-30T18:00:00,18,6,7,1,37.55,77.07,83.86,42.0,21.956,3.779,10.08,-0.0,18.177
2023-07-30T19:00:00,19,6,7,1,35.52,89.53,0.0,88.98,24.523,0.0,10.03,-0.0,24.523
2023-07-30T20:00:00,20,6,7,1,33.65,88.52,0.0,62.19,23.08,0.0,10.02,-0.0,23.08
2023-07-30T21:00:00,21,6,7,1,34.66,92.11,0.0,69.93,23.053,0.0,10.3,-0.0,23.053
2023-07-30T22:00:00,22,6,7,1,29.39,86.18,4.37,100.0,19.96,0.013,9.71,-0.0,19.947
2023-07-30T23:00:00,23,6,7,1,29.87,97.08,0.0,100.0,18.128,0.015,9.8,-0.0,18.113
2023-07-31T00:00:00,0,0,7,0,26.33,82.78,1.33,81.64,10.475,0.023,10.16,-0.0,10.452
2023-07-31T01:00:00,1,0,7,0,27.87,92.28,0.0,63.9,11.067,0.032,9.78,-0.0,11.035
2023-07-31T02:00:00,2,0,7,0,23.04,89.37,0.0,80.27,10.756,0.021,10.13,-0.0,10.735
2023-07-31T03:00:00,3,0,7,0,27.64,90.92,0.0,59.76,10.622,0.007,10.05,-0.0,10.615
2023-07-31T04:00:00,4,0,7,0,24.86,92.25,0.0,36.73,12.1,0.004,9.8,-0.0,12.096
2023-07-31T05:00:00,5,0,7,0,28.42,88.55,0.0,67.23,10.644,0.012,10.15,-0.0,10.632
2023-07-31T06:00:00,6,0,7,0,26.87,87.49,84.86,62.08,16.925,4.151,10.18,-0.0,12.774
2023-07-31T07:00:00,7,0,7,0,29.08,87.93,118.12,74.75,19.746,5.775,10.0,-0.0,13.971
2023-07-31T08:00:00,8,0,7,0,34.22,83.81,206.64,78.54,25.203,9.702,9.99,-0.0,15.501
2023-07-31T09:00:00,9,0,7,0,32.08,96.18,134.28,100.0,23.722,6.251,10.19,-0.0,17.471
2023-07-31T10:00:00,10,0,7,0,36.85,81.76,389.04,62.4,21.845,19.452,9.75,-0.0,2.393
2023-07-31T11:00:00,11,0,7,0,35.61,72.89,388.23,67.66,19.395,18.603,10.1,-0.0,0.792
2023-07-31T12:00:00,12,0,7,0,38.38,86.06,423.47,63.64,20.98,19.023,9.78,-0.0,1.957
2023-07-31T13:00:00,13,0,7,0,37.4,81.94,582.88,34.36,18.94,26.337,16.89,7.397,0.0
2023-07-31T14:00:00,14,0,7,0,39.74,80.09,391.8,56.83,21.406,17.835,13.21,-3.571,0.0
2023-07-31T15:00:00,15,0,7,0,37.84,71.85,511.22,22.65,19.495,22.838,16.3,3.343,0.0
2023-07-31T16:00:00,16,0,7,0,38.27,75.17,258.04,58.77,23.906,11.586,10.25,-6.31,6.01
2023-07-31T17:00:00,17,0,7,0,37.39,77.12,176.98,56.08,25.85,7.645,9.77,-0.0,18.205
2023-07-31T18:00:00,18,0,7,0,36.18,81.2,70.34,46.06,27.12,2.955,10.11,-0.0,24.165
2023-07-31T19:00:00,19,0,7,0,34.81,72.21,0.0,49.14,31.009,0.0,9.99,-0.0,31.009
2023-07-31T20:00:00,20,0,7,0,34.6,87.58,0.0,75.27,30.158,0.0,10.01,-0.0,30.158
2023-07-31T21:00:00,21,0,7,0,34.66,83.61,0.0,60.77,26.074,0.0,10.13,-0.0,26.074
2023-07-31T22:00:00,22,0,7,0,29.95,93.5,0.25,68.91,21.683,0.0,10.12,-0.0,21.683
2023-07-31T23:00:00,23,0,7,0,28.14,90.54,0.0,62.08,17.784,0.0,10.09,-0.0,17.784
2023-08-01T00:00:00,0,1,8,0,25.6,84.5,0.94,59.99,10.469,0.008,9.87,-0.0,10.461
2023-08-01T01:00:00,1,1,8,0,29.71,79.63,0.0,74.83,9.454,0.012,10.09,-0.0,9.442
2023-08-01T02:00:00,2,1,8,0,25.89,83.37,0.0,56.8,9.903,0.024,10.11,-0.0,9.879
2023-08-01T03:00:00,3,1,8,0,26.69,94.84,0.0,62.74,9.26,0.0,10.08,-0.0,9.26
2023-08-01T04:00:00,4,1,8,0,24.5,91.69,0.12,69.98,11.385,0.0,10.09,-0.0,11.385
2023-08-01T05:00:00,5,1,8,0,26.57,90.77,3.38,61.3,11.806,0.022,10.01,-0.0,11.784
2023-08-01T06:00:00,6,1,8,0,28.6,81.18,88.82,45.69,15.474,4.354,9.83,-0.0,11.12
2023-08-01T07:00:00,7,1,8,0,28.81,86.13,233.35,42.35,22.005,10.436,9.94,-0.0,11.569
2023-08-01T08:00:00,8,1,8,0,32.3,74.95,310.66,47.44,25.321,15.136,9.93,-0.0,10.185
2023-08-01T09:00:00,9,1,8,0,34.67,85.47,411.09,44.45,22.51,18.377,10.0,-0.0,4.133
2023-08-01T10:00:00,10,1,8,0,33.09,73.05,598.37,25.52,22.094,26.382,13.89,4.288,0.0
2023-08-01T11:00:00,11,1,8,0,34.77,70.26,546.99,40.35,21.078,24.082,16.98,3.004,0.0
2023-08-01T12:00:00,12,1,8,0,35.95,88.58,645.72,25.63,18.869,29.847,26.88,10.978,0.0
2023-08-01T13:00:00,13,1,8,0,40.35,77.84,547.37,41.08,20.783,26.634,32.18,5.851,0.0
2023-08-01T14:00:00,14,1,8,0,39.92,78.95,460.7,47.76,19.062,20.651,33.7,1.589,0.0
2023-08-01T15:00:00,15,1,8,0,39.11,73.06,273.95,71.42,19.901,12.359,26.17,-7.542,0.0
2023-08-01T16:00:00,16,1,8,0,38.7,85.1,236.96,67.12,22.691,11.04,14.79,-11.651,0.0
2023-08-01T17:00:00,17,1,8,0,36.33,83.47,198.64,38.84,23.924,8.919,10.07,-4.46,10.545
2023-08-01T18:00:00,18,1,8,0,38.5,79.36,67.95,55.57,28.863,3.069,9.94,-0.0,25.794
2023-08-01T19:00:00,19,1,8,0,34.28,87.84,1.19,60.31,29.915,0.0,9.85,-0.0,29.915
2023-08-01T20:00:00,20,1,8,0,33.82,89.11,0.0,57.75,31.223,0.0,10.03,-0.0,31.223
2023-08-01T21:00:00,21,1,8,0,32.94,87.94,0.0,68.2,25.534,0.014,10.31,-0.0,25.52
2023-08-01T22:00:00,22,1,8,0,30.19,74.89,2.45,60.8,20.419,0.01,9.98,-0.0,20.409
2023-08-01T23:00:00,23,1,8,0,28.87,84.98,0.0,89.42,17.261,0.019,9.86,-0.0,17.242
2023-08-02T00:00:00,0,2,8,0,27.24,98.0,0.0,81.23,11.931,0.01,10.15,-0.0,11.921
2023-08-02T01:00:00,1,2,8,0,27.83,91.32,0.0,86.8,13.058,0.0,10.02,-0.0,13.058
2023-08-02T02:00:00,2,2,8,0,28.06,85.65,3.11,49.69,10.173,0.027,9.76,-0.0,10.146
2023-08-02T03:00:00,3,2,8,0,26.12,86.31,0.0,77.56,11.081,0.018,10.03,-0.0,11.063
2023-08-02T04:00:00,4,2,8,0,27.61,86.2,0.68,75.78,13.542,0.0,10.17,-0.0,13.542
2023-08-02T05:00:00,5,2,8,0,26.39,91.94,0.0,48.61,14.458,0.018,9.69,-0.0,14.44
2023-08-02T06:00:00,6,2,8,0,26.97,94.85,99.73,59.92,15.615,4.535,10.11,-0.0,11.08
2023-08-02T07:00:00,7,2,8,0,30.48,91.9,107.38,76.52,20.424,4.954,9.81,-0.0,15.47
2023-08-02T08:00:00,8,2,8,0,31.41,89.63,208.83,73.03,22.402,9.273,9.97,-0.0,13.129
2023-08-02T09:00:00,9,2,8,0,30.61,92.04,215.75,83.65,22.074,10.023,9.93,-0.0,12.051
2023-08-02T10:00:00,10,2,8,0,33.28,84.24,360.05,64.66,18.984,17.475,10.17,-0.0,1.509
2023-08-02T11:00:00,11,2,8,0,34.6,82.24,190.5,93.91,21.728,8.529,10.15,-0.0,13.199
2023-08-02T12:00:00,12,2,8,0,36.21,75.58,419.77,62.64,18.569,18.659,9.88,0.09,0.0
2023-08-02T13:00:00,13,2,8,0,40.28,92.62,177.97,100.0,21.221,7.974,9.7,-0.083,13.164
2023-08-02T14:00:00,14,2,8,0,39.25,83.74,272.75,81.95,21.075,12.266,9.77,-0.0,8.809
2023-08-02T15:00:00,15,2,8,0,38.74,84.65,294.08,69.1,19.859,13.7,10.06,-0.0,6.159
2023-08-02T16:00:00,16,2,8,0,39.23,78.35,355.8,37.79,24.208,15.374,9.66,-0.0,8.834
2023-08-02T17:00:00,17,2,8,0,38.37,83.3,128.64,65.97,26.087,5.332,9.9,-0.0,20.755
2023-08-02T18:00:00,18,2,8,0,35.4,85.62,58.44,67.78,27.238,2.694,10.14,-0.0,24.544
2023-08-02T19:00:00,19,2,8,0,35.93,82.13,0.0,34.73,30.851,0.0,10.09,-0.0,30.851
2023-08-02T20:00:00,20,2,8,0,34.19,77.15,0.0,43.91,29.385,0.0,9.75,-0.0,29.385
2023-08-02T21:00:00,21,2,8,0,30.05,91.57,2.13,59.93,24.582,0.002,10.03,-0.0,24.58
2023-08-02T22:00:00,22,2,8,0,30.42,81.7,0.07,59.47,20.46,0.039,9.86,-0.0,20.421
2023-08-02T23:00:00,23,2,8,0,27.87,87.46,0.0,55.95,17.066,0.021,9.9,-0.0,17.045
2023-08-03T00:00:00,0,3,8,0,27.92,82.82,0.59,72.6,12.686,0.008,9.91,-0.0,12.678
2023-08-03T01:00:00,1,3,8,0,26.9,86.09,0.0,56.77,10.291,0.0,9.93,-0.0,10.291
2023-08-03T02:00:00,2,3,8,0,24.56,86.4,0.57,66.72,10.677,0.0,9.99,-0.0,10.677
2023-08-03T03:00:00,3,3,8,0,26.27,86.53,0.0,51.05,7.964,0.0,9.89,-0.0,7.964
2023-08-03T04:00:00,4,3,8,0,26.15,92.44,0.0,66.26,12.065,0.0,9.9,-0.0,12.065
2023-08-03T05:00:00,5,3,8,0,23.27,85.67,1.34,32.57,11.206,0.0,10.13,-0.0,11.206
2023-08-03T06:00:00,6,3,8,0,27.14,95.59,75.09,50.12,13.922,3.499,10.0,-0.0,10.423
2023-08-03T07:00:00,7,3,8,0,29.31,82.79,290.36,11.54,19.748,13.158,9.84,-0.0,6.59
2023-08-03T08:00:00,8,3,8,0,27.47,82.19,342.75,34.95,21.836,15.975,10.02,-0.0,5.861
2023-08-03T09:00:00,9,3,8,0,32.24,83.59,343.32,57.02,22.538,15.934,9.78,-0.0,6.604
2023-08-03T10:00:00,10,3,8,0,35.73,84.26,387.6,58.85,22.971,17.324,10.02,-0.0,5.647
2023-08-03T11:00:00,11,3,8,0,34.02,83.14,583.11,34.16,18.694,27.462,18.15,8.768,0.0
2023-08-03T12:00:00,12,3,8,0,37.56,76.61,393.59,68.26,19.705,16.892,15.37,-2.813,0.0
2023-08-03T13:00:00,13,3,8,0,35.99,86.99,371.21,69.36,18.689,16.331,12.96,-2.358,0.0
2023-08-03T14:00:00,14,3,8,0,40.67,77.19,252.2,82.68,23.459,11.609,9.84,-2.896,8.954
2023-08-03T15:00:00,15,3,8,0,38.89,83.88,334.57,62.5,20.832,16.176,9.92,-0.0,4.656
2023-08-03T16:00:00,16,3,8,0,38.37,79.5,448.91,12.67,25.43,20.576,10.17,-0.0,4.854
2023-08-03T17:00:00,17,3,8,0,40.69,82.12,154.34,65.37,29.06,6.741,9.95,-0.0,22.319
2023-08-03T18:00:00,18,3,8,0,36.99,67.18,85.58,39.73,27.145,3.758,9.99,-0.0,23.387
2023-08-03T19:00:00,19,3,8,0,33.81,73.23,2.79,50.24,30.326,0.003,10.1,-0.0,30.323
2023-08-03T20:00:00,20,3,8,0,32.37,88.33,0.0,67.49,27.837,0.0,10.23,-0.0,27.837
2023-08-03T21:00:00,21,3,8,0,33.43,69.45,0.12,46.03,26.659,0.0,9.99,-0.0,26.659
2023-08-03T22:00:00,22,3,8,0,29.91,88.17,0.0,55.79,19.196,0.0,9.94,-0.0,19.196
2023-08-03T23:00:00,23,3,8,0,25.73,94.89,0.0,72.81,16.882,0.009,10.28,-0.0,16.873
2023-08-04T00:00:00,0,4,8,0,26.74,94.76,0.0,70.58,15.336,0.009,10.29,-0.0,15.327
2023-08-04T01:00:00,1,4,8,0,24.97,87.19,0.54,59.59,10.389,0.0,10.01,-0.0,10.389
2023-08-04T02:00:00,2,4,8,0,27.84,90.72,0.0,70.96,11.25,0.0,10.0,-0.0,11.25
2023-08-04T03:00:00,3,4,8,0,26.27,87.22,0.0,49.52,10.296,0.0,10.14,-0.0,10.296
2023-08-04T04:00:00,4,4,8,0,24.35,80.38,1.8,52.89,10.192,0.016,10.07,-0.0,10.176
2023-08-04T05:00:00,5,4,8,0,25.55,90.19,0.0,48.82,13.968,0.0,10.0,-0.0,13.968
2023-08-04T06:00:00,6,4,8,0,24.93,96.47,88.7,66.9,15.394,4.517,10.11,-0.0,10.877
2023-08-04T07:00:00,7,4,8,0,26.84,92.95,121.32,73.78,19.617,5.712,9.9,-0.0,13.905
2023-08-04T08:00:00,8,4,8,0,31.4,88.21,110.47,98.66,23.796,4.824,10.17,-0.0,18.972
2023-08-04T09:00:00,9,4,8,0,34.14,91.86,181.46,91.58,25.329,8.57,10.1,-0.0,16.759
2023-08-04T10:00:00,10,4,8,0,34.71,95.54,161.5,99.61,21.163,7.728,10.07,-0.0,13.435
2023-08-04T11:00:00,11,4,8,0,35.35,92.85,227.27,88.39,22.25,10.428,9.98,-0.0,11.822
2023-08-04T12:00:00,12,4,8,0,36.37,90.72,306.14,82.54,17.37,14.296,9.91,-0.0,3.074
2023-08-04T13:00:00,13,4,8,0,36.55,75.94,342.89,72.01,18.552,15.243,9.74,-0.0,3.309
2023-08-04T14:00:00,14,4,8,0,40.73,80.17,444.12,49.17,23.035,19.652,9.74,-0.0,3.383
2023-08-04T15:00:00,15,4,8,0,38.87,87.16,227.91,80.74,20.708,9.679,9.75,-0.0,11.029
2023-08-04T16:00:00,16,4,8,0,41.31,84.75,252.77,60.54,24.523,10.915,10.18,-0.0,13.608
2023-08-04T17:00:00,17,4,8,0,39.97,84.03,145.51,68.25,25.469,6.896,9.9,-0.0,18.573
2023-08-04T18:00:00,18,4,8,0,34.89,90.04,83.92,55.15,25.777,3.42,9.82,-0.0,22.357
2023-08-04T19:00:00,19,4,8,0,34.16,72.11,0.0,45.58,28.972,0.002,9.99,-0.0,28.97
2023-08-04T20:00:00,20,4,8,0,32.84,83.95,0.0,40.13,29.645,0.008,9.86,-0.0,29.637
2023-08-04T21:00:00,21,4,8,0,32.12,84.01,0.0,40.54,25.151,0.025,9.94,-0.0,25.126
2023-08-04T22:00:00,22,4,8,0,29.5,90.96,2.2,63.13,20.67,0.0,10.08,-0.0,20.67
2023-08-04T23:00:00,23,4,8,0,31.92,96.31,0.92,86.37,18.616,0.024,9.95,-0.0,18.592
2023-08-05T00:00:00,0,5,8,1,25.02,86.07,1.93,73.78,13.802,0.012,9.95,-0.0,13.79
2023-08-05T01:00:00,1,5,8,1,26.28,95.99,0.0,64.65,10.478,0.033,10.0,-0.0,10.445
2023-08-05T02:00:00,2,5,8,1,26.02,92.26,0.54,61.98,11.336,0.028,9.79,-0.0,11.308
2023-08-05T03:00:00,3,5,8,1,24.44,92.51,1.57,91.29,10.646,0.002,10.04,-0.0,10.644
2023-08-05T04:00:00,4,5,8,1,25.6,82.34,0.87,51.78,10.214,0.0,10.21,-0.0,10.214
2023-08-05T05:00:00,5,5,8,1,24.63,94.19,2.37,90.38,13.419,0.013,9.95,-0.0,13.406
2023-08-05T06:00:00,6,5,8,1,27.8,92.2,26.75,85.74,11.559,1.29,10.01,-0.0,10.269
2023-08-05T07:00:00,7,5,8,1,30.08,92.3,77.76,92.92,16.644,3.625,9.87,-0.0,13.019
2023-08-05T08:00:00,8,5,8,1,30.63,82.96,244.1,64.94,18.657,12.154,9.89,-0.0,6.503
2023-08-05T09:00:00,9,5,8,1,32.06,85.4,408.07,45.25,19.872,18.592,10.15,-0.0,1.28
2023-08-05T10:00:00,10,5,8,1,35.5,80.6,406.19,59.73,25.26,18.307,10.02,-0.0,6.953
2023-08-05T11:00:00,11,5,8,1,36.14,90.1,324.77,71.25,24.304,14.617,10.1,-0.0,9.687
2023-08-05T12:00:00,12,5,8,1,36.23,89.94,488.08,54.13,22.874,22.224,10.04,-0.0,0.65
2023-08-05T13:00:00,13,5,8,1,35.34,78.2,442.64,56.65,23.212,20.968,9.98,-0.0,2.244
2023-08-05T14:00:00,14,5,8,1,36.93,82.8,354.4,64.11,22.13,15.949,10.18,-0.0,6.181
2023-08-05T15:00:00,15,5,8,1,37.79,86.3,312.89,60.12,22.152,14.053,9.73,-0.0,8.099
2023-08-05T16:00:00,16,5,8,1,38.67,85.43,172.34,80.82,24.328,7.918,9.88,-0.0,16.41
2023-08-05T17:00:00,17,5,8,1,36.93,74.58,194.9,56.32,23.35,8.614,9.94,-0.0,14.736
2023-08-05T18:00:00,18,5,8,1,35.95,87.92,70.73,67.78,24.416,3.318,10.01,-0.0,21.098
2023-08-05T19:00:00,19,5,8,1,33.7,86.08,0.6,96.32,20.204,0.0,9.96,-0.0,20.204
2023-08-05T20:00:00,20,5,8,1,31.41,91.93,0.0,100.0,22.424,0.004,10.03,-0.0,22.42
2023-08-05T21:00:00,21,5,8,1,31.2,84.72,0.0,91.04,23.114,0.0,10.21,-0.0,23.114
2023-08-05T22:00:00,22,5,8,1,27.55,96.39,0.63,95.81,17.313,0.0,9.83,-0.0,17.313
2023-08-05T23:00:00,23,5,8,1,26.83,84.78,0.9,56.28,17.365,0.0,10.23,-0.0,17.365
2023-08-06T00:00:00,0,6,8,1,26.03,95.81,1.72,82.79,12.815,0.0,9.97,-0.0,12.815
2023-08-06T01:00:00,1,6,8,1,22.84,93.38,0.0,92.14,13.043,0.002,10.03,-0.0,13.041
2023-08-06T02:00:00,2,6,8,1,25.2,84.95,0.0,53.41,10.872,0.0,10.0,-0.0,10.872
2023-08-06T03:00:00,3,6,8,1,26.75,94.8,0.0,95.03,11.917,0.0,10.04,-0.0,11.917
2023-08-06T04:00:00,4,6,8,1,24.68,82.75,0.0,56.62,10.912,0.0,10.18,-0.0,10.912
2023-08-06T05:00:00,5,6,8,1,25.1,98.0,0.77,68.69,15.085,0.016,9.83,-0.0,15.069
2023-08-06T06:00:00,6,6,8,1,27.79,87.29,53.08,56.34,13.883,2.615,9.89,-0.0,11.268
2023-08-06T07:00:00,7,6,8,1,26.33,85.5,134.55,64.12,17.637,6.394,10.09,-0.0,11.243
2023-08-06T08:00:00,8,6,8,1,28.93,86.45,204.78,74.4,17.954,9.818,9.88,-0.0,8.136
2023-08-06T09:00:00,9,6,8,1,33.68,86.56,235.52,78.67,20.796,11.447,9.72,-0.0,9.349
2023-08-06T10:00:00,10,6,8,1,34.26,92.27,243.2,86.23,22.502,11.206,10.1,-0.0,11.296
2023-08-06T11:00:00,11,6,8,1,34.63,80.02,370.59,68.92,23.445,17.659,9.88,-0.0,5.786
2023-08-06T12:00:00,12,6,8,1,37.08,78.39,508.36,49.54,21.626,23.511,11.87,1.885,0.0
2023-08-06T13:00:00,13,6,8,1,35.18,80.3,540.2,44.65,23.525,24.219,12.31,0.694,0.0
2023-08-06T14:00:00,14,6,8,1,39.65,84.31,551.1,34.73,24.351,24.748,12.91,0.397,0.0
2023-08-06T15:00:00,15,6,8,1,37.79,83.72,427.25,42.03,23.218,18.925,10.04,-2.738,1.555
2023-08-06T16:00:00,16,6,8,1,40.26,88.55,233.24,63.64,24.663,10.725,9.9,-0.0,13.938
2023-08-06T17:00:00,17,6,8,1,36.99,79.7,197.37,44.62,21.383,9.324,9.82,-0.0,12.059
2023-08-06T18:00:00,18,6,8,1,36.02,91.81,60.48,75.06,23.388,2.639,9.97,-0.0,20.749
2023-08-06T19:00:00,19,6,8,1,33.86,91.88,1.9,73.11,23.051,0.0,10.01,-0.0,23.051
2023-08-06T20:00:00,20,6,8,1,33.13,89.25,1.95,71.92,21.623,0.045,9.9,-0.0,21.578
2023-08-06T21:00:00,21,6,8,1,30.86,92.69,0.66,83.87,22.865,0.006,9.81,-0.0,22.859
2023-08-06T22:00:00,22,6,8,1,31.25,86.05,3.07,86.72,22.404,0.008,9.97,-0.0,22.396
2023-08-06T23:00:00,23,6,8,1,26.82,94.84,0.0,48.31,16.758,0.0,10.23,-0.0,16.758
2023-08-07T00:00:00,0,0,8,0,25.81,90.71,1.35,86.19,12.877,0.024,10.04,-0.0,12.853
2023-08-07T01:00:00,1,0,8,0,27.83,92.6,0.0,79.43,11.223,0.0,9.9,-0.0,11.223
2023-08-07T02:00:00,2,0,8,0,24.45,94.93,0.0,78.64,10.052,0.035,10.02,-0.0,10.017
2023-08-07T03:00:00,3,0,8,0,24.75,85.18,0.0,83.02,9.679,0.034,10.09,-0.0,9.645
2023-08-07T04:00:00,4,0,8,0,24.0,88.76,0.0,60.09,9.396,0.0,9.86,-0.0,9.396
2023-08-07T05:00:00,5,0,8,0,26.25,89.81,0.35,66.86,13.035,0.0,9.96,-0.0,13.035
2023-08-07T06:00:00,6,0,8,0,25.7,86.45,41.88,53.02,15.199,1.942,9.98,-0.0,13.257
2023-08-07T07:00:00,7,0,8,0,27.87,87.22,148.26,63.6,20.317,6.94,9.94,-0.0,13.377
2023-08-07T08:00:00,8,0,8,0,30.64,90.06,331.37,41.65,22.617,15.95,9.82,-0.0,6.667
2023-08-07T09:00:00,9,0,8,0,30.93,79.52,401.54,49.79,20.917,19.524,10.1,-0.0,1.393
2023-08-07T10:00:00,10,0,8,0,35.13,78.38,327.45,72.32,21.052,14.501,9.68,-0.0,6.551
2023-08-07T11:00:00,11,0,8,0,35.72,80.93,392.93,68.71,20.338,17.542,9.9,-0.0,2.796
2023-08-07T12:00:00,12,0,8,0,37.27,84.54,474.77,54.13,19.434,22.296,12.52,2.862,0.0
2023-08-07T13:00:00,13,0,8,0,37.25,89.43,276.01,83.35,18.554,12.379,9.92,-2.633,3.542
2023-08-07T14:00:00,14,0,8,0,41.47,81.98,414.96,57.03,23.823,18.813,10.22,-0.0,5.01
2023-08-07T15:00:00,15,0,8,0,39.56,82.68,406.74,44.52,20.19,18.238,9.95,-0.0,1.952
2023-08-07T16:00:00,16,0,8,0,38.23,83.23,251.82,65.16,24.045,11.445,10.16,-0.0,12.6
2023-08-07T17:00:00,17,0,8,0,35.59,83.95,85.73,86.07,25.331,3.878,10.02,-0.0,21.453
2023-08-07T18:00:00,18,0,8,0,36.23,79.78,61.14,74.9,29.021,2.909,10.07,-0.0,26.112
2023-08-07T19:00:00,19,0,8,0,36.42,76.11,0.0,61.69,31.595,0.0,9.96,-0.0,31.595
2023-08-07T20:00:00,20,0,8,0,34.73,84.01,0.54,73.61,28.976,0.0,10.11,-0.0,28.976
2023-08-07T21:00:00,21,0,8,0,33.41,89.12,2.61,69.03,25.889,0.006,9.91,-0.0,25.883
2023-08-07T22:00:00,22,0,8,0,30.76,88.85,1.11,75.89,23.551,0.0,9.93,-0.0,23.551
2023-08-07T23:00:00,23,0,8,0,26.91,86.01,0.0,49.98,18.148,0.013,9.92,-0.0,18.135
2023-08-08T00:00:00,0,1,8,0,27.58,83.9,0.0,74.29,12.828,0.0,9.84,-0.0,12.828
2023-08-08T01:00:00,1,1,8,0,23.83,98.0,0.0,90.85,10.628,0.017,10.0,-0.0,10.611
2023-08-08T02:00:00,2,1,8,0,22.68,86.11,2.01,63.42,9.443,0.0,10.13,-0.0,9.443
2023-08-08T03:00:00,3,1,8,0,24.94,89.31,0.0,61.46,8.865,0.0,9.95,-0.0,8.865
2023-08-08T04:00:00,4,1,8,0,25.71,93.05,1.02,59.8,9.995,0.002,9.88,-0.0,9.993
2023-08-08T05:00:00,5,1,8,0,26.91,90.05,0.96,76.26,12.318,0.015,10.29,-0.0,12.303
2023-08-08T06:00:00,6,1,8,0,27.33,85.38,57.63,74.98,16.066,2.656,9.94,-0.0,13.41
2023-08-08T07:00:00,7,1,8,0,28.52,91.2,154.05,64.28,21.251,7.359,10.11,-0.0,13.892
2023-08-08T08:00:00,8,1,8,0,28.66,80.24,239.66,63.32,24.362,11.726,10.0,-0.0,12.636
2023-08-08T09:00:00,9,1,8,0,30.65,94.91,317.29,65.74,23.707,13.554,10.16,-0.0,10.153
2023-08-08T10:00:00,10,1,8,0,32.09,87.07,355.11,67.39,18.746,15.611,9.99,-0.0,3.135
2023-08-08T11:00:00,11,1,8,0,32.15,87.51,256.96,88.42,17.153,11.088,9.99,-0.0,6.065
2023-08-08T12:00:00,12,1,8,0,36.12,73.86,511.07,50.73,18.141,22.682,14.17,4.541,0.0
2023-08-08T13:00:00,13,1,8,0,35.87,81.1,248.0,89.27,20.035,11.373,9.96,-4.178,4.484
2023-08-08T14:00:00,14,1,8,0,38.93,82.41,318.14,72.5,21.548,15.197,10.01,-0.0,6.351
2023-08-08T15:00:00,15,1,8,0,38.89,92.21,264.58,72.94,20.811,11.411,9.88,-0.0,9.4
2023-08-08T16:00:00,16,1,8,0,35.85,86.6,182.33,79.71,21.223,9.049,10.07,-0.0,12.174
2023-08-08T17:00:00,17,1,8,0,37.0,84.0,164.77,62.75,25.159,7.645,10.41,-0.0,17.514
2023-08-08T18:00:00,18,1,8,0,35.13,88.73,45.87,86.13,28.101,2.148,9.86,-0.0,25.953
2023-08-08T19:00:00,19,1,8,0,31.1,95.72,0.0,52.06,29.251,0.0,10.05,-0.0,29.251
2023-08-08T20:00:00,20,1,8,0,32.24,84.31,0.0,73.67,28.741,0.018,10.0,-0.0,28.723
2023-08-08T21:00:00,21,1,8,0,30.78,93.15,0.0,60.38,24.88,0.0,9.83,-0.0,24.88
2023-08-08T22:00:00,22,1,8,0,28.76,84.21,3.34,58.81,20.846,0.0,10.12,-0.0,20.846
2023-08-08T23:00:00,23,1,8,0,30.1,80.43,0.0,48.66,17.968,0.0,9.93,-0.0,17.968
2023-08-09T00:00:00,0,2,8,0,24.12,88.1,1.68,57.07,12.774,0.0,9.9,-0.0,12.774
2023-08-09T01:00:00,1,2,8,0,25.08,88.75,1.25,65.13,11.104,0.0,10.21,-0.0,11.104
2023-08-09T02:00:00,2,2,8,0,23.61,90.48,0.92,49.68,11.783,0.011,9.95,-0.0,11.772
2023-08-09T03:00:00,3,2,8,0,25.22,78.97,0.0,75.1,11.6,0.01,10.18,-0.0,11.59
2023-08-09T04:00:00,4,2,8,0,24.78,95.31,0.0,100.0,10.592,0.024,10.08,-0.0,10.568
2023-08-09T05:00:00,5,2,8,0,25.98,88.86,0.0,86.27,14.948,0.033,10.01,-0.0,14.915
2023-08-09T06:00:00,6,2,8,0,24.99,90.84,11.75,100.0,16.152,0.572,10.1,-0.0,15.58
2023-08-09T07:00:00,7,2,8,0,26.34,84.37,120.73,80.93,20.15,5.731,10.12,-0.0,14.419
2023-08-09T08:00:00,8,2,8,0,29.47,86.98,181.09,78.72,24.082,8.926,9.97,-0.0,15.156
2023-08-09T09:00:00,9,2,8,0,33.43,83.17,256.21,72.91,25.849,11.969,9.94,-0.0,13.88
2023-08-09T10:00:00,10,2,8,0,33.29,86.9,205.68,94.27,22.132,9.603,10.13,-0.0,12.529
2023-08-09T11:00:00,11,2,8,0,32.77,81.22,196.81,94.91,18.732,9.403,10.42,-0.0,9.329
2023-08-09T12:00:00,12,2,8,0,35.46,87.88,236.43,91.31,18.452,11.011,9.76,-0.0,7.441
2023-08-09T13:00:00,13,2,8,0,39.73,78.84,332.09,76.37,21.335,15.364,9.83,-0.0,5.971
2023-08-09T14:00:00,14,2,8,0,37.59,74.37,355.06,66.81,20.633,16.529,9.86,-0.0,4.104
2023-08-09T15:00:00,15,2,8,0,39.39,80.26,247.61,76.45,22.105,11.033,9.95,-0.0,11.072
2023-08-09T16:00:00,16,2,8,0,37.08,83.92,95.25,99.87,21.783,4.153,9.85,-0.0,17.63
2023-08-09T17:00:00,17,2,8,0,36.87,84.88,111.68,78.34,24.016,5.057,10.09,-0.0,18.959
2023-08-09T18:00:00,18,2,8,0,36.29,85.43,13.19,100.0,28.355,0.56,9.78,-0.0,27.795
2023-08-09T19:00:00,19,2,8,0,35.08,80.91,0.0,94.99,29.336,0.0,9.94,-0.0,29.336
2023-08-09T20:00:00,20,2,8,0,31.65,84.45,0.55,87.33,26.318,0.0,9.93,-0.0,26.318
2023-08-09T21:00:00,21,2,8,0,29.91,81.22,1.34,87.38,23.623,0.009,10.15,-0.0,23.614
2023-08-09T22:00:00,22,2,8,0,31.19,95.15,0.47,89.47,21.199,0.0,9.99,-0.0,21.199
2023-08-09T23:00:00,23,2,8,0,28.79,96.02,0.39,81.1,16.568,0.0,9.8,-0.0,16.568
2023-08-10T00:00:00,0,3,8,0,28.14,92.86,1.56,53.63,12.599,0.0,10.04,-0.0,12.599
2023-08-10T01:00:00,1,3,8,0,28.07,85.82,0.0,73.38,9.901,0.0,9.86,-0.0,9.901
2023-08-10T02:00:00,2,3,8,0,24.81,94.99,0.0,59.67,9.141,0.041,9.82,-0.0,9.1
2023-08-10T03:00:00,3,3,8,0,23.67,90.27,0.0,53.67,11.51,0.0,10.17,-0.0,11.51
2023-08-10T04:00:00,4,3,8,0,25.38,78.96,1.39,25.55,11.764,0.0,9.94,-0.0,11.764
2023-08-10T05:00:00,5,3,8,0,24.92,79.49,0.0,20.9,12.924,0.016,10.07,-0.0,12.908
2023-08-10T06:00:00,6,3,8,0,25.92,82.37,72.64,28.59,17.392,3.638,9.93,-0.0,13.754
2023-08-10T07:00:00,7,3,8,0,26.32,84.27,222.64,33.57,18.824,9.797,10.04,-0.0,9.027
2023-08-10T08:00:00,8,3,8,0,29.42,86.68,267.75,52.34,23.202,12.106,10.21,-0.0,11.096
2023-08-10T09:00:00,9,3,8,0,30.7,86.97,274.6,71.09,21.826,13.265,10.03,-0.0,8.561
2023-08-10T10:00:00,10,3,8,0,31.93,82.3,419.91,56.0,21.638,19.41,9.95,-0.0,2.228
2023-08-10T11:00:00,11,3,8,0,35.23,90.83,373.76,68.33,19.888,18.042,9.8,-0.0,1.846
2023-08-10T12:00:00,12,3,8,0,35.87,82.44,426.24,63.55,18.033,20.157,12.09,2.124,0.0
2023-08-10T13:00:00,13,3,8,0,37.41,84.0,289.36,81.53,21.119,13.544,10.07,-1.954,5.621
2023-08-10T14:00:00,14,3,8,0,33.47,87.99,182.51,95.22,17.178,8.785,10.05,-0.0,8.393
2023-08-10T15:00:00,15,3,8,0,36.79,82.62,317.07,68.13,18.826,14.044,9.99,-0.0,4.782
2023-08-10T16:00:00,16,3,8,0,38.45,76.93,189.77,77.94,24.368,8.5,10.17,-0.0,15.868
2023-08-10T17:00:00,17,3,8,0,33.91,80.65,132.08,74.1,23.829,6.513,9.93,-0.0,17.316
2023-08-10T18:00:00,18,3,8,0,34.77,98.0,50.17,84.31,26.253,2.279,10.08,-0.0,23.974
2023-08-10T19:00:00,19,3,8,0,33.39,78.36,0.0,78.53,28.932,0.044,10.27,-0.0,28.888
2023-08-10T20:00:00,20,3,8,0,32.47,85.62,0.0,59.5,28.395,0.0,10.01,-0.0,28.395
2023-08-10T21:00:00,21,3,8,0,32.72,85.65,0.23,58.25,25.092,0.0,9.95,-0.0,25.092
2023-08-10T22:00:00,22,3,8,0,31.77,90.12,0.0,62.22,21.004,0.0,9.92,-0.0,21.004
2023-08-10T23:00:00,23,3,8,0,26.24,89.71,0.38,60.74,16.832,0.0,9.91,-0.0,16.832
2023-08-11T00:00:00,0,4,8,0,27.26,94.96,0.0,48.68,13.313,0.0,10.01,-0.0,13.313
2023-08-11T01:00:00,1,4,8,0,26.6,87.66,1.06,52.65,12.124,0.03,10.25,-0.0,12.094
2023-08-11T02:00:00,2,4,8,0,25.52,93.88,2.2,53.19,9.764,0.0,10.06,-0.0,9.764
2023-08-11T03:00:00,3,4,8,0,23.51,95.69,1.9,68.17,11.008,0.0,10.03,-0.0,11.008
2023-08-11T04:00:00,4,4,8,0,24.46,98.0,0.0,98.9,12.346,0.017,10.02,-0.0,12.329
2023-08-11T05:00:00,5,4,8,0,27.13,87.67,0.0,61.76,11.615,0.0,9.77,-0.0,11.615
2023-08-11T06:00:00,6,4,8,0,27.63,91.21,53.46,74.82,16.634,2.454,9.99,-0.0,14.18
2023-08-11T07:00:00,7,4,8,0,25.07,90.15,104.18,83.94,19.601,5.061,9.86,-0.0,14.54
2023-08-11T08:00:00,8,4,8,0,29.05,92.44,116.79,96.11,21.867,5.366,10.23,-0.0,16.501
2023-08-11T09:00:00,9,4,8,0,32.38,85.37,360.19,59.37,22.962,16.5,9.87,-0.0,6.462
2023-08-11T10:00:00,10,4,8,0,32.38,80.0,160.74,100.0,21.129,7.669,9.8,-0.0,13.46
2023-08-11T11:00:00,11,4,8,0,34.54,86.46,259.35,86.53,17.854,12.61,9.74,-0.0,5.244
2023-08-11T12:00:00,12,4,8,0,34.86,93.48,163.37,100.0,18.439,7.91,9.88,-0.0,10.529
2023-08-11T13:00:00,13,4,8,0,36.65,78.2,298.15,79.37,18.79,13.538,9.56,-0.0,5.252
2023-08-11T14:00:00,14,4,8,0,36.59,76.69,425.12,57.01,19.346,19.779,10.43,0.433,0.0
2023-08-11T15:00:00,15,4,8,0,34.56,90.23,286.86,68.43,18.686,13.5,10.04,-0.398,4.788
2023-08-11T16:00:00,16,4,8,0,36.25,91.44,203.56,76.41,20.651,9.511,9.84,-0.0,11.14
2023-08-11T17:00:00,17,4,8,0,34.45,80.52,142.86,62.48,25.494,6.609,10.13,-0.0,18.885
2023-08-11T18:00:00,18,4,8,0,34.33,83.39,55.6,54.66,24.08,2.679,9.97,-0.0,21.401
2023-08-11T19:00:00,19,4,8,0,35.88,82.47,0.29,62.65,31.041,0.024,9.98,-0.0,31.017
2023-08-11T20:00:00,20,4,8,0,32.74,89.27,2.96,54.63,29.323,0.0,10.13,-0.0,29.323
2023-08-11T21:00:00,21,4,8,0,30.27,81.89,0.0,53.36,24.812,0.013,10.17,-0.0,24.799
2023-08-11T22:00:00,22,4,8,0,28.88,81.96,1.26,43.6,20.662,0.0,9.85,-0.0,20.662
2023-08-11T23:00:00,23,4,8,0,28.0,97.07,1.18,83.75,17.64,0.0,9.78,-0.0,17.64
2023-08-12T00:00:00,0,5,8,1,27.64,79.21,1.16,41.53,12.403,0.0,9.94,-0.0,12.403
2023-08-12T01:00:00,1,5,8,1,23.38,86.01,1.91,54.36,11.767,0.0,10.23,-0.0,11.767
2023-08-12T02:00:00,2,5,8,1,24.12,88.09,0.0,49.95,11.042,0.05,9.88,-0.0,10.992
2023-08-12T03:00:00,3,5,8,1,25.2,93.04,0.0,40.57,11.485,0.02,10.15,-0.0,11.465
2023-08-12T04:00:00,4,5,8,1,21.3,80.07,0.07,30.36,11.712,0.02,9.85,-0.0,11.692
2023-08-12T05:00:00,5,5,8,1,24.62,82.33,1.85,41.47,10.857,0.0,9.98,-0.0,10.857
2023-08-12T06:00:00,6,5,8,1,24.93,90.7,67.86,55.01,13.334,3.523,9.91,-0.0,9.811
2023-08-12T07:00:00,7,5,8,1,27.15,89.01,200.44,46.7,14.363,9.25,10.06,-0.0,5.113
2023-08-12T08:00:00,8,5,8,1,27.38,84.21,347.63,33.38,15.619,15.951,10.33,0.332,0.0
2023-08-12T09:00:00,9,5,8,1,30.84,83.58,395.99,52.84,19.052,17.097,9.87,-0.305,1.65
2023-08-12T10:00:00,10,5,8,1,34.71,81.0,504.92,41.64,21.395,22.61,11.05,1.215,0.0
2023-08-12T11:00:00,11,5,8,1,33.1,78.13,364.73,71.17,20.115,17.326,9.84,-1.118,1.671
2023-08-12T12:00:00,12,5,8,1,35.57,81.08,533.95,46.25,23.334,23.596,10.28,0.262,0.0
2023-08-12T13:00:00,13,5,8,1,38.41,89.11,422.91,64.17,25.201,19.507,9.85,-0.241,5.453
2023-08-12T14:00:00,14,5,8,1,35.6,76.4,397.33,62.58,21.52,18.381,10.01,-0.0,3.139
2023-08-12T15:00:00,15,5,8,1,39.51,72.89,460.72,35.56,24.5,20.066,10.06,-0.0,4.434
2023-08-12T16:00:00,16,5,8,1,36.95,77.31,305.75,42.79,22.932,13.88,10.1,-0.0,9.052
2023-08-12T17:00:00,17,5,8,1,38.07,79.3,166.55,58.07,22.365,7.307,10.1,-0.0,15.058
2023-08-12T18:00:00,18,5,8,1,35.65,89.67,72.02,45.78,22.102,3.401,10.05,-0.0,18.701
2023-08-12T19:00:00,19,5,8,1,33.93,80.59,1.84,71.4,21.426,0.0,9.84,-0.0,21.426
2023-08-12T20:00:00,20,5,8,1,31.7,81.57,0.0,76.43,22.388,0.033,9.87,-0.0,22.355
2023-08-12T21:00:00,21,5,8,1,30.33,89.69,1.5,62.1,21.458,0.0,9.87,-0.0,21.458
2023-08-12T22:00:00,22,5,8,1,28.95,88.21,0.0,94.47,18.993,0.0,9.99,-0.0,18.993
2023-08-12T23:00:00,23,5,8,1,28.3,96.57,0.0,100.0,16.417,0.011,10.16,-0.0,16.406
2023-08-13T00:00:00,0,6,8,1,25.1,92.63,0.0,94.8,12.897,0.052,9.9,-0.0,12.845
2023-08-13T01:00:00,1,6,8,1,24.51,97.02,0.0,100.0,12.934,0.035,9.95,-0.0,12.899
2023-08-13T02:00:00,2,6,8,1,23.27,87.07,0.0,96.71,12.041,0.012,10.18,-0.0,12.029
2023-08-13T03:00:00,3,6,8,1,24.64,96.92,1.51,100.0,11.524,0.043,9.79,-0.0,11.481
2023-08-13T04:00:00,4,6,8,1,25.88,95.05,0.84,100.0,11.49,0.0,10.23,-0.0,11.49
2023-08-13T05:00:00,5,6,8,1,23.88,88.19,0.08,62.64,13.268,0.009,10.09,-0.0,13.259
2023-08-13T06:00:00,6,6,8,1,23.46,83.78,61.61,64.32,12.318,2.966,9.89,-0.0,9.352
2023-08-13T07:00:00,7,6,8,1,27.34,90.56,134.6,75.47,14.36,6.886,9.95,-0.0,7.474
2023-08-13T08:00:00,8,6,8,1,30.55,93.72,129.06,91.3,17.009,5.765,10.25,-0.0,11.244
2023-08-13T09:00:00,9,6,8,1,31.5,82.06,348.67,58.95,19.472,16.214,9.92,-0.0,3.258
2023-08-13T10:00:00,10,6,8,1,30.32,83.63,387.53,64.38,21.803,17.471,10.11,-0.0,4.332
2023-08-13T11:00:00,11,6,8,1,32.18,88.95,420.11,63.17,20.738,19.465,10.31,-0.0,1.273
2023-08-13T12:00:00,12,6,8,1,32.15,95.51,368.74,76.3,20.525,16.292,9.99,-0.0,4.233
2023-08-13T13:00:00,13,6,8,1,34.97,88.93,380.78,68.42,20.378,17.564,10.0,-0.0,2.814
2023-08-13T14:00:00,14,6,8,1,38.69,84.74,274.44,77.77,24.235,12.431,10.33,-0.0,11.804
2023-08-13T15:00:00,15,6,8,1,33.22,83.45,303.66,64.93,19.96,14.048,9.84,-0.0,5.912
2023-08-13T16:00:00,16,6,8,1,33.93,88.19,129.29,91.94,21.922,5.496,10.0,-0.0,16.426
2023-08-13T17:00:00,17,6,8,1,33.77,79.43,131.32,76.19,22.464,6.233,10.06,-0.0,16.231
2023-08-13T18:00:00,18,6,8,1,35.03,75.9,105.44,18.25,21.409,4.809,9.77,-0.0,16.6
2023-08-13T19:00:00,19,6,8,1,35.22,84.55,0.09,34.14,23.601,0.029,9.83,-0.0,23.572
2023-08-13T20:00:00,20,6,8,1,32.32,79.22,0.0,24.01,23.83,0.0,9.91,-0.0,23.83
2023-08-13T21:00:00,21,6,8,1,31.65,81.75,0.0,60.59,20.781,0.008,10.06,-0.0,20.773
2023-08-13T22:00:00,22,6,8,1,26.63,85.79,0.0,72.13,19.524,0.009,9.93,-0.0,19.515
2023-08-13T23:00:00,23,6,8,1,28.49,86.79,1.18,62.78,14.605,0.008,9.99,-0.0,14.597
2023-08-14T00:00:00,0,0,8,0,24.87,80.97,0.0,50.8,12.138,0.0,10.12,-0.0,12.138
2023-08-14T01:00:00,1,0,8,0,25.77,82.02,0.0,50.23,10.488,0.009,10.09,-0.0,10.479
2023-08-14T02:00:00,2,0,8,0,22.22,94.08,2.05,36.28,11.51,0.006,9.69,-0.0,11.504
2023-08-14T03:00:00,3,0,8,0,23.63,79.75,2.55,31.55,9.647,0.0,10.03,-0.0,9.647
2023-08-14T04:00:00,4,0,8,0,23.94,82.53,1.81,43.38,11.58,0.016,10.08,-0.0,11.564
2023-08-14T05:00:00,5,0,8,0,25.68,87.82,0.64,48.57,13.107,0.027,9.99,-0.0,13.08
2023-08-14T06:00:00,6,0,8,0,23.78,85.47,71.54,50.37,14.969,3.27,10.08,-0.0,11.699
2023-08-14T07:00:00,7,0,8,0,26.61,85.08,195.35,40.44,20.535,9.633,10.12,-0.0,10.902
2023-08-14T08:00:00,8,0,8,0,27.51,85.89,387.07,23.35,22.161,17.729,10.05,-0.0,4.432
2023-08-14T09:00:00,9,0,8,0,30.12,72.78,508.03,25.89,20.014,22.444,12.22,2.43,0.0
2023-08-14T10:00:00,10,0,8,0,33.39,85.76,466.62,47.73,21.339,21.926,12.81,0.587,0.0
2023-08-14T11:00:00,11,0,8,0,35.14,76.36,576.64,36.03,19.027,26.356,19.17,7.329,0.0
2023-08-14T12:00:00,12,0,8,0,33.4,83.03,430.45,64.21,18.121,19.8,21.27,1.679,0.0
2023-08-14T13:00:00,13,0,8,0,37.07,90.42,475.23,53.34,19.676,22.218,23.6,2.542,0.0
2023-08-14T14:00:00,14,0,8,0,37.71,74.1,415.15,57.68,21.026,18.702,21.27,-2.324,0.0
2023-08-14T15:00:00,15,0,8,0,34.36,85.56,362.32,55.41,19.797,15.715,17.01,-4.082,0.0
2023-08-14T16:00:00,16,0,8,0,36.81,82.65,394.71,27.05,20.898,17.836,14.02,-3.062,0.0
2023-08-14T17:00:00,17,0,8,0,36.79,81.34,122.72,78.6,24.114,5.669,10.02,-3.934,14.511
2023-08-14T18:00:00,18,0,8,0,34.71,76.92,63.99,41.03,26.865,2.971,10.05,-0.0,23.894
2023-08-14T19:00:00,19,0,8,0,31.92,83.21,0.43,62.72,29.384,0.0,10.21,-0.0,29.384
2023-08-14T20:00:00,20,0,8,0,32.33,81.56,0.0,63.9,27.992,0.01,9.73,-0.0,27.982
2023-08-14T21:00:00,21,0,8,0,27.89,87.54,0.25,62.34,23.805,0.028,10.07,-0.0,23.777
2023-08-14T22:00:00,22,0,8,0,28.2,86.8,0.94,31.02,20.951,0.028,9.87,-0.0,20.923
2023-08-14T23:00:00,23,0,8,0,26.85,81.94,1.06,35.51,16.965,0.0,9.83,-0.0,16.965
2023-08-15T00:00:00,0,1,8,0,25.78,92.31,0.68,57.67,14.107,0.021,9.98,-0.0,14.086
2023-08-15T01:00:00,1,1,8,0,24.14,97.55,0.0,70.82,10.58,0.0,9.81,-0.0,10.58
2023-08-15T02:00:00,2,1,8,0,23.02,89.43,1.73,44.91,10.931,0.016,9.81,-0.0,10.915
2023-08-15T03:00:00,3,1,8,0,23.1,92.08,0.3,59.69,10.496,0.0,9.75,-0.0,10.496
2023-08-15T04:00:00,4,1,8,0,24.45,81.75,0.0,33.15,10.815,0.0,9.93,-0.0,10.815
2023-08-15T05:00:00,5,1,8,0,27.01,74.05,0.3,58.84,10.181,0.011,10.08,-0.0,10.17
2023-08-15T06:00:00,6,1,8,0,23.06,88.71,60.1,35.08,15.492,2.899,10.12,-0.0,12.593
2023-08-15T07:00:00,7,1,8,0,27.57,86.86,239.38,32.29,17.636,11.118,10.3,-0.0,6.518
2023-08-15T08:00:00,8,1,8,0,27.18,83.51,391.2,26.99,21.011,18.105,9.94,-0.0,2.906
2023-08-15T09:00:00,9,1,8,0,31.13,87.7,400.28,47.12,22.141,19.348,10.12,-0.0,2.793
2023-08-15T10:00:00,10,1,8,0,30.59,79.59,503.2,39.68,21.75,23.485,11.62,1.735,0.0
2023-08-15T11:00:00,11,1,8,0,32.57,83.62,564.97,38.24,18.955,27.057,19.07,8.102,0.0
2023-08-15T12:00:00,12,1,8,0,33.64,90.97,459.13,59.41,16.599,21.196,23.34,4.597,0.0
2023-08-15T13:00:00,13,1,8,0,35.52,88.8,310.69,78.7,18.757,14.56,19.2,-4.197,0.0
2023-08-15T14:00:00,14,1,8,0,36.78,87.33,447.08,50.99,19.856,19.509,18.81,-0.347,0.0
2023-08-15T15:00:00,15,1,8,0,37.16,86.72,397.92,48.05,20.395,17.543,15.82,-2.852,0.0
2023-08-15T16:00:00,16,1,8,0,35.67,73.64,324.89,41.12,21.144,15.166,10.09,-5.883,0.095
2023-08-15T17:00:00,17,1,8,0,33.35,85.02,180.12,43.74,22.17,8.852,9.91,-0.0,13.318
2023-08-15T18:00:00,18,1,8,0,35.18,81.36,31.8,71.14,27.788,1.488,10.09,-0.0,26.3
2023-08-15T19:00:00,19,1,8,0,32.61,78.16,0.45,56.26,28.868,0.018,10.02,-0.0,28.85
2023-08-15T20:00:00,20,1,8,0,32.24,84.18,0.0,67.62,29.124,0.014,9.72,-0.0,29.11
2023-08-15T21:00:00,21,1,8,0,29.2,98.0,0.0,85.76,25.026,0.0,9.98,-0.0,25.026
2023-08-15T22:00:00,22,1,8,0,26.19,87.56,0.0,76.59,20.725,0.0,10.14,-0.0,20.725
2023-08-15T23:00:00,23,1,8,0,25.82,78.43,0.0,54.85,17.023,0.017,9.98,-0.0,17.006
2023-08-16T00:00:00,0,2,8,0,26.55,84.34,0.86,86.47,12.017,0.029,10.03,-0.0,11.988
2023-08-16T01:00:00,1,2,8,0,24.07,94.4,0.0,80.31,11.985,0.0,9.93,-0.0,11.985
2023-08-16T02:00:00,2,2,8,0,23.14,85.18,0.14,56.63,9.428,0.0,9.96,-0.0,9.428
2023-08-16T03:00:00,3,2,8,0,21.41,81.37,1.11,67.72,7.335,0.0,10.14,-0.0,7.335
2023-08-16T04:00:00,4,2,8,0,24.91,80.25,0.0,51.87,8.759,0.005,9.94,-0.0,8.754
2023-08-16T05:00:00,5,2,8,0,22.88,91.16,1.17,64.71,10.462,0.027,9.83,-0.0,10.435
2023-08-16T06:00:00,6,2,8,0,23.28,91.7,68.0,49.39,16.409,3.26,9.67,-0.0,13.149
2023-08-16T07:00:00,7,2,8,0,26.96,84.1,180.82,53.01,19.695,8.021,9.89,-0.0,11.674
2023-08-16T08:00:00,8,2,8,0,25.32,97.52,102.28,100.0,22.42,4.92,9.84,-0.0,17.5
2023-08-16T09:00:00,9,2,8,0,31.18,89.15,362.85,56.83,22.818,17.506,9.78,-0.0,5.312
2023-08-16T10:00:00,10,2,8,0,32.2,83.08,321.44,76.72,21.243,15.723,9.84,-0.0,5.52
2023-08-16T11:00:00,11,2,8,0,34.8,86.41,281.18,86.36,20.593,13.627,9.85,-0.0,6.966
2023-08-16T12:00:00,12,2,8,0,34.1,83.7,307.05,81.76,19.024,14.215,9.84,-0.0,4.809
2023-08-16T13:00:00,13,2,8,0,35.44,86.18,428.26,65.18,19.555,21.407,11.91,1.852,0.0
2023-08-16T14:00:00,14,2,8,0,33.22,81.91,366.73,66.93,19.236,16.571,9.75,-1.704,0.961
2023-08-16T15:00:00,15,2,8,0,36.6,77.87,264.82,72.42,22.266,11.813,10.09,-0.0,10.453
2023-08-16T16:00:00,16,2,8,0,33.57,86.93,184.91,79.56,20.051,8.577,10.08,-0.0,11.474
2023-08-16T17:00:00,17,2,8,0,37.06,90.23,113.97,79.09,26.511,5.357,10.09,-0.0,21.154
2023-08-16T18:00:00,18,2,8,0,35.03,87.03,41.03,70.31,26.667,1.933,9.99,-0.0,24.734
2023-08-16T19:00:00,19,2,8,0,35.4,85.23,2.03,43.09,29.534,0.0,10.19,-0.0,29.534
2023-08-16T20:00:00,20,2,8,0,32.29,91.94,1.27,79.34,30.228,0.0,10.0,-0.0,30.228
2023-08-16T21:00:00,21,2,8,0,30.57,86.76,0.9,67.73,24.968,0.008,9.97,-0.0,24.96
2023-08-16T22:00:00,22,2,8,0,27.33,83.73,1.28,56.99,18.005,0.0,10.17,-0.0,18.005
2023-08-16T23:00:00,23,2,8,0,25.29,79.9,0.59,33.1,15.587,0.017,9.97,-0.0,15.57
2023-08-17T00:00:00,0,3,8,0,25.79,76.09,1.27,33.36,11.345,0.021,9.76,-0.0,11.324
2023-08-17T01:00:00,1,3,8,0,23.04,94.6,0.0,54.13,9.877,0.0,10.08,-0.0,9.877
2023-08-17T02:00:00,2,3,8,0,23.04,83.56,0.0,31.25,10.922,0.0,10.16,-0.0,10.922
2023-08-17T03:00:00,3,3,8,0,21.77,79.6,0.59,45.99,9.106,0.0,10.04,-0.0,9.106
2023-08-17T04:00:00,4,3,8,0,21.51,91.02,0.0,23.19,10.363,0.0,9.95,-0.0,10.363
2023-08-17T05:00:00,5,3,8,0,24.41,91.53,3.75,75.23,11.855,0.0,10.04,-0.0,11.855
2023-08-17T06:00:00,6,3,8,0,25.99,94.16,53.76,69.44,14.289,2.623,10.1,-0.0,11.666
2023-08-17T07:00:00,7,3,8,0,24.53,87.9,147.75,63.3,18.101,7.361,9.85,-0.0,10.74
2023-08-17T08:00:00,8,3,8,0,28.32,84.13,232.8,69.85,22.733,11.201,9.69,-0.0,11.532
2023-08-17T09:00:00,9,3,8,0,29.45,89.5,272.25,68.47,21.657,13.415,9.98,-0.0,8.242
2023-08-17T10:00:00,10,3,8,0,30.98,84.87,502.89,40.44,15.912,23.757,17.37,7.845,0.0
2023-08-17T11:00:00,11,3,8,0,34.29,85.92,264.52,86.55,18.371,12.171,10.85,-6.2,0.0
2023-08-17T12:00:00,12,3,8,0,34.94,92.25,334.18,77.98,19.428,14.946,9.81,-1.017,3.465
2023-08-17T13:00:00,13,3,8,0,36.27,85.59,503.47,50.75,19.57,24.72,14.77,5.15,0.0
2023-08-17T14:00:00,14,3,8,0,37.62,80.87,554.31,36.92,22.192,24.339,16.68,2.147,0.0
2023-08-17T15:00:00,15,3,8,0,35.18,76.49,359.52,54.62,18.912,16.551,14.25,-2.361,0.0
2023-08-17T16:00:00,16,3,8,0,34.5,76.54,253.79,57.12,20.893,11.573,10.17,-4.352,4.968
2023-08-17T17:00:00,17,3,8,0,33.18,88.16,184.83,48.09,21.715,8.181,9.9,-0.0,13.534
2023-08-17T18:00:00,18,3,8,0,34.54,71.11,53.77,52.32,25.338,2.56,10.05,-0.0,22.778
2023-08-17T19:00:00,19,3,8,0,30.3,82.85,0.0,45.1,27.711,0.0,10.13,-0.0,27.711
2023-08-17T20:00:00,20,3,8,0,30.39,87.06,0.0,65.59,26.927,0.008,9.97,-0.0,26.919
2023-08-17T21:00:00,21,3,8,0,28.11,83.41,0.08,54.16,26.435,0.0,10.13,-0.0,26.435
2023-08-17T22:00:00,22,3,8,0,28.83,87.22,1.24,67.05,19.647,0.0,10.1,-0.0,19.647
2023-08-17T23:00:00,23,3,8,0,25.87,95.53,0.0,96.39,16.442,0.0,10.03,-0.0,16.442
2023-08-18T00:00:00,0,4,8,0,24.48,86.75,0.0,66.32,12.284,0.008,9.94,-0.0,12.276
2023-08-18T01:00:00,1,4,8,0,24.08,93.17,0.0,58.68,12.204,0.027,10.21,-0.0,12.177
2023-08-18T02:00:00,2,4,8,0,24.65,93.01,0.0,69.67,11.274,0.004,10.14,-0.0,11.27
2023-08-18T03:00:00,3,4,8,0,21.26,88.92,0.0,55.44,8.229,0.0,10.11,-0.0,8.229
2023-08-18T04:00:00,4,4,8,0,22.2,86.73,1.65,65.78,12.108,0.0,10.01,-0.0,12.108
2023-08-18T05:00:00,5,4,8,0,21.28,90.79,3.25,64.98,12.344,0.004,9.92,-0.0,12.34
2023-08-18T06:00:00,6,4,8,0,23.0,98.0,62.62,65.33,12.844,3.087,9.71,-0.0,9.757
2023-08-18T07:00:00,7,4,8,0,25.09,80.7,217.39,33.92,19.552,10.878,10.08,-0.0,8.674
2023-08-18T08:00:00,8,4,8,0,28.13,94.46,262.93,60.52,20.506,12.092,9.95,-0.0,8.414
2023-08-18T09:00:00,9,4,8,0,27.67,73.71,493.38,30.02,21.802,23.626,11.71,1.824,0.0
2023-08-18T10:00:00,10,4,8,0,29.56,81.44,426.71,58.65,19.028,20.003,12.95,0.975,0.0
2023-08-18T11:00:00,11,4,8,0,30.1,83.08,410.92,60.98,17.949,19.006,13.74,1.057,0.0
2023-08-18T12:00:00,12,4,8,0,34.28,90.28,373.43,74.63,19.397,17.856,12.07,-1.541,0.0
2023-08-18T13:00:00,13,4,8,0,35.55,84.04,409.24,67.46,18.05,18.685,12.58,0.635,0.0
2023-08-18T14:00:00,14,4,8,0,36.51,89.61,369.98,66.26,19.519,15.842,10.12,-2.591,1.086
2023-08-18T15:00:00,15,4,8,0,35.55,80.55,361.67,57.11,20.649,16.883,10.14,-0.0,3.766
2023-08-18T16:00:00,16,4,8,0,32.73,83.2,284.04,55.12,19.751,13.2,9.94,-0.0,6.551
2023-08-18T17:00:00,17,4,8,0,32.82,80.7,178.3,47.96,21.582,8.492,9.96,-0.0,13.09
2023-08-18T18:00:00,18,4,8,0,34.67,94.45,48.12,67.93,28.7,2.189,10.04,-0.0,26.511
2023-08-18T19:00:00,19,4,8,0,32.16,76.35,0.0,42.97,28.36,0.0,9.89,-0.0,28.36
2023-08-18T20:00:00,20,4,8,0,31.02,78.33,0.0,31.55,26.84,0.0,9.9,-0.0,26.84
2023-08-18T21:00:00,21,4,8,0,31.17,78.49,0.0,48.78,27.293,0.0,9.83,-0.0,27.293
2023-08-18T22:00:00,22,4,8,0,27.83,92.36,2.11,77.33,17.741,0.017,10.26,-0.0,17.724
2023-08-18T23:00:00,23,4,8,0,24.24,84.95,0.0,71.94,16.172,0.0,9.8,-0.0,16.172
2023-08-19T00:00:00,0,5,8,1,26.12,98.0,0.55,73.31,12.315,0.028,9.8,-0.0,12.287
2023-08-19T01:00:00,1,5,8,1,24.5,87.47,0.0,48.91,13.099,0.0,9.66,-0.0,13.099
2023-08-19T02:00:00,2,5,8,1,21.26,93.41,2.68,65.58,10.968,0.0,10.09,-0.0,10.968
2023-08-19T03:00:00,3,5,8,1,22.96,93.4,0.0,70.09,10.17,0.0,9.86,-0.0,10.17
2023-08-19T04:00:00,4,5,8,1,22.22,89.88,0.37,60.03,12.257,0.0,10.11,-0.0,12.257
2023-08-19T05:00:00,5,5,8,1,21.35,90.76,0.0,57.96,12.834,0.0,9.99,-0.0,12.834
2023-08-19T06:00:00,6,5,8,1,25.99,85.73,57.94,42.65,13.045,2.741,10.19,-0.0,10.304
2023-08-19T07:00:00,7,5,8,1,25.9,93.88,121.08,82.22,15.252,5.917,9.87,-0.0,9.335
2023-08-19T08:00:00,8,5,8,1,26.39,82.63,278.06,53.73,15.365,13.222,10.01,-0.0,2.143
2023-08-19T09:00:00,9,5,8,1,28.89,83.8,271.27,76.34,18.203,12.748,10.17,-0.0,5.455
2023-08-19T10:00:00,10,5,8,1,29.84,92.6,284.78,78.08,19.823,12.29,10.18,-0.0,7.533
2023-08-19T11:00:00,11,5,8,1,32.37,85.82,377.69,69.55,20.226,17.841,10.16,-0.0,2.385
2023-08-19T12:00:00,12,5,8,1,33.71,72.59,492.92,53.09,20.353,24.337,13.75,3.984,0.0
2023-08-19T13:00:00,13,5,8,1,35.42,82.52,356.43,74.47,22.035,16.113,10.0,-3.665,2.257
2023-08-19T14:00:00,14,5,8,1,35.78,88.15,482.23,46.5,23.071,22.661,10.09,-0.0,0.41
2023-08-19T15:00:00,15,5,8,1,33.57,81.02,414.44,47.19,20.809,18.657,9.8,-0.0,2.152
2023-08-19T16:00:00,16,5,8,1,33.82,81.89,236.43,66.29,19.656,11.326,9.94,-0.0,8.33
2023-08-19T17:00:00,17,5,8,1,30.89,80.34,95.96,77.4,22.18,4.579,10.21,-0.0,17.601
2023-08-19T18:00:00,18,5,8,1,34.23,82.66,38.46,74.15,21.004,1.755,10.14,-0.0,19.249
2023-08-19T19:00:00,19,5,8,1,30.79,78.27,0.0,52.19,21.835,0.0,9.82,-0.0,21.835
2023-08-19T20:00:00,20,5,8,1,30.37,85.11,0.0,43.09,20.769,0.014,10.05,-0.0,20.755
2023-08-19T21:00:00,21,5,8,1,30.42,85.42,0.16,58.01,22.238,0.0,9.86,-0.0,22.238
2023-08-19T22:00:00,22,5,8,1,28.46,80.08,1.29,29.02,18.562,0.015,9.96,-0.0,18.547
2023-08-19T23:00:00,23,5,8,1,23.25,84.95,0.0,55.68,16.799,0.003,10.22,-0.0,16.796
2023-08-20T00:00:00,0,6,8,1,23.19,96.74,0.0,57.73,14.006,0.032,9.73,-0.0,13.974
2023-08-20T01:00:00,1,6,8,1,24.81,86.27,0.0,68.24,11.952,0.0,9.81,-0.0,11.952
2023-08-20T02:00:00,2,6,8,1,25.49,85.23,0.18,63.74,12.166,0.007,10.02,-0.0,12.159
2023-08-20T03:00:00,3,6,8,1,23.98,84.41,0.0,37.44,10.803,0.013,10.07,-0.0,10.79
2023-08-20T04:00:00,4,6,8,1,23.73,87.32,0.0,51.24,8.22,0.0,9.95,-0.0,8.22
2023-08-20T05:00:00,5,6,8,1,21.82,90.05,0.0,42.94,14.346,0.022,10.17,-0.0,14.324
2023-08-20T06:00:00,6,6,8,1,24.99,90.54,64.99,42.89,13.931,3.297,9.97,-0.0,10.634
2023-08-20T07:00:00,7,6,8,1,24.68,92.79,160.02,59.25,14.655,7.57,10.04,-0.0,7.085
2023-08-20T08:00:00,8,6,8,1,27.98,96.3,311.1,42.26,18.106,15.281,10.01,-0.0,2.825
2023-08-20T09:00:00,9,6,8,1,27.83,76.99,396.4,50.43,16.901,20.463,13.24,3.562,0.0
2023-08-20T10:00:00,10,6,8,1,30.1,86.75,401.6,59.68,19.041,19.042,13.39,0.001,0.0
2023-08-20T11:00:00,11,6,8,1,33.03,82.73,391.73,68.63,20.457,17.65,10.35,-2.807,0.0
2023-08-20T12:00:00,12,6,8,1,33.61,94.6,427.15,65.57,21.896,19.885,10.19,-0.471,1.54
2023-08-20T13:00:00,13,6,8,1,35.69,82.46,492.07,53.44,21.895,22.46,10.66,0.565,0.0
2023-08-20T14:00:00,14,6,8,1,33.49,67.87,618.16,21.55,20.332,28.731,18.39,8.399,0.0
2023-08-20T15:00:00,15,6,8,1,34.85,84.25,369.36,53.64,19.259,17.458,16.79,-1.801,0.0
2023-08-20T16:00:00,16,6,8,1,36.96,79.59,375.26,35.91,21.288,17.65,12.87,-3.638,0.0
2023-08-20T17:00:00,17,6,8,1,37.97,78.02,286.85,12.75,23.721,12.138,10.02,-2.808,8.775
2023-08-20T18:00:00,18,6,8,1,34.37,75.81,80.76,34.19,23.762,3.887,10.07,-0.0,19.875
2023-08-20T19:00:00,19,6,8,1,30.04,85.33,0.0,46.75,20.867,0.0,9.94,-0.0,20.867
2023-08-20T20:00:00,20,6,8,1,29.84,84.5,0.0,60.41,20.512,0.0,9.99,-0.0,20.512
2023-08-20T21:00:00,21,6,8,1,29.85,82.68,0.0,61.69,21.283,0.0,9.88,-0.0,21.283
2023-08-20T22:00:00,22,6,8,1,28.46,90.62,0.43,75.75,19.982,0.023,10.2,-0.0,19.959
2023-08-20T23:00:00,23,6,8,1,23.58,89.58,1.67,57.23,18.297,0.0,9.85,-0.0,18.297
2023-08-21T00:00:00,0,0,8,0,23.81,97.88,1.22,83.49,12.757,0.002,9.88,-0.0,12.755
2023-08-21T01:00:00,1,0,8,0,23.11,92.18,1.67,77.03,10.341,0.0,9.97,-0.0,10.341
2023-08-21T02:00:00,2,0,8,0,24.09,92.49,1.85,63.42,10.272,0.0,9.83,-0.0,10.272
2023-08-21T03:00:00,3,0,8,0,21.95,81.78,0.0,44.57,10.322,0.014,9.9,-0.0,10.308
2023-08-21T04:00:00,4,0,8,0,20.2,98.0,2.81,77.4,7.971,0.021,9.95,-0.0,7.95
2023-08-21T05:00:00,5,0,8,0,24.02,90.31,1.13,94.7,12.554,0.004,10.12,-0.0,12.55
2023-08-21T06:00:00,6,0,8,0,24.39,92.82,49.44,56.81,17.688,2.407,9.78,-0.0,15.281
2023-08-21T07:00:00,7,0,8,0,24.88,91.28,130.27,69.63,18.846,6.389,9.92,-0.0,12.457
2023-08-21T08:00:00,8,0,8,0,27.53,89.84,206.87,73.99,19.558,9.987,10.05,-0.0,9.571
2023-08-21T09:00:00,9,0,8,0,28.48,93.5,243.34,81.1,20.032,11.525,10.08,-0.0,8.507
2023-08-21T10:00:00,10,0,8,0,29.23,76.03,381.63,64.01,17.696,16.785,10.39,-0.0,0.911
2023-08-21T11:00:00,11,0,8,0,33.86,79.08,503.4,49.15,20.045,24.012,13.87,3.967,0.0
2023-08-21T12:00:00,12,0,8,0,34.08,88.39,412.8,68.01,20.87,17.508,10.54,-3.362,0.0
2023-08-21T13:00:00,13,0,8,0,34.57,90.27,557.14,43.11,18.185,24.608,15.97,6.423,0.0
2023-08-21T14:00:00,14,0,8,0,36.7,77.38,573.68,29.94,18.41,25.601,22.86,7.191,0.0
2023-08-21T15:00:00,15,0,8,0,33.88,72.98,269.61,70.65,17.149,12.876,18.63,-4.273,0.0
2023-08-21T16:00:00,16,0,8,0,33.88,83.48,250.08,70.02,21.273,11.487,9.82,-8.54,1.246
2023-08-21T17:00:00,17,0,8,0,35.14,87.79,87.8,94.81,24.56,4.309,9.96,-0.0,20.251
2023-08-21T18:00:00,18,0,8,0,31.85,92.1,47.65,72.46,26.849,2.117,10.12,-0.0,24.732
2023-08-21T19:00:00,19,0,8,0,32.97,85.89,0.0,70.56,28.197,0.012,10.13,-0.0,28.185
2023-08-21T20:00:00,20,0,8,0,30.35,79.83,0.0,64.73,29.132,0.0,10.19,-0.0,29.132
2023-08-21T21:00:00,21,0,8,0,27.1,92.49,0.23,62.49,23.634,0.0,10.02,-0.0,23.634
2023-08-21T22:00:00,22,0,8,0,26.68,92.12,1.32,71.68,19.053,0.0,9.92,-0.0,19.053
2023-08-21T23:00:00,23,0,8,0,25.48,84.05,0.0,55.71,14.647,0.0,10.09,-0.0,14.647
2023-08-22T00:00:00,0,1,8,0,25.35,90.46,0.0,50.67,11.629,0.0,10.03,-0.0,11.629
2023-08-22T01:00:00,1,1,8,0,22.96,86.54,1.19,58.02,10.592,0.0,10.07,-0.0,10.592
2023-08-22T02:00:00,2,1,8,0,22.12,93.15,0.0,90.67,9.154,0.048,9.72,-0.0,9.106
2023-08-22T03:00:00,3,1,8,0,22.82,85.88,0.46,52.51,10.547,0.0,10.0,-0.0,10.547
2023-08-22T04:00:00,4,1,8,0,22.01,87.71,0.06,54.41,9.909,0.004,10.06,-0.0,9.905
2023-08-22T05:00:00,5,1,8,0,22.27,97.42,0.0,79.58,11.477,0.0,10.0,-0.0,11.477
2023-08-22T06:00:00,6,1,8,0,24.49,81.29,54.51,69.89,14.782,2.566,9.98,-0.0,12.216
2023-08-22T07:00:00,7,1,8,0,25.74,96.09,137.99,76.83,17.988,6.504,9.98,-0.0,11.484
2023-08-22T08:00:00,8,1,8,0,29.4,91.85,122.52,92.93,21.696,5.427,9.87,-0.0,16.269
2023-08-22T09:00:00,9,1,8,0,29.71,85.03,318.89,67.47,20.841,15.655,10.13,-0.0,5.186
2023-08-22T10:00:00,10,1,8,0,31.07,83.12,490.53,46.06,19.21,22.505,12.99,3.295,0.0
2023-08-22T11:00:00,11,1,8,0,31.79,82.58,342.32,76.05,18.115,15.823,10.36,-2.292,0.0
2023-08-22T12:00:00,12,1,8,0,32.58,76.6,424.51,63.17,18.832,20.766,12.43,1.934,0.0
2023-08-22T13:00:00,13,1,8,0,31.61,78.71,515.39,48.69,17.497,23.63,18.05,6.133,0.0
2023-08-22T14:00:00,14,1,8,0,34.18,71.95,492.46,46.87,16.242,23.779,25.05,7.537,0.0
2023-08-22T15:00:00,15,1,8,0,35.23,74.26,391.79,48.01,20.206,16.933,21.72,-3.273,0.0
2023-08-22T16:00:00,16,1,8,0,34.87,73.12,294.6,48.1,21.875,13.849,13.78,-8.026,0.0
2023-08-22T17:00:00,17,1,8,0,34.02,86.83,195.22,41.47,23.982,8.892,10.03,-3.796,11.294
2023-08-22T18:00:00,18,1,8,0,33.36,79.13,0.0,71.35,25.894,0.0,9.88,-0.0,25.894
2023-08-22T19:00:00,19,1,8,0,31.74,87.46,2.67,79.47,29.712,0.0,10.01,-0.0,29.712
2023-08-22T20:00:00,20,1,8,0,29.29,87.41,0.03,31.55,25.766,0.034,10.1,-0.0,25.732
2023-08-22T21:00:00,21,1,8,0,29.8,91.07,0.0,66.77,25.606,0.001,9.95,-0.0,25.605
2023-08-22T22:00:00,22,1,8,0,27.88,90.36,0.07,93.16,20.977,0.0,10.1,-0.0,20.977
2023-08-22T23:00:00,23,1,8,0,25.67,87.43,0.0,65.3,17.454,0.0,10.2,-0.0,17.454
2023-08-23T00:00:00,0,2,8,0,23.69,94.18,0.54,87.37,10.217,0.041,9.86,-0.0,10.176
2023-08-23T01:00:00,1,2,8,0,20.96,98.0,1.29,77.86,11.392,0.01,10.04,-0.0,11.382
2023-08-23T02:00:00,2,2,8,0,23.2,97.5,4.05,100.0,11.248,0.0,10.31,-0.0,11.248
2023-08-23T03:00:00,3,2,8,0,21.3,98.0,0.15,92.14,10.109,0.0,10.04,-0.0,10.109
2023-08-23T04:00:00,4,2,8,0,25.03,98.0,0.0,70.86,10.58,0.0,9.88,-0.0,10.58
2023-08-23T05:00:00,5,2,8,0,22.16,96.43,0.31,93.53,12.112,0.011,10.07,-0.0,12.101
2023-08-23T06:00:00,6,2,8,0,24.01,98.0,18.43,100.0,15.211,0.871,9.97,-0.0,14.34
2023-08-23T07:00:00,7,2,8,0,22.81,91.28,161.29,54.91,19.445,7.636,9.81,-0.0,11.809
2023-08-23T08:00:00,8,2,8,0,24.76,93.51,187.05,77.44,22.872,9.4,9.97,-0.0,13.472
2023-08-23T09:00:00,9,2,8,0,29.67,84.93,187.12,85.75,20.645,8.912,9.83,-0.0,11.733
2023-08-23T10:00:00,10,2,8,0,30.89,80.95,362.94,69.23,19.812,17.838,9.75,-0.0,1.974
2023-08-23T11:00:00,11,2,8,0,25.24,90.96,208.51,94.68,12.652,10.165,10.13,-0.0,2.487
2023-08-23T12:00:00,12,2,8,0,32.89,86.99,526.23,49.8,16.741,24.663,16.94,7.922,0.0
2023-08-23T13:00:00,13,2,8,0,36.17,83.77,555.55,41.9,19.678,24.8,22.21,5.122,0.0
2023-08-23T14:00:00,14,2,8,0,31.63,89.82,481.36,48.99,17.666,22.617,26.64,4.951,0.0
2023-08-23T15:00:00,15,2,8,0,36.29,82.93,311.98,65.0,18.582,14.81,23.01,-3.772,0.0
2023-08-23T16:00:00,16,2,8,0,30.19,86.63,270.71,49.01,18.421,12.76,17.37,-5.661,0.0
2023-08-23T17:00:00,17,2,8,0,35.22,81.96,216.16,36.15,24.665,10.626,10.17,-7.122,6.917
2023-08-23T18:00:00,18,2,8,0,33.0,81.72,46.9,48.07,25.301,2.257,9.94,-0.0,23.044
2023-08-23T19:00:00,19,2,8,0,27.78,81.1,2.16,31.87,24.2,0.0,9.91,-0.0,24.2
2023-08-23T20:00:00,20,2,8,0,29.91,76.07,0.75,44.99,25.605,0.0,10.02,-0.0,25.605
2023-08-23T21:00:00,21,2,8,0,29.68,84.58,1.25,56.47,22.604,0.0,10.15,-0.0,22.604
2023-08-23T22:00:00,22,2,8,0,26.42,87.6,1.14,63.01,20.61,0.0,10.28,-0.0,20.61
2023-08-23T23:00:00,23,2,8,0,25.71,92.39,0.76,51.06,17.008,0.015,9.85,-0.0,16.993
2023-08-24T00:00:00,0,3,8,0,23.5,95.84,0.0,62.66,11.711,0.0,10.12,-0.0,11.711
2023-08-24T01:00:00,1,3,8,0,19.82,92.31,0.0,61.86,10.178,0.0,10.01,-0.0,10.178
2023-08-24T02:00:00,2,3,8,0,21.91,98.0,0.0,76.22,11.532,0.0,10.01,-0.0,11.532
2023-08-24T03:00:00,3,3,8,0,23.87,94.25,0.0,88.15,9.809,0.0,10.1,-0.0,9.809
2023-08-24T04:00:00,4,3,8,0,23.0,96.08,0.0,69.09,11.008,0.03,9.61,-0.0,10.978
2023-08-24T05:00:00,5,3,8,0,19.61,93.17,2.79,75.03,11.508,0.022,10.0,-0.0,11.486
2023-08-24T06:00:00,6,3,8,0,21.57,87.22,25.36,77.23,14.479,1.154,9.81,-0.0,13.325
2023-08-24T07:00:00,7,3,8,0,23.89,90.51,103.92,83.86,20.649,4.935,10.11,-0.0,15.714
2023-08-24T08:00:00,8,3,8,0,24.16,98.0,153.76,89.47,21.631,7.05,10.05,-0.0,14.581
2023-08-24T09:00:00,9,3,8,0,27.92,91.52,168.97,100.0,20.673,8.351,10.25,-0.0,12.322
2023-08-24T10:00:00,10,3,8,0,31.12,84.8,332.24,73.66,19.85,15.135,10.22,-0.0,4.715
2023-08-24T11:00:00,11,3,8,0,29.89,89.04,305.21,81.99,17.722,14.32,9.91,-0.0,3.402
2023-08-24T12:00:00,12,3,8,0,33.92,84.19,344.92,77.26,19.152,16.162,10.04,-0.0,2.99
2023-08-24T13:00:00,13,3,8,0,34.37,88.87,466.69,57.36,16.659,20.998,14.23,4.339,0.0
2023-08-24T14:00:00,14,3,8,0,32.96,94.24,389.06,64.95,16.991,17.321,14.37,0.33,0.0
2023-08-24T15:00:00,15,3,8,0,34.73,84.57,285.05,69.63,17.799,13.235,10.11,-4.295,0.269
2023-08-24T16:00:00,16,3,8,0,31.71,90.64,189.34,81.17,19.127,8.246,10.25,-0.0,10.881
2023-08-24T17:00:00,17,3,8,0,32.8,93.34,72.2,88.8,22.035,3.515,10.22,-0.0,18.52
2023-08-24T18:00:00,18,3,8,0,32.38,89.98,31.42,93.66,25.494,1.457,10.03,-0.0,24.037
2023-08-24T19:00:00,19,3,8,0,30.88,85.22,0.0,89.32,27.368,0.023,10.17,-0.0,27.345
2023-08-24T20:00:00,20,3,8,0,30.6,85.72,0.15,76.01,27.156,0.0,10.14,-0.0,27.156
2023-08-24T21:00:00,21,3,8,0,28.55,91.49,0.0,79.6,26.507,0.007,10.26,-0.0,26.5
2023-08-24T22:00:00,22,3,8,0,25.96,89.9,0.29,60.03,17.697,0.016,10.02,-0.0,17.681
2023-08-24T23:00:00,23,3,8,0,25.0,85.49,0.11,100.0,16.724,0.0,10.2,-0.0,16.724
2023-08-25T00:00:00,0,4,8,0,24.04,92.79,0.0,100.0,10.535,0.0,9.95,-0.0,10.535
2023-08-25T01:00:00,1,4,8,0,20.86,88.9,0.9,72.38,11.338,0.0,10.08,-0.0,11.338
2023-08-25T02:00:00,2,4,8,0,21.1,98.0,0.0,100.0,8.762,0.0,10.14,-0.0,8.762
2023-08-25T03:00:00,3,4,8,0,20.56,92.38,0.0,93.23,9.972,0.021,10.11,-0.0,9.951
2023-08-25T04:00:00,4,4,8,0,20.11,91.81,0.0,79.86,9.854,0.019,10.06,-0.0,9.835
2023-08-25T05:00:00,5,4,8,0,22.87,85.74,1.21,50.68,13.696,0.0,10.01,-0.0,13.696
2023-08-25T06:00:00,6,4,8,0,22.76,95.41,40.57,71.81,14.143,1.764,10.12,-0.0,12.379
2023-08-25T07:00:00,7,4,8,0,24.86,93.91,154.87,63.62,18.046,7.089,10.09,-0.0,10.957
2023-08-25T08:00:00,8,4,8,0,26.73,92.39,208.32,76.2,20.282,9.989,10.03,-0.0,10.293
2023-08-25T09:00:00,9,4,8,0,26.89,92.23,357.47,55.23,20.899,17.194,10.11,-0.0,3.705
2023-08-25T10:00:00,10,4,8,0,28.86,91.21,470.7,51.41,18.479,21.039,12.14,2.56,0.0
2023-08-25T11:00:00,11,4,8,0,30.24,79.41,321.95,79.26,16.5,14.715,10.64,-1.785,0.0
2023-08-25T12:00:00,12,4,8,0,30.68,86.7,545.41,49.45,16.79,27.127,19.83,10.337,0.0
2023-08-25T13:00:00,13,4,8,0,33.86,84.91,328.95,81.21,15.112,15.041,19.89,-0.071,0.0
2023-08-25T14:00:00,14,4,8,0,34.32,73.93,510.17,39.25,17.753,23.749,25.58,5.996,0.0
2023-08-25T15:00:00,15,4,8,0,34.45,82.15,342.56,63.32,18.755,16.813,23.59,-1.942,0.0
2023-08-25T16:00:00,16,4,8,0,32.81,89.18,222.26,69.14,19.728,10.369,13.98,-9.359,0.0
2023-08-25T17:00:00,17,4,8,0,36.32,92.36,102.38,79.05,24.466,4.821,9.73,-4.225,15.42
2023-08-25T18:00:00,18,4,8,0,30.74,82.24,23.52,84.5,25.207,1.125,9.96,-0.0,24.082
2023-08-25T19:00:00,19,4,8,0,30.46,92.3,0.0,85.09,27.873,0.0,9.73,-0.0,27.873
2023-08-25T20:00:00,20,4,8,0,28.32,98.0,0.14,92.85,28.345,0.0,9.8,-0.0,28.345
2023-08-25T21:00:00,21,4,8,0,25.05,98.0,0.6,79.2,24.212,0.046,9.92,-0.0,24.166
2023-08-25T22:00:00,22,4,8,0,27.57,69.72,0.39,59.69,18.164,0.0,10.13,-0.0,18.164
2023-08-25T23:00:00,23,4,8,0,27.16,98.0,0.3,85.31,17.812,0.0,9.83,-0.0,17.812
2023-08-26T00:00:00,0,5,8,1,24.35,94.63,0.0,66.74,12.766,0.0,9.68,-0.0,12.766
2023-08-26T01:00:00,1,5,8,1,20.6,77.29,0.19,46.41,11.49,0.0,10.2,-0.0,11.49
2023-08-26T02:00:00,2,5,8,1,23.6,83.61,0.0,48.13,9.745,0.005,10.13,-0.0,9.74
2023-08-26T03:00:00,3,5,8,1,20.17,95.71,0.0,48.76,10.584,0.029,10.05,-0.0,10.555
2023-08-26T04:00:00,4,5,8,1,20.89,92.28,0.0,58.49,11.311,0.0,9.99,-0.0,11.311
2023-08-26T05:00:00,5,5,8,1,23.36,85.38,0.0,52.66,12.784,0.016,10.31,-0.0,12.768
2023-08-26T06:00:00,6,5,8,1,23.68,89.44,8.88,59.53,12.134,0.446,10.05,-0.0,11.688
2023-08-26T07:00:00,7,5,8,1,27.97,86.82,187.92,41.83,14.521,8.967,10.01,-0.0,5.554
2023-08-26T08:00:00,8,5,8,1,26.05,84.97,268.44,59.96,16.045,12.821,9.97,-0.0,3.224
2023-08-26T09:00:00,9,5,8,1,26.41,89.61,254.3,77.18,17.323,11.733,10.07,-0.0,5.59
2023-08-26T10:00:00,10,5,8,1,27.66,91.84,391.32,62.43,17.199,18.119,10.74,0.92,0.0
2023-08-26T11:00:00,11,5,8,1,28.37,86.6,278.49,83.36,18.267,13.484,10.17,-0.846,3.937
2023-08-26T12:00:00,12,5,8,1,31.31,80.19,388.95,73.27,20.505,18.34,10.2,-0.0,2.165
2023-08-26T13:00:00,13,5,8,1,34.7,78.39,515.25,49.75,22.754,25.176,12.42,2.422,0.0
2023-08-26T14:00:00,14,5,8,1,33.7,78.32,461.02,53.98,20.497,20.75,12.45,0.253,0.0
2023-08-26T15:00:00,15,5,8,1,34.33,81.53,321.33,68.21,19.258,14.249,10.06,-2.461,2.548
2023-08-26T16:00:00,16,5,8,1,31.91,76.64,258.27,64.17,18.963,12.181,9.8,-0.0,6.782
2023-08-26T17:00:00,17,5,8,1,33.4,86.25,136.22,68.32,19.327,6.3,9.81,-0.0,13.027
2023-08-26T18:00:00,18,5,8,1,33.2,91.31,24.84,80.18,22.419,1.105,10.12,-0.0,21.314
2023-08-26T19:00:00,19,5,8,1,32.12,82.86,4.44,75.92,23.595,0.0,10.14,-0.0,23.595
2023-08-26T20:00:00,20,5,8,1,29.44,83.72,1.46,66.47,20.929,0.0,9.74,-0.0,20.929
2023-08-26T21:00:00,21,5,8,1,27.39,89.05,1.18,79.02,20.299,0.002,9.81,-0.0,20.297
2023-08-26T22:00:00,22,5,8,1,27.18,86.68,0.0,86.56,17.634,0.0,9.86,-0.0,17.634
2023-08-26T23:00:00,23,5,8,1,20.85,97.59,0.0,72.88,17.3,0.007,10.05,-0.0,17.293
2023-08-27T00:00:00,0,6,8,1,23.03,85.14,3.86,60.34,12.863,0.0,9.94,-0.0,12.863
2023-08-27T01:00:00,1,6,8,1,25.12,84.39,0.0,50.87,13.179,0.006,9.83,-0.0,13.173
2023-08-27T02:00:00,2,6,8,1,19.6,87.61,0.38,60.08,10.648,0.0,9.95,-0.0,10.648
2023-08-27T03:00:00,3,6,8,1,20.87,97.27,2.76,70.11,10.78,0.0,9.95,-0.0,10.78
2023-08-27T04:00:00,4,6,8,1,21.21,88.27,0.0,52.58,9.841,0.0,10.14,-0.0,9.841
2023-08-27T05:00:00,5,6,8,1,20.84,98.0,0.22,56.3,12.621,0.0,9.96,-0.0,12.621
2023-08-27T06:00:00,6,6,8,1,23.9,89.19,52.69,49.13,12.601,2.526,10.22,-0.0,10.075
2023-08-27T07:00:00,7,6,8,1,25.17,96.36,115.17,74.75,14.581,5.525,9.69,-0.0,9.056
2023-08-27T08:00:00,8,6,8,1,26.42,85.7,274.06,57.69,15.558,11.953,10.07,-0.0,3.605
2023-08-27T09:00:00,9,6,8,1,27.97,81.84,385.33,58.24,17.689,17.574,10.31,-0.0,0.115
2023-08-27T10:00:00,10,6,8,1,28.56,88.35,336.96,73.53,19.916,15.85,9.98,-0.0,4.066
2023-08-27T11:00:00,11,6,8,1,34.16,81.88,393.03,72.45,22.959,16.921,9.96,-0.0,6.038
2023-08-27T12:00:00,12,6,8,1,32.44,76.42,365.7,73.72,22.809,15.289,9.9,-0.0,7.52
2023-08-27T13:00:00,13,6,8,1,32.65,91.83,350.54,76.81,20.162,15.606,9.78,-0.0,4.556
2023-08-27T14:00:00,14,6,8,1,31.7,84.46,446.81,56.83,19.606,21.119,11.55,1.513,0.0
2023-08-27T15:00:00,15,6,8,1,33.3,84.96,207.81,90.49,21.218,9.805,9.88,-1.392,10.021
2023-08-27T16:00:00,16,6,8,1,34.73,88.38,187.63,82.69,19.716,8.285,10.14,-0.0,11.431
2023-08-27T17:00:00,17,6,8,1,31.91,89.84,80.11,93.01,21.143,3.713,10.06,-0.0,17.43
2023-08-27T18:00:00,18,6,8,1,28.29,97.19,38.37,83.37,20.531,1.844,10.1,-0.0,18.687
2023-08-27T19:00:00,19,6,8,1,31.35,90.29,0.0,81.14,20.265,0.01,9.86,-0.0,20.255
2023-08-27T20:00:00,20,6,8,1,30.86,81.03,0.0,37.22,24.242,0.0,10.05,-0.0,24.242
2023-08-27T21:00:00,21,6,8,1,26.25,90.0,1.16,51.82,19.212,0.0,10.0,-0.0,19.212
2023-08-27T22:00:00,22,6,8,1,25.91,90.85,0.0,80.55,16.519,0.0,10.03,-0.0,16.519
2023-08-27T23:00:00,23,6,8,1,22.05,93.47,1.16,76.56,15.796,0.0,9.62,-0.0,15.796
2023-08-28T00:00:00,0,0,8,0,22.79,98.0,0.64,93.39,11.965,0.014,10.08,-0.0,11.951
2023-08-28T01:00:00,1,0,8,0,21.76,85.1,1.35,64.72,10.66,0.005,10.33,-0.0,10.655
2023-08-28T02:00:00,2,0,8,0,17.63,87.77,0.0,57.2,9.407,0.0,9.81,-0.0,9.407
2023-08-28T03:00:00,3,0,8,0,23.19,85.93,0.58,50.51,8.634,0.0,10.14,-0.0,8.634
2023-08-28T04:00:00,4,0,8,0,21.26,88.75,1.54,57.4,9.067,0.061,9.96,-0.0,9.006
2023-08-28T05:00:00,5,0,8,0,22.22,96.81,0.0,67.01,14.284,0.001,9.84,-0.0,14.283
2023-08-28T06:00:00,6,0,8,0,23.3,82.84,37.51,63.53,16.125,1.842,9.89,-0.0,14.283
2023-08-28T07:00:00,7,0,8,0,23.79,86.84,181.08,45.81,20.596,8.56,10.22,-0.0,12.036
2023-08-28T08:00:00,8,0,8,0,25.51,88.45,189.11,80.25,20.469,8.583,10.04,-0.0,11.886
2023-08-28T09:00:00,9,0,8,0,28.63,94.92,337.78,59.75,20.357,16.398,9.98,-0.0,3.959
2023-08-28T10:00:00,10,0,8,0,26.56,94.41,307.11,75.99,16.62,15.001,9.76,-0.0,1.619
2023-08-28T11:00:00,11,0,8,0,28.11,88.97,415.35,66.93,15.069,19.888,14.52,4.819,0.0
2023-08-28T12:00:00,12,0,8,0,30.66,94.0,308.5,85.48,17.211,15.563,12.95,-1.648,0.0
2023-08-28T13:00:00,13,0,8,0,32.25,80.05,358.41,74.56,16.209,16.374,12.98,0.165,0.0
2023-08-28T14:00:00,14,0,8,0,33.76,97.57,288.02,85.31,17.568,13.194,9.83,-2.937,1.437
2023-08-28T15:00:00,15,0,8,0,33.55,82.79,232.05,81.7,17.513,10.835,10.08,-0.0,6.678
2023-08-28T16:00:00,16,0,8,0,34.45,89.42,269.31,59.2,21.253,12.222,10.28,-0.0,9.031
2023-08-28T17:00:00,17,0,8,0,33.82,87.5,140.99,67.61,22.368,6.475,9.98,-0.0,15.893
2023-08-28T18:00:00,18,0,8,0,30.11,90.49,22.56,83.53,25.952,1.099,10.16,-0.0,24.853
2023-08-28T19:00:00,19,0,8,0,31.09,97.18,0.0,100.0,27.315,0.018,9.97,-0.0,27.297
2023-08-28T20:00:00,20,0,8,0,27.97,94.77,0.87,79.83,28.71,0.0,9.97,-0.0,28.71
2023-08-28T21:00:00,21,0,8,0,26.3,90.3,1.23,73.5,24.76,0.0,10.03,-0.0,24.76
2023-08-28T22:00:00,22,0,8,0,25.15,83.46,0.2,41.35,19.78,0.0,9.95,-0.0,19.78
2023-08-28T23:00:00,23,0,8,0,19.25,93.02,1.38,65.25,16.98,0.0,9.93,-0.0,16.98
2023-08-29T00:00:00,0,1,8,0,26.4,89.17,0.0,73.37,13.703,0.016,10.0,-0.0,13.687
2023-08-29T01:00:00,1,1,8,0,21.38,94.44,1.9,74.84,11.528,0.0,10.14,-0.0,11.528
2023-08-29T02:00:00,2,1,8,0,19.65,98.0,0.0,80.9,10.992,0.0,10.01,-0.0,10.992
2023-08-29T03:00:00,3,1,8,0,22.83,95.07,0.0,80.57,12.381,0.0,9.99,-0.0,12.381
2023-08-29T04:00:00,4,1,8,0,20.0,94.48,2.14,75.7,10.897,0.001,10.03,-0.0,10.896
2023-08-29T05:00:00,5,1,8,0,21.1,89.15,1.24,72.18,10.212,0.0,10.24,-0.0,10.212
2023-08-29T06:00:00,6,1,8,0,22.13,90.41,43.74,51.73,15.98,2.077,9.85,-0.0,13.903
2023-08-29T07:00:00,7,1,8,0,25.91,80.95,131.78,69.86,20.839,6.587,10.1,-0.0,14.252
2023-08-29T08:00:00,8,1,8,0,25.39,85.04,243.47,65.28,21.9,11.873,10.13,-0.0,10.027
2023-08-29T09:00:00,9,1,8,0,27.27,89.77,361.34,56.93,19.226,17.949,9.98,-0.0,1.277
2023-08-29T10:00:00,10,1,8,0,30.48,88.26,463.47,49.3,19.061,21.091,12.05,2.03,0.0
2023-08-29T11:00:00,11,1,8,0,31.58,84.05,482.4,55.47,19.211,23.533,15.98,4.322,0.0
2023-08-29T12:00:00,12,1,8,0,31.97,83.67,558.17,47.0,15.252,26.154,26.0,10.902,0.0
2023-08-29T13:00:00,13,1,8,0,35.02,79.98,665.2,27.92,16.368,31.384,39.5,15.016,0.0
2023-08-29T14:00:00,14,1,8,0,36.97,85.1,418.01,58.82,18.576,17.827,38.86,-0.749,0.0
2023-08-29T15:00:00,15,1,8,0,33.36,80.34,434.08,43.29,19.455,21.285,40.52,1.83,0.0
2023-08-29T16:00:00,16,1,8,0,33.64,77.3,292.27,50.08,17.755,13.753,36.73,-4.002,0.0
2023-08-29T17:00:00,17,1,8,0,32.99,85.55,170.24,57.03,22.715,8.426,22.47,-14.289,0.0
2023-08-29T18:00:00,18,1,8,0,34.04,95.53,41.03,75.06,27.31,1.972,9.96,-12.332,13.006
2023-08-29T19:00:00,19,1,8,0,28.77,84.74,0.0,79.85,26.47,0.02,9.96,-0.0,26.45
2023-08-29T20:00:00,20,1,8,0,28.38,83.72,0.0,45.12,24.624,0.0,10.33,-0.0,24.624
2023-08-29T21:00:00,21,1,8,0,24.44,84.81,0.9,46.57,23.586,0.0,10.03,-0.0,23.586
2023-08-29T22:00:00,22,1,8,0,23.82,98.0,0.0,72.06,18.638,0.03,10.07,-0.0,18.608
2023-08-29T23:00:00,23,1,8,0,22.75,85.11,0.48,61.48,17.065,0.058,9.96,-0.0,17.007
2023-08-30T00:00:00,0,2,8,0,22.13,86.96,0.0,44.88,11.215,0.009,10.2,-0.0,11.206
2023-08-30T01:00:00,1,2,8,0,22.52,87.36,0.32,55.77,11.535,0.0,10.06,-0.0,11.535
2023-08-30T02:00:00,2,2,8,0,21.37,84.87,0.0,64.61,10.278,0.0,10.03,-0.0,10.278
2023-08-30T03:00:00,3,2,8,0,18.97,84.51,0.0,55.28,8.666,0.034,10.03,-0.0,8.632
2023-08-30T04:00:00,4,2,8,0,19.41,94.4,0.38,60.22,11.278,0.0,9.94,-0.0,11.278
2023-08-30T05:00:00,5,2,8,0,23.69,95.82,1.58,80.67,12.362,0.017,9.86,-0.0,12.345
2023-08-30T06:00:00,6,2,8,0,23.23,90.24,6.71,84.1,16.14,0.308,10.0,-0.0,15.832
2023-08-30T07:00:00,7,2,8,0,23.51,98.0,96.06,90.39,19.765,4.579,10.23,-0.0,15.186
2023-08-30T08:00:00,8,2,8,0,24.35,79.87,204.66,75.43,22.656,10.225,9.96,-0.0,12.431
2023-08-30T09:00:00,9,2,8,0,28.12,83.29,268.05,79.0,21.199,12.342,10.16,-0.0,8.857
2023-08-30T10:00:00,10,2,8,0,28.06,88.65,157.05,100.0,18.269,6.949,9.94,-0.0,11.32
2023-08-30T11:00:00,11,2,8,0,30.35,85.08,456.3,57.42,14.809,19.947,14.45,5.138,0.0
2023-08-30T12:00:00,12,2,8,0,33.82,81.14,471.26,58.61,17.349,21.463,18.43,4.114,0.0
2023-08-30T13:00:00,13,2,8,0,33.39,84.12,405.53,68.57,14.462,19.921,23.29,5.459,0.0
2023-08-30T14:00:00,14,2,8,0,31.67,90.39,296.7,81.21,14.93,13.492,22.21,-1.438,0.0
2023-08-30T15:00:00,15,2,8,0,32.79,91.19,359.69,58.27,19.029,16.559,19.35,-2.47,0.0
2023-08-30T16:00:00,16,2,8,0,31.85,91.4,191.52,78.02,18.38,8.958,10.22,-9.422,0.0
2023-08-30T17:00:00,17,2,8,0,29.75,84.51,186.77,49.28,21.922,9.135,9.89,-0.204,12.583
2023-08-30T18:00:00,18,2,8,0,31.16,79.88,49.92,28.14,24.178,2.407,9.91,-0.0,21.771
2023-08-30T19:00:00,19,2,8,0,31.08,89.38,0.0,51.8,27.449,0.016,10.13,-0.0,27.433
2023-08-30T20:00:00,20,2,8,0,27.8,92.04,1.08,31.4,26.07,0.0,9.98,-0.0,26.07
2023-08-30T21:00:00,21,2,8,0,26.65,91.69,0.0,66.41,25.006,0.038,10.0,-0.0,24.968
2023-08-30T22:00:00,22,2,8,0,23.94,84.11,0.0,43.53,20.803,0.009,9.99,-0.0,20.794
2023-08-30T23:00:00,23,2,8,0,23.4,84.26,0.42,17.58,16.223,0.0,9.94,-0.0,16.223
2023-08-31T00:00:00,0,3,8,0,20.55,94.19,0.0,62.64,11.52,0.0,9.88,-0.0,11.52
2023-08-31T01:00:00,1,3,8,0,19.83,90.25,1.14,71.51,11.247,0.0,9.75,-0.0,11.247
2023-08-31T02:00:00,2,3,8,0,23.2,91.39,0.0,44.18,12.83,0.0,10.06,-0.0,12.83
2023-08-31T03:00:00,3,3,8,0,20.63,90.0,0.0,45.54,10.02,0.0,10.05,-0.0,10.02
2023-08-31T04:00:00,4,3,8,0,21.0,98.0,0.98,74.63,9.649,0.045,10.17,-0.0,9.604
2023-08-31T05:00:00,5,3,8,0,21.21,83.33,0.0,44.54,11.556,0.021,10.06,-0.0,11.535
2023-08-31T06:00:00,6,3,8,0,23.26,84.2,33.1,83.31,15.476,1.556,9.93,-0.0,13.92
2023-08-31T07:00:00,7,3,8,0,23.43,93.35,47.22,100.0,19.788,2.256,9.98,-0.0,17.532
2023-08-31T08:00:00,8,3,8,0,25.16,92.48,157.88,86.65,20.448,7.232,10.09,-0.0,13.216
2023-08-31T09:00:00,9,3,8,0,25.68,84.33,191.73,95.06,21.434,8.704,10.17,-0.0,12.73
2023-08-31T10:00:00,10,3,8,0,28.5,86.85,271.8,82.42,17.236,12.69,9.94,-0.0,4.546
2023-08-31T11:00:00,11,3,8,0,29.81,91.25,497.36,53.54,17.925,24.486,16.2,6.561,0.0
2023-08-31T12:00:00,12,3,8,0,30.24,87.16,531.17,52.83,16.038,23.733,23.1,7.695,0.0
2023-08-31T13:00:00,13,3,8,0,30.55,85.41,479.26,55.5,15.328,23.465,30.5,8.137,0.0
2023-08-31T14:00:00,14,3,8,0,32.93,75.49,560.54,37.86,14.073,25.883,41.37,11.81,0.0
2023-08-31T15:00:00,15,3,8,0,33.06,84.02,538.79,18.38,17.534,25.237,48.51,7.703,0.0
2023-08-31T16:00:00,16,3,8,0,30.33,81.32,281.99,45.9,18.102,13.281,43.73,-4.821,0.0
2023-08-31T17:00:00,17,3,8,0,32.18,81.24,210.82,35.13,22.101,10.095,31.9,-12.006,0.0
2023-08-31T18:00:00,18,3,8,0,31.93,80.1,47.83,16.18,26.164,2.318,12.01,-20.0,3.846
2023-08-31T19:00:00,19,3,8,0,32.58,82.66,0.0,43.52,28.051,0.0,9.97,-1.727,26.324
2023-08-31T20:00:00,20,3,8,0,27.41,93.14,0.7,50.38,26.62,0.037,9.79,-0.0,26.583
2023-08-31T21:00:00,21,3,8,0,26.52,87.72,0.0,41.54,22.358,0.027,9.91,-0.0,22.331
2023-08-31T22:00:00,22,3,8,0,24.18,85.23,2.13,24.23,20.86,0.0,9.96,-0.0,20.86
2023-08-31T23:00:00,23,3,8,0,23.77,88.13,0.0,56.2,17.943,0.011,10.04,-0.0,17.932
2023-09-01T00:00:00,0,4,9,0,21.82,93.44,0.0,67.19,12.245,0.0,9.73,-0.0,12.245
2023-09-01T01:00:00,1,4,9,0,18.73,93.54,2.44,77.95,11.726,0.021,10.16,-0.0,11.705
2023-09-01T02:00:00,2,4,9,0,19.7,91.63,2.96,55.43,9.735,0.01,9.87,-0.0,9.725
2023-09-01T03:00:00,3,4,9,0,16.63,89.87,0.0,50.18,9.6,0.0,10.05,-0.0,9.6
2023-09-01T04:00:00,4,4,9,0,21.84,92.01,1.66,88.79,10.137,0.0,9.98,-0.0,10.137
2023-09-01T05:00:00,5,4,9,0,18.66,92.02,1.16,91.09,13.646,0.0,9.9,-0.0,13.646
2023-09-01T06:00:00,6,4,9,0,21.65,89.7,34.36,65.11,15.641,1.64,10.2,-0.0,14.001
2023-09-01T07:00:00,7,4,9,0,20.55,91.65,119.72,76.24,18.264,6.016,9.93,-0.0,12.248
2023-09-01T08:00:00,8,4,9,0,23.65,98.0,106.08,97.89,21.007,5.058,9.86,-0.0,15.949
2023-09-01T09:00:00,9,4,9,0,26.07,95.91,241.93,80.59,19.516,11.807,10.08,-0.0,7.709
2023-09-01T10:00:00,10,4,9,0,28.28,83.87,491.95,45.97,17.733,22.721,14.72,4.988,0.0
2023-09-01T11:00:00,11,4,9,0,29.94,85.27,401.79,71.0,16.131,19.331,17.5,3.2,0.0
2023-09-01T12:00:00,12,4,9,0,32.94,89.47,352.82,75.42,15.512,17.144,19.06,1.632,0.0
2023-09-01T13:00:00,13,4,9,0,32.35,90.99,598.46,39.12,15.272,28.652,31.49,13.38,0.0
2023-09-01T14:00:00,14,4,9,0,33.75,85.81,476.11,47.92,16.973,20.157,34.24,3.184,0.0
2023-09-01T15:00:00,15,4,9,0,34.98,75.12,325.56,65.04,20.246,14.923,28.91,-5.323,0.0
2023-09-01T16:00:00,16,4,9,0,33.28,86.66,309.3,49.64,17.407,13.823,25.48,-3.584,0.0
2023-09-01T17:00:00,17,4,9,0,31.41,83.99,216.5,19.09,21.706,10.363,14.0,-11.343,0.0
2023-09-01T18:00:00,18,4,9,0,31.86,93.46,50.11,45.25,26.82,2.345,9.88,-4.023,20.452
2023-09-01T19:00:00,19,4,9,0,31.25,83.63,0.0,59.06,28.383,0.01,10.0,-0.0,28.373
2023-09-01T20:00:00,20,4,9,0,28.08,85.59,0.7,47.62,25.55,0.026,9.86,-0.0,25.524
2023-09-01T21:00:00,21,4,9,0,23.73,91.85,0.0,62.99,22.733,0.013,9.99,-0.0,22.72
2023-09-01T22:00:00,22,4,9,0,23.62,86.54,0.0,67.64,20.153,0.019,10.15,-0.0,20.134
2023-09-01T23:00:00,23,4,9,0,22.27,86.12,0.76,62.96,18.232,0.0,9.82,-0.0,18.232
2023-09-02T00:00:00,0,5,9,1,21.56,90.65,0.84,48.73,13.482,0.0,9.99,-0.0,13.482
2023-09-02T01:00:00,1,5,9,1,20.88,83.77,0.0,65.16,12.1,0.0,10.09,-0.0,12.1
2023-09-02T02:00:00,2,5,9,1,20.51,85.52,0.0,67.91,12.462,0.0,9.99,-0.0,12.462
2023-09-02T03:00:00,3,5,9,1,20.98,95.27,0.0,63.52,10.905,0.0,10.21,-0.0,10.905
2023-09-02T04:00:00,4,5,9,1,20.84,97.18,0.0,86.32,10.993,0.0,10.01,-0.0,10.993
2023-09-02T05:00:00,5,5,9,1,21.65,97.51,0.0,66.47,12.438,0.015,10.06,-0.0,12.423
2023-09-02T06:00:00,6,5,9,1,19.48,94.41,31.52,64.04,12.397,1.544,10.21,-0.0,10.853
2023-09-02T07:00:00,7,5,9,1,23.6,90.56,159.44,68.6,17.991,7.789,10.08,-0.0,10.202
2023-09-02T08:00:00,8,5,9,1,23.45,98.0,149.86,86.17,16.453,7.179,10.0,-0.0,9.274
2023-09-02T09:00:00,9,5,9,1,24.21,85.51,390.02,51.59,17.409,18.668,11.09,1.259,0.0
2023-09-02T10:00:00,10,5,9,1,26.87,88.2,306.53,76.3,19.447,14.993,9.98,-1.158,3.296
2023-09-02T11:00:00,11,5,9,1,31.9,86.26,353.34,72.87,22.221,17.598,10.05,-0.0,4.623
2023-09-02T12:00:00,12,5,9,1,30.11,91.73,287.59,85.6,19.065,13.99,9.88,-0.0,5.075
2023-09-02T13:00:00,13,5,9,1,33.33,87.54,271.43,86.65,19.084,13.125,10.2,-0.0,5.959
2023-09-02T14:00:00,14,5,9,1,33.25,82.49,165.67,100.0,19.809,8.239,10.35,-0.0,11.57
2023-09-02T15:00:00,15,5,9,1,35.78,83.82,266.44,77.58,21.364,11.939,10.0,-0.0,9.425
2023-09-02T16:00:00,16,5,9,1,32.55,90.14,106.37,100.0,18.466,5.073,9.74,-0.0,13.393
2023-09-02T17:00:00,17,5,9,1,31.74,88.29,118.51,79.85,19.418,5.817,10.12,-0.0,13.601
2023-09-02T18:00:00,18,5,9,1,29.08,88.79,19.33,92.2,18.841,0.943,10.02,-0.0,17.898
2023-09-02T19:00:00,19,5,9,1,30.71,89.76,1.11,72.8,19.001,0.013,10.1,-0.0,18.988
2023-09-02T20:00:00,20,5,9,1,26.41,84.0,0.0,89.17,20.382,0.0,10.0,-0.0,20.382
2023-09-02T21:00:00,21,5,9,1,25.43,93.23,0.0,79.62,20.176,0.052,10.14,-0.0,20.124
2023-09-02T22:00:00,22,5,9,1,26.18,98.0,2.57,72.96,18.289,0.008,9.89,-0.0,18.281
2023-09-02T23:00:00,23,5,9,1,24.84,86.46,0.74,66.36,17.154,0.006,10.06,-0.0,17.148
2023-09-03T00:00:00,0,6,9,1,23.39,90.75,1.34,67.51,11.974,0.0,10.05,-0.0,11.974
2023-09-03T01:00:00,1,6,9,1,19.7,93.94,0.91,85.39,11.765,0.0,10.06,-0.0,11.765
2023-09-03T02:00:00,2,6,9,1,18.67,89.65,1.41,52.49,11.871,0.022,10.12,-0.0,11.849
2023-09-03T03:00:00,3,6,9,1,19.94,85.31,0.65,54.8,9.206,0.0,10.14,-0.0,9.206
2023-09-03T04:00:00,4,6,9,1,19.86,98.0,0.7,71.9,9.767,0.006,9.83,-0.0,9.761
2023-09-03T05:00:00,5,6,9,1,22.19,86.72,0.19,25.34,10.171,0.03,10.12,-0.0,10.141
2023-09-03T06:00:00,6,6,9,1,21.39,86.11,53.83,53.5,14.952,2.663,10.03,-0.0,12.289
2023-09-03T07:00:00,7,6,9,1,24.74,79.25,229.31,23.84,14.396,11.529,9.97,-0.0,2.867
2023-09-03T08:00:00,8,6,9,1,25.5,84.42,356.39,32.9,17.86,17.811,10.04,-0.0,0.049
2023-09-03T09:00:00,9,6,9,1,25.45,74.21,447.85,38.99,17.531,20.162,12.46,2.631,0.0
2023-09-03T10:00:00,10,6,9,1,28.65,92.08,400.8,62.47,20.849,19.298,10.88,-1.551,0.0
2023-09-03T11:00:00,11,6,9,1,30.69,80.72,572.63,46.49,21.705,28.25,16.63,6.545,0.0
2023-09-03T12:00:00,12,6,9,1,32.74,84.86,529.96,51.51,20.512,24.03,20.15,3.518,0.0
2023-09-03T13:00:00,13,6,9,1,32.42,84.6,544.83,47.02,20.588,27.142,26.13,6.554,0.0
2023-09-03T14:00:00,14,6,9,1,31.85,93.01,283.24,83.36,18.299,13.51,21.42,-4.789,0.0
2023-09-03T15:00:00,15,6,9,1,31.79,86.87,347.61,57.94,19.585,16.777,18.55,-2.808,0.0
2023-09-03T16:00:00,16,6,9,1,33.58,89.42,196.51,73.16,21.033,9.414,10.32,-8.56,3.059
2023-09-03T17:00:00,17,6,9,1,33.31,88.13,161.64,54.33,22.377,7.148,9.97,-0.0,15.229
2023-09-03T18:00:00,18,6,9,1,29.73,79.79,45.59,30.61,20.856,2.222,9.77,-0.0,18.634
2023-09-03T19:00:00,19,6,9,1,30.17,93.7,0.0,42.25,20.979,0.004,9.99,-0.0,20.975
2023-09-03T20:00:00,20,6,9,1,27.61,83.44,1.33,24.41,20.044,0.01,9.93,-0.0,20.034
2023-09-03T21:00:00,21,6,9,1,25.14,85.44,0.0,41.39,18.917,0.0,10.03,-0.0,18.917
2023-09-03T22:00:00,22,6,9,1,23.52,83.52,0.18,49.78,20.078,0.017,9.93,-0.0,20.061
2023-09-03T23:00:00,23,6,9,1,22.09,93.99,0.56,93.16,15.777,0.007,10.1,-0.0,15.77
2023-09-04T00:00:00,0,0,9,0,24.01,90.51,0.68,56.72,10.814,0.0,10.0,-0.0,10.814
2023-09-04T01:00:00,1,0,9,0,19.49,92.8,0.0,65.63,9.744,0.014,10.05,-0.0,9.73
2023-09-04T02:00:00,2,0,9,0,18.32,98.0,0.3,58.99,11.312,0.0,10.22,-0.0,11.312
2023-09-04T03:00:00,3,0,9,0,17.94,89.78,0.0,56.01,10.918,0.036,10.01,-0.0,10.882
2023-09-04T04:00:00,4,0,9,0,20.66,95.17,0.27,66.24,10.951,0.058,9.8,-0.0,10.893
2023-09-04T05:00:00,5,0,9,0,21.63,90.68,1.17,100.0,12.622,0.0,9.93,-0.0,12.622
2023-09-04T06:00:00,6,0,9,0,22.46,98.0,5.42,92.97,14.18,0.257,9.79,-0.0,13.923
2023-09-04T07:00:00,7,0,9,0,21.92,88.46,108.95,88.54,19.465,5.232,9.91,-0.0,14.233
2023-09-04T08:00:00,8,0,9,0,24.01,98.0,113.67,96.59,22.488,5.493,9.47,-0.0,16.995
2023-09-04T09:00:00,9,0,9,0,25.96,89.32,271.31,73.88,18.908,12.872,10.13,-0.0,6.036
2023-09-04T10:00:00,10,0,9,0,27.73,80.01,274.86,88.26,16.1,12.9,9.78,-0.0,3.2
2023-09-04T11:00:00,11,0,9,0,28.22,98.0,196.73,100.0,15.768,8.979,10.11,-0.0,6.789
2023-09-04T12:00:00,12,0,9,0,30.26,90.63,280.99,91.07,16.428,13.25,9.9,-0.0,3.178
2023-09-04T13:00:00,13,0,9,0,31.28,86.61,288.31,85.89,16.819,13.529,9.96,-0.0,3.29
2023-09-04T14:00:00,14,0,9,0,32.04,89.02,368.91,68.23,17.831,16.721,10.24,-0.0,1.11
2023-09-04T15:00:00,15,0,9,0,31.01,92.01,193.62,83.64,16.779,9.2,9.95,-0.0,7.579
2023-09-04T16:00:00,16,0,9,0,30.83,90.53,188.56,81.43,16.307,9.243,9.85,-0.0,7.064
2023-09-04T17:00:00,17,0,9,0,33.79,89.65,147.65,62.42,23.2,6.884,9.92,-0.0,16.316
2023-09-04T18:00:00,18,0,9,0,33.64,87.01,22.64,73.64,27.392,1.07,9.81,-0.0,26.322
2023-09-04T19:00:00,19,0,9,0,27.32,91.7,2.7,68.51,24.85,0.024,10.13,-0.0,24.826
2023-09-04T20:00:00,20,0,9,0,25.57,86.95,0.87,69.47,25.383,0.0,10.08,-0.0,25.383
2023-09-04T21:00:00,21,0,9,0,24.32,91.77,1.3,54.12,20.588,0.0,9.95,-0.0,20.588
2023-09-04T22:00:00,22,0,9,0,23.35,87.31,0.0,63.62,19.14,0.026,10.12,-0.0,19.114
2023-09-04T23:00:00,23,0,9,0,23.21,82.91,0.81,53.99,18.331,0.0,10.09,-0.0,18.331
2023-09-05T00:00:00,0,1,9,0,21.92,88.97,0.0,59.02,11.467,0.012,9.96,-0.0,11.455
2023-09-05T01:00:00,1,1,9,0,20.47,92.33,1.8,78.43,9.789,0.038,10.04,-0.0,9.751
2023-09-05T02:00:00,2,1,9,0,18.96,92.7,0.0,35.25,12.286,0.011,9.96,-0.0,12.275
2023-09-05T03:00:00,3,1,9,0,17.66,82.21,0.0,39.94,10.535,0.004,9.9,-0.0,10.531
2023-09-05T04:00:00,4,1,9,0,18.99,95.28,1.13,47.07,10.985,0.0,9.62,-0.0,10.985
2023-09-05T05:00:00,5,1,9,0,20.45,90.8,2.52,79.75,12.449,0.0,9.96,-0.0,12.449
2023-09-05T06:00:00,6,1,9,0,19.4,83.4,21.92,87.93,14.739,1.069,10.0,-0.0,13.67
2023-09-05T07:00:00,7,1,9,0,20.01,85.84,128.51,64.56,18.876,6.237,9.79,-0.0,12.639
2023-09-05T08:00:00,8,1,9,0,22.66,92.65,131.07,89.69,22.959,6.226,10.12,-0.0,16.733
2023-09-05T09:00:00,9,1,9,0,26.19,91.48,309.93,69.75,19.343,14.416,9.96,-0.0,4.927
2023-09-05T10:00:00,10,1,9,0,27.69,91.58,202.59,95.18,18.944,9.651,10.06,-0.0,9.293
2023-09-05T11:00:00,11,1,9,0,29.6,82.7,346.88,78.84,16.568,17.889,11.25,1.321,0.0
2023-09-05T12:00:00,12,1,9,0,26.74,89.6,196.59,100.0,14.732,9.286,9.98,-1.215,4.231
2023-09-05T13:00:00,13,1,9,0,29.14,84.7,254.68,89.97,12.907,12.556,9.91,-0.0,0.351
2023-09-05T14:00:00,14,1,9,0,32.81,88.62,270.05,81.17,17.391,12.481,9.89,-0.0,4.91
2023-09-05T15:00:00,15,1,9,0,28.04,92.32,131.41,100.0,14.898,6.469,9.74,-0.0,8.429
2023-09-05T16:00:00,16,1,9,0,32.91,92.47,113.27,95.37,17.5,5.399,10.22,-0.0,12.101
2023-09-05T17:00:00,17,1,9,0,27.64,84.02,66.22,99.12,19.494,3.155,10.05,-0.0,16.339
2023-09-05T18:00:00,18,1,9,0,31.2,88.37,10.41,100.0,24.274,0.5,9.85,-0.0,23.774
2023-09-05T19:00:00,19,1,9,0,27.36,98.0,1.59,95.5,25.825,0.0,10.08,-0.0,25.825
2023-09-05T20:00:00,20,1,9,0,27.75,95.77,0.0,97.51,24.595,0.0,9.82,-0.0,24.595
2023-09-05T21:00:00,21,1,9,0,29.17,86.8,0.0,74.16,22.509,0.014,10.09,-0.0,22.495
2023-09-05T22:00:00,22,1,9,0,20.61,86.18,0.0,61.65,19.553,0.0,10.06,-0.0,19.553
2023-09-05T23:00:00,23,1,9,0,22.54,96.67,0.19,68.87,16.139,0.0,9.9,-0.0,16.139
2023-09-06T00:00:00,0,2,9,0,17.98,98.0,0.0,66.61,11.584,0.0,9.76,-0.0,11.584
2023-09-06T01:00:00,1,2,9,0,18.98,86.48,0.0,63.11,9.608,0.002,9.92,-0.0,9.606
2023-09-06T02:00:00,2,2,9,0,19.06,85.42,1.93,53.13,10.067,0.001,10.01,-0.0,10.066
2023-09-06T03:00:00,3,2,9,0,18.61,95.87,1.96,76.72,10.563,0.0,9.76,-0.0,10.563
2023-09-06T04:00:00,4,2,9,0,16.92,96.55,2.83,71.92,10.763,0.0,9.89,-0.0,10.763
2023-09-06T05:00:00,5,2,9,0,19.09,97.23,0.0,80.75,11.872,0.012,10.19,-0.0,11.86
2023-09-06T06:00:00,6,2,9,0,18.97,98.0,42.77,75.03,13.675,2.028,9.98,-0.0,11.647
2023-09-06T07:00:00,7,2,9,0,23.57,87.52,121.55,80.96,18.229,6.072,10.39,-0.0,12.157
2023-09-06T08:00:00,8,2,9,0,22.82,92.55,188.48,78.01,20.313,9.318,10.06,-0.0,10.995
2023-09-06T09:00:00,9,2,9,0,23.54,94.61,293.34,71.66,21.021,13.582,9.97,-0.0,7.439
2023-09-06T10:00:00,10,2,9,0,29.12,91.65,317.37,72.78,18.941,15.36,9.86,-0.0,3.581
2023-09-06T11:00:00,11,2,9,0,28.19,87.0,320.23,83.64,15.751,14.885,9.82,-0.0,0.866
2023-09-06T12:00:00,12,2,9,0,31.88,81.0,521.95,55.81,16.095,24.84,18.06,8.745,0.0
2023-09-06T13:00:00,13,2,9,0,31.94,87.53,234.64,94.61,17.718,11.02,11.27,-6.698,0.0
2023-09-06T14:00:00,14,2,9,0,30.38,96.42,315.88,76.1,16.279,14.811,9.95,-1.347,0.121
2023-09-06T15:00:00,15,2,9,0,32.02,84.28,194.62,90.55,14.875,8.922,10.02,-0.0,5.953
2023-09-06T16:00:00,16,2,9,0,31.31,85.6,218.09,74.97,20.134,9.651,9.89,-0.0,10.483
2023-09-06T17:00:00,17,2,9,0,33.28,89.48,126.31,71.39,22.174,5.758,10.13,-0.0,16.416
2023-09-06T18:00:00,18,2,9,0,30.28,78.27,63.03,47.78,25.271,3.046,10.04,-0.0,22.225
2023-09-06T19:00:00,19,2,9,0,28.6,87.88,0.0,60.77,26.381,0.024,9.91,-0.0,26.357
2023-09-06T20:00:00,20,2,9,0,27.56,74.21,0.38,37.76,24.115,0.006,10.03,-0.0,24.109
2023-09-06T21:00:00,21,2,9,0,25.69,86.32,0.01,41.89,22.468,0.0,9.65,-0.0,22.468
2023-09-06T22:00:00,22,2,9,0,25.78,90.38,0.0,74.01,17.329,0.0,10.06,-0.0,17.329
2023-09-06T23:00:00,23,2,9,0,21.29,94.58,0.0,81.8,15.722,0.033,10.05,-0.0,15.689
2023-09-07T00:00:00,0,3,9,0,20.68,84.36,0.0,45.83,12.112,0.0,9.69,-0.0,12.112
2023-09-07T01:00:00,1,3,9,0,18.29,94.71,3.04,69.57,11.026,0.026,9.72,-0.0,11.0
2023-09-07T02:00:00,2,3,9,0,17.58,93.77,0.0,69.57,9.393,0.033,9.95,-0.0,9.36
2023-09-07T03:00:00,3,3,9,0,15.29,98.0,0.0,63.46,9.58,0.016,9.9,-0.0,9.564
2023-09-07T04:00:00,4,3,9,0,17.6,98.0,0.0,83.24,10.582,0.019,9.99,-0.0,10.563
2023-09-07T05:00:00,5,3,9,0,20.47,84.91,0.29,68.07,13.016,0.018,10.01,-0.0,12.998
2023-09-07T06:00:00,6,3,9,0,20.03,90.92,0.67,86.04,14.792,0.031,10.23,-0.0,14.761
2023-09-07T07:00:00,7,3,9,0,21.78,88.21,137.69,67.14,19.001,6.884,9.94,-0.0,12.117
2023-09-07T08:00:00,8,3,9,0,20.69,93.06,208.82,68.92,19.752,9.678,10.09,-0.0,10.074
2023-09-07T09:00:00,9,3,9,0,25.71,90.33,237.27,80.77,18.758,12.008,9.93,-0.0,6.75
2023-09-07T10:00:00,10,3,9,0,27.31,89.54,274.51,81.52,18.685,12.791,10.06,-0.0,5.894
2023-09-07T11:00:00,11,3,9,0,26.81,98.0,397.72,69.33,16.986,19.307,12.07,2.321,0.0
2023-09-07T12:00:00,12,3,9,0,30.3,88.02,228.16,93.66,15.833,10.863,9.8,-2.135,2.835
2023-09-07T13:00:00,13,3,9,0,28.78,96.7,300.44,82.49,14.189,14.122,9.91,-0.0,0.067
2023-09-07T14:00:00,14,3,9,0,28.32,89.26,273.26,82.5,13.936,12.871,10.06,-0.0,1.065
2023-09-07T15:00:00,15,3,9,0,32.08,70.38,467.89,38.13,18.534,21.182,12.26,2.648,0.0
2023-09-07T16:00:00,16,3,9,0,31.06,87.21,228.58,67.58,13.98,11.495,10.01,-2.436,0.049
2023-09-07T17:00:00,17,3,9,0,29.66,91.75,122.03,61.74,22.862,5.882,10.05,-0.0,16.98
2023-09-07T18:00:00,18,3,9,0,27.58,89.68,59.13,56.55,23.072,2.664,10.05,-0.0,20.408
2023-09-07T19:00:00,19,3,9,0,25.4,89.8,0.0,61.96,22.736,0.0,10.11,-0.0,22.736
2023-09-07T20:00:00,20,3,9,0,26.45,88.03,0.62,61.72,28.24,0.0,10.3,-0.0,28.24
2023-09-07T21:00:00,21,3,9,0,26.85,80.22,0.0,28.4,20.339,0.016,9.81,-0.0,20.323
2023-09-07T22:00:00,22,3,9,0,23.86,92.9,0.13,55.59,16.966,0.0,9.94,-0.0,16.966
2023-09-07T23:00:00,23,3,9,0,19.79,84.94,0.13,31.99,15.588,0.0,9.99,-0.0,15.588
2023-09-08T00:00:00,0,4,9,0,20.74,89.13,2.36,70.25,11.782,0.0,9.92,-0.0,11.782
2023-09-08T01:00:00,1,4,9,0,18.02,97.01,2.67,77.79,12.272,0.011,10.17,-0.0,12.261
2023-09-08T02:00:00,2,4,9,0,19.09,87.04,0.0,38.95,9.75,0.005,10.19,-0.0,9.745
2023-09-08T03:00:00,3,4,9,0,19.1,96.43,1.28,48.88,8.972,0.0,10.33,-0.0,8.972
2023-09-08T04:00:00,4,4,9,0,14.47,97.41,0.24,65.53,10.122,0.0,9.98,-0.0,10.122
2023-09-08T05:00:00,5,4,9,0,19.11,84.55,1.16,38.34,11.933,0.039,9.83,-0.0,11.894
2023-09-08T06:00:00,6,4,9,0,19.02,85.38,18.43,55.76,17.064,0.893,9.96,-0.0,16.171
2023-09-08T07:00:00,7,4,9,0,19.09,86.8,175.05,46.45,20.327,8.423,9.85,-0.0,11.904
2023-09-08T08:00:00,8,4,9,0,22.14,98.0,262.6,55.91,20.467,12.905,10.12,-0.0,7.562
2023-09-08T09:00:00,9,4,9,0,25.24,85.27,406.42,47.57,19.719,19.444,10.11,-0.0,0.275
2023-09-08T10:00:00,10,4,9,0,24.01,91.09,490.5,48.7,15.397,22.417,16.57,7.02,0.0
2023-09-08T11:00:00,11,4,9,0,28.36,81.31,405.28,68.28,16.197,19.938,20.21,3.741,0.0
2023-09-08T12:00:00,12,4,9,0,29.77,79.86,524.87,56.35,15.259,26.351,30.11,11.092,0.0
2023-09-08T13:00:00,13,4,9,0,29.61,86.17,422.74,67.97,15.429,20.076,34.28,4.647,0.0
2023-09-08T14:00:00,14,4,9,0,29.41,91.18,536.5,37.7,15.748,25.518,43.36,9.77,0.0
2023-09-08T15:00:00,15,4,9,0,30.23,78.05,409.41,52.89,17.886,19.313,44.53,1.427,0.0
2023-09-08T16:00:00,16,4,9,0,32.19,80.3,290.36,53.04,18.449,12.98,39.11,-5.469,0.0
2023-09-08T17:00:00,17,4,9,0,28.6,90.88,159.62,59.34,19.838,7.446,26.82,-12.392,0.0
2023-09-08T18:00:00,18,4,9,0,30.7,93.95,19.68,64.44,26.191,0.953,10.07,-16.82,8.418
2023-09-08T19:00:00,19,4,9,0,27.19,89.92,0.58,63.26,25.343,0.0,9.87,-0.0,25.343
2023-09-08T20:00:00,20,4,9,0,25.19,93.91,1.1,74.6,25.435,0.0,9.8,-0.0,25.435
2023-09-08T21:00:00,21,4,9,0,21.77,87.01,1.28,68.45,25.886,0.012,10.11,-0.0,25.874
2023-09-08T22:00:00,22,4,9,0,22.25,84.27,0.64,66.16,19.399,0.001,9.87,-0.0,19.398
2023-09-08T23:00:00,23,4,9,0,21.63,87.48,0.21,79.4,18.482,0.012,10.02,-0.0,18.47
2023-09-09T00:00:00,0,5,9,1,18.38,90.93,1.56,81.37,12.078,0.022,10.17,-0.0,12.056
2023-09-09T01:00:00,1,5,9,1,19.72,97.59,0.0,94.08,11.397,0.029,10.12,-0.0,11.368
2023-09-09T02:00:00,2,5,9,1,19.16,91.29,0.0,98.22,8.924,0.001,10.09,-0.0,8.923
2023-09-09T03:00:00,3,5,9,1,16.5,94.57,0.0,61.28,11.382,0.008,10.16,-0.0,11.374
2023-09-09T04:00:00,4,5,9,1,19.85,90.03,0.64,62.17,11.68,0.004,10.04,-0.0,11.676
2023-09-09T05:00:00,5,5,9,1,16.52,89.77,1.04,56.5,11.838,0.0,9.83,-0.0,11.838
2023-09-09T06:00:00,6,5,9,1,19.96,92.26,32.07,37.43,13.603,1.587,10.37,-0.0,12.016
2023-09-09T07:00:00,7,5,9,1,23.31,80.94,216.06,35.68,15.663,10.157,10.07,-0.0,5.506
2023-09-09T08:00:00,8,5,9,1,25.03,98.0,150.72,83.51,14.649,7.052,10.07,-0.0,7.597
2023-09-09T09:00:00,9,5,9,1,24.7,93.61,337.14,65.57,17.69,17.589,10.03,-0.0,0.101
2023-09-09T10:00:00,10,5,9,1,25.44,83.45,427.56,61.31,20.343,19.116,9.74,-0.0,1.227
2023-09-09T11:00:00,11,5,9,1,26.33,96.32,351.38,77.27,18.559,16.842,9.87,-0.0,1.717
2023-09-09T12:00:00,12,5,9,1,27.24,82.38,456.37,64.69,17.144,23.144,15.77,6.0,0.0
2023-09-09T13:00:00,13,5,9,1,30.59,90.41,542.35,50.48,20.647,24.205,18.5,3.558,0.0
2023-09-09T14:00:00,14,5,9,1,29.09,85.48,513.61,44.11,18.049,23.94,24.19,5.891,0.0
2023-09-09T15:00:00,15,5,9,1,31.17,74.42,427.47,41.71,18.486,20.749,26.33,2.263,0.0
2023-09-09T16:00:00,16,5,9,1,33.48,77.09,272.58,58.55,19.345,12.171,19.07,-7.174,0.0
2023-09-09T17:00:00,17,5,9,1,29.04,83.27,141.61,53.79,18.973,6.798,10.3,-9.121,3.054
2023-09-09T18:00:00,18,5,9,1,27.47,89.76,11.89,48.86,17.783,0.552,9.77,-0.0,17.231
2023-09-09T19:00:00,19,5,9,1,25.96,87.41,0.0,62.26,20.9,0.004,9.89,-0.0,20.896
2023-09-09T20:00:00,20,5,9,1,26.71,83.79,0.0,41.72,19.748,0.0,10.05,-0.0,19.748
2023-09-09T21:00:00,21,5,9,1,24.11,87.39,1.13,48.34,20.303,0.007,10.06,-0.0,20.296
2023-09-09T22:00:00,22,5,9,1,23.08,76.22,0.0,37.93,19.058,0.0,10.01,-0.0,19.058
2023-09-09T23:00:00,23,5,9,1,20.65,96.35,0.08,69.25,15.428,0.0,10.04,-0.0,15.428
2023-09-10T00:00:00,0,6,9,1,20.56,97.19,1.37,57.34,13.218,0.017,9.9,-0.0,13.201
2023-09-10T01:00:00,1,6,9,1,18.28,96.8,0.0,64.72,11.601,0.009,9.95,-0.0,11.592
2023-09-10T02:00:00,2,6,9,1,17.0,90.97,0.58,61.57,11.853,0.0,9.84,-0.0,11.853
2023-09-10T03:00:00,3,6,9,1,16.64,90.34,0.0,71.46,10.643,0.0,10.06,-0.0,10.643
2023-09-10T04:00:00,4,6,9,1,15.39,89.57,0.53,68.3,8.82,0.0,9.74,-0.0,8.82
2023-09-10T05:00:00,5,6,9,1,21.42,84.56,0.0,58.7,12.609,0.0,9.79,-0.0,12.609
2023-09-10T06:00:00,6,6,9,1,19.6,98.0,16.11,66.77,10.644,0.778,10.13,-0.0,9.866
2023-09-10T07:00:00,7,6,9,1,21.3,89.51,160.74,56.11,14.857,7.687,9.91,-0.0,7.17
2023-09-10T08:00:00,8,6,9,1,21.81,93.56,268.19,52.19,18.364,13.24,10.36,-0.0,5.124
2023-09-10T09:00:00,9,6,9,1,23.24,92.76,399.23,53.94,19.154,18.674,9.93,-0.0,0.48
2023-09-10T10:00:00,10,6,9,1,25.93,88.41,426.3,58.38,18.96,20.165,11.04,1.205,0.0
2023-09-10T11:00:00,11,6,9,1,28.38,80.03,541.92,47.33,18.516,25.838,18.04,7.322,0.0
2023-09-10T12:00:00,12,6,9,1,27.16,90.42,452.88,63.78,18.589,21.061,20.27,2.472,0.0
2023-09-10T13:00:00,13,6,9,1,27.82,79.4,566.05,46.08,19.189,25.657,26.04,6.468,0.0
2023-09-10T14:00:00,14,6,9,1,30.31,89.36,384.33,65.42,17.688,18.53,26.83,0.842,0.0
2023-09-10T15:00:00,15,6,9,1,31.86,75.36,484.0,32.45,19.355,21.644,29.1,2.289,0.0
2023-09-10T16:00:00,16,6,9,1,32.03,80.24,322.22,45.59,18.059,15.185,26.11,-2.874,0.0
2023-09-10T17:00:00,17,6,9,1,29.77,80.18,180.09,36.99,18.053,8.668,16.64,-9.385,0.0
2023-09-10T18:00:00,18,6,9,1,29.11,89.41,0.0,34.81,18.48,0.0,9.97,-6.691,11.789
2023-09-10T19:00:00,19,6,9,1,27.9,76.31,0.0,70.84,19.765,0.014,10.3,-0.0,19.751
2023-09-10T20:00:00,20,6,9,1,24.16,96.06,0.0,29.94,20.258,0.0,9.95,-0.0,20.258
2023-09-10T21:00:00,21,6,9,1,22.09,78.47,0.82,9.62,21.557,0.0,9.95,-0.0,21.557
2023-09-10T22:00:00,22,6,9,1,21.43,88.07,0.08,48.53,17.904,0.0,9.99,-0.0,17.904
2023-09-10T23:00:00,23,6,9,1,18.93,89.14,0.0,28.54,17.082,0.0,10.01,-0.0,17.082
2023-09-11T00:00:00,0,0,9,0,21.42,86.99,1.32,26.23,13.248,0.0,9.89,-0.0,13.248
2023-09-11T01:00:00,1,0,9,0,17.9,92.7,0.48,34.18,10.923,0.0,10.24,-0.0,10.923
2023-09-11T02:00:00,2,0,9,0,18.36,92.5,1.57,42.32,10.237,0.0,9.95,-0.0,10.237
2023-09-11T03:00:00,3,0,9,0,14.57,98.0,0.0,22.72,10.529,0.012,10.08,-0.0,10.517
2023-09-11T04:00:00,4,0,9,0,19.93,95.44,2.15,63.6,9.717,0.0,10.25,-0.0,9.717
2023-09-11T05:00:00,5,0,9,0,16.75,88.42,2.37,33.5,12.499,0.0,9.95,-0.0,12.499
2023-09-11T06:00:00,6,0,9,0,21.35,86.95,6.47,55.03,14.589,0.317,10.06,-0.0,14.272
2023-09-11T07:00:00,7,0,9,0,18.15,88.14,150.99,52.13,18.816,6.847,9.82,-0.0,11.969
2023-09-11T08:00:00,8,0,9,0,21.0,98.0,207.58,76.45,23.493,10.387,9.89,-0.0,13.106
2023-09-11T09:00:00,9,0,9,0,20.89,98.0,395.73,52.79,19.939,18.933,10.02,-0.0,1.006
2023-09-11T10:00:00,10,0,9,0,25.09,92.62,471.3,54.67,17.686,21.594,13.54,3.908,0.0
2023-09-11T11:00:00,11,0,9,0,26.71,67.67,661.16,33.18,12.393,31.312,31.12,18.919,0.0
2023-09-11T12:00:00,12,0,9,0,26.81,70.59,773.47,22.52,14.827,37.587,49.33,20.0,0.0
2023-09-11T13:00:00,13,0,9,0,27.62,83.18,654.39,34.75,16.291,29.832,61.82,13.541,0.0
2023-09-11T14:00:00,14,0,9,0,30.72,81.89,529.83,42.8,14.84,24.164,70.35,9.324,0.0
2023-09-11T15:00:00,15,0,9,0,31.03,84.23,396.95,53.33,17.806,18.395,71.15,0.589,0.0
2023-09-11T16:00:00,16,0,9,0,32.2,89.22,283.42,49.82,18.202,13.639,66.39,-4.563,0.0
2023-09-11T17:00:00,17,0,9,0,28.48,91.03,180.89,49.9,17.891,7.986,56.42,-9.905,0.0
2023-09-11T18:00:00,18,0,9,0,28.62,85.28,33.6,46.32,22.842,1.62,36.38,-20.0,1.222
2023-09-11T19:00:00,19,0,9,0,25.72,78.33,1.37,46.0,24.782,0.016,16.35,-20.0,4.766
2023-09-11T20:00:00,20,0,9,0,25.1,84.68,0.73,76.21,25.661,0.011,10.11,-6.511,19.139
2023-09-11T21:00:00,21,0,9,0,23.42,89.74,0.74,60.54,22.65,0.0,9.99,-0.0,22.65
2023-09-11T22:00:00,22,0,9,0,22.66,90.26,0.5,49.61,18.35,0.019,10.44,-0.0,18.331
2023-09-11T23:00:00,23,0,9,0,21.93,84.55,0.0,63.31,17.16,0.005,9.92,-0.0,17.155
2023-09-12T00:00:00,0,1,9,0,20.07,95.57,0.0,67.37,13.247,0.001,9.77,-0.0,13.246
2023-09-12T01:00:00,1,1,9,0,17.28,79.67,0.0,31.56,11.665,0.012,9.97,-0.0,11.653
2023-09-12T02:00:00,2,1,9,0,18.68,78.66,0.0,60.38,10.326,0.008,10.34,-0.0,10.318
2023-09-12T03:00:00,3,1,9,0,16.87,91.17,2.15,77.51,9.773,0.027,10.05,-0.0,9.746
2023-09-12T04:00:00,4,1,9,0,16.71,98.0,0.75,59.77,11.105,0.0,9.99,-0.0,11.105
2023-09-12T05:00:00,5,1,9,0,16.9,98.0,2.67,65.39,11.672,0.0,9.92,-0.0,11.672
2023-09-12T06:00:00,6,1,9,0,18.19,89.94,0.0,98.12,16.407,0.0,9.95,-0.0,16.407
2023-09-12T07:00:00,7,1,9,0,22.49,83.83,117.97,70.63,17.757,5.65,10.18,-0.0,12.107
2023-09-12T08:00:00,8,1,9,0,21.94,90.78,326.36,38.98,19.212,15.392,9.88,-0.0,3.82
2023-09-12T09:00:00,9,1,9,0,24.11,87.09,314.02,62.36,20.773,14.579,10.01,-0.0,6.194
2023-09-12T10:00:00,10,1,9,0,25.26,95.65,397.42,63.42,16.262,18.771,12.33,2.509,0.0
2023-09-12T11:00:00,11,1,9,0,30.83,87.91,532.11,52.91,16.029,25.387,20.92,9.358,0.0
2023-09-12T12:00:00,12,1,9,0,29.49,92.41,400.02,72.36,14.02,19.019,25.47,4.999,0.0
2023-09-12T13:00:00,13,1,9,0,28.53,84.03,396.65,70.89,15.065,18.594,28.55,3.529,0.0
2023-09-12T14:00:00,14,1,9,0,28.47,93.88,227.54,94.16,13.659,10.333,25.47,-3.326,0.0
2023-09-12T15:00:00,15,1,9,0,30.14,94.84,372.38,54.21,17.653,17.335,25.08,-0.318,0.0
2023-09-12T16:00:00,16,1,9,0,29.24,87.88,218.73,67.04,18.1,10.041,17.25,-8.059,0.0
2023-09-12T17:00:00,17,1,9,0,27.73,88.1,125.46,69.18,19.739,5.922,9.97,-7.06,6.757
2023-09-12T18:00:00,18,1,9,0,28.84,88.45,0.79,88.61,25.204,0.038,9.99,-0.0,25.166
2023-09-12T19:00:00,19,1,9,0,28.33,83.08,1.19,89.82,24.688,0.004,10.02,-0.0,24.684
2023-09-12T20:00:00,20,1,9,0,23.1,83.32,0.0,55.49,25.677,0.0,10.07,-0.0,25.677
2023-09-12T21:00:00,21,1,9,0,21.79,89.47,1.96,84.8,20.464,0.037,9.73,-0.0,20.427
2023-09-12T22:00:00,22,1,9,0,21.56,85.06,0.0,79.6,18.868,0.01,10.05,-0.0,18.858
2023-09-12T23:00:00,23,1,9,0,19.22,89.15,2.05,94.91,15.125,0.0,9.75,-0.0,15.125
2023-09-13T00:00:00,0,2,9,0,21.24,81.79,2.26,83.44,12.957,0.0,9.94,-0.0,12.957
2023-09-13T01:00:00,1,2,9,0,18.75,92.04,2.03,87.11,12.337,0.031,10.1,-0.0,12.306
2023-09-13T02:00:00,2,2,9,0,18.62,97.51,1.61,74.5,9.831,0.0,10.31,-0.0,9.831
2023-09-13T03:00:00,3,2,9,0,16.84,95.52,0.65,87.75,12.372,0.007,9.85,-0.0,12.365
2023-09-13T04:00:00,4,2,9,0,15.7,94.67,0.0,77.75,9.532,0.0,9.88,-0.0,9.532
2023-09-13T05:00:00,5,2,9,0,16.27,98.0,2.83,67.75,10.972,0.016,9.75,-0.0,10.956
2023-09-13T06:00:00,6,2,9,0,19.38,98.0,32.21,98.18,14.886,1.483,9.89,-0.0,13.403
2023-09-13T07:00:00,7,2,9,0,20.77,98.0,154.63,50.08,19.586,7.516,10.34,-0.0,12.07
2023-09-13T08:00:00,8,2,9,0,22.78,87.86,307.24,43.15,22.173,15.04,9.76,-0.0,7.133
2023-09-13T09:00:00,9,2,9,0,23.18,86.07,428.56,46.87,20.971,20.629,9.53,-0.0,0.342
2023-09-13T10:00:00,10,2,9,0,26.04,83.26,562.67,42.98,17.069,26.645,18.94,9.576,0.0
2023-09-13T11:00:00,11,2,9,0,26.8,82.76,837.0,8.97,16.539,39.373,37.34,20.0,0.0
2023-09-13T12:00:00,12,2,9,0,28.79,81.98,664.6,35.99,14.206,30.732,52.42,16.526,0.0
2023-09-13T13:00:00,13,2,9,0,26.87,84.82,568.67,47.71,17.317,25.877,60.31,8.56,0.0
2023-09-13T14:00:00,14,2,9,0,29.76,84.21,455.31,52.08,16.427,22.553,66.04,6.126,0.0
2023-09-13T15:00:00,15,2,9,0,30.46,80.0,372.34,55.12,14.084,18.973,70.54,4.889,0.0
2023-09-13T16:00:00,16,2,9,0,28.32,75.73,214.17,65.11,16.214,9.779,63.83,-6.435,0.0
2023-09-13T17:00:00,17,2,9,0,25.66,86.74,107.83,73.29,18.617,5.053,50.24,-13.564,0.0
2023-09-13T18:00:00,18,2,9,0,27.17,98.0,1.72,90.43,25.314,0.079,30.27,-20.0,5.235
2023-09-13T19:00:00,19,2,9,0,28.4,94.27,0.41,64.25,24.728,0.0,10.31,-20.0,4.728
2023-09-13T20:00:00,20,2,9,0,27.59,96.66,0.0,92.87,23.057,0.002,10.11,-0.424,22.631
2023-09-13T21:00:00,21,2,9,0,23.15,87.96,0.66,66.39,24.102,0.0,10.16,-0.0,24.102
2023-09-13T22:00:00,22,2,9,0,24.69,85.19,1.72,63.44,16.287,0.056,9.95,-0.0,16.231
2023-09-13T23:00:00,23,2,9,0,19.91,98.0,1.67,91.59,16.19,0.0,10.04,-0.0,16.19
2023-09-14T00:00:00,0,3,9,0,19.2,85.83,0.0,57.4,12.851,0.011,9.99,-0.0,12.84
2023-09-14T01:00:00,1,3,9,0,16.57,91.76,1.62,49.83,10.535,0.057,9.87,-0.0,10.478
2023-09-14T02:00:00,2,3,9,0,16.95,97.57,1.03,34.98,11.708,0.022,9.87,-0.0,11.686
2023-09-14T03:00:00,3,3,9,0,14.95,93.91,0.0,55.43,10.304,0.0,10.01,-0.0,10.304
2023-09-14T04:00:00,4,3,9,0,13.7,94.58,0.0,69.19,9.471,0.003,10.11,-0.0,9.468
2023-09-14T05:00:00,5,3,9,0,19.54,98.0,2.15,87.49,12.531,0.0,10.06,-0.0,12.531
2023-09-14T06:00:00,6,3,9,0,17.7,94.83,11.0,73.35,17.415,0.517,9.97,-0.0,16.898
2023-09-14T07:00:00,7,3,9,0,18.34,93.39,139.4,61.98,19.451,6.962,10.21,-0.0,12.489
2023-09-14T08:00:00,8,3,9,0,20.29,95.22,344.9,37.36,21.727,16.351,10.23,-0.0,5.376
2023-09-14T09:00:00,9,3,9,0,23.26,75.66,381.29,53.2,20.625,18.232,9.77,-0.0,2.393
2023-09-14T10:00:00,10,3,9,0,27.16,87.12,502.82,47.12,16.664,24.099,16.66,7.435,0.0
2023-09-14T11:00:00,11,3,9,0,28.69,84.26,397.54,71.15,13.872,18.445,20.83,4.573,0.0
2023-09-14T12:00:00,12,3,9,0,25.23,88.19,457.29,66.05,14.783,20.69,26.62,5.907,0.0
2023-09-14T13:00:00,13,3,9,0,28.33,88.11,417.0,66.2,15.914,19.147,29.41,3.233,0.0
2023-09-14T14:00:00,14,3,9,0,27.3,85.35,363.33,70.31,14.951,16.705,31.08,1.754,0.0
2023-09-14T15:00:00,15,3,9,0,31.47,88.16,280.53,74.19,15.394,13.102,28.87,-2.292,0.0
2023-09-14T16:00:00,16,3,9,0,30.52,87.38,248.0,60.29,18.443,12.096,22.43,-6.347,0.0
2023-09-14T17:00:00,17,3,9,0,27.71,89.99,127.82,73.42,20.504,5.915,9.9,-12.431,2.158
2023-09-14T18:00:00,18,3,9,0,27.89,85.93,28.92,50.06,24.314,1.367,9.84,-0.0,22.947
2023-09-14T19:00:00,19,3,9,0,26.25,85.26,2.29,47.23,26.235,0.034,9.96,-0.0,26.201
2023-09-14T20:00:00,20,3,9,0,27.78,84.7,2.35,48.48,25.837,0.0,10.12,-0.0,25.837
2023-09-14T21:00:00,21,3,9,0,24.51,90.79,0.0,71.14,22.302,0.0,9.75,-0.0,22.302
2023-09-14T22:00:00,22,3,9,0,21.34,83.61,0.0,45.73,19.267,0.0,9.93,-0.0,19.267
2023-09-14T23:00:00,23,3,9,0,16.15,98.0,0.09,89.06,17.693,0.0,9.71,-0.0,17.693
2023-09-15T00:00:00,0,4,9,0,18.35,95.87,2.25,88.15,11.048,0.001,10.14,-0.0,11.047
2023-09-15T01:00:00,1,4,9,0,19.61,95.4,1.21,100.0,10.001,0.022,9.75,-0.0,9.979
2023-09-15T02:00:00,2,4,9,0,19.12,96.4,0.0,78.21,10.939,0.005,9.76,-0.0,10.934
2023-09-15T03:00:00,3,4,9,0,14.7,95.01,0.24,69.76,10.296,0.022,10.13,-0.0,10.274
2023-09-15T04:00:00,4,4,9,0,15.69,98.0,1.07,85.31,12.092,0.0,9.9,-0.0,12.092
2023-09-15T05:00:00,5,4,9,0,15.51,98.0,1.12,84.17,13.299,0.028,9.73,-0.0,13.271
2023-09-15T06:00:00,6,4,9,0,20.04,91.37,0.0,58.18,14.894,0.0,10.08,-0.0,14.894
2023-09-15T07:00:00,7,4,9,0,19.75,92.73,198.07,38.02,20.89,9.851,10.02,-0.0,11.039
2023-09-15T08:00:00,8,4,9,0,19.99,92.51,258.23,60.87,21.489,12.14,10.29,-0.0,9.349
2023-09-15T09:00:00,9,4,9,0,23.3,86.78,242.59,81.09,20.897,11.803,9.82,-0.0,9.094
2023-09-15T10:00:00,10,4,9,0,20.63,98.0,182.23,100.0,17.078,8.605,9.85,-0.0,8.473
2023-09-15T11:00:00,11,4,9,0,23.31,79.73,498.86,59.06,15.892,23.182,16.6,7.29,0.0
2023-09-15T12:00:00,12,4,9,0,26.62,73.51,325.82,83.56,13.795,15.868,18.76,2.073,0.0
2023-09-15T13:00:00,13,4,9,0,29.0,92.19,376.86,76.35,12.358,18.061,23.56,5.703,0.0
2023-09-15T14:00:00,14,4,9,0,26.21,96.0,188.98,100.0,16.305,8.838,16.34,-7.467,0.0
2023-09-15T15:00:00,15,4,9,0,28.88,92.55,206.18,89.02,14.508,8.677,10.6,-5.831,0.0
2023-09-15T16:00:00,16,4,9,0,29.83,95.2,180.02,76.41,16.995,8.806,10.17,-0.563,7.626
2023-09-15T17:00:00,17,4,9,0,25.92,92.59,71.97,91.81,18.793,3.535,9.87,-0.0,15.258
2023-09-15T18:00:00,18,4,9,0,27.21,88.28,0.0,79.57,25.016,0.0,10.04,-0.0,25.016
2023-09-15T19:00:00,19,4,9,0,25.56,92.51,2.52,62.54,26.102,0.0,9.9,-0.0,26.102
2023-09-15T20:00:00,20,4,9,0,26.42,86.15,2.18,73.66,26.268,0.015,9.81,-0.0,26.253
2023-09-15T21:00:00,21,4,9,0,22.19,88.52,1.87,58.05,24.083,0.0,9.98,-0.0,24.083
2023-09-15T22:00:00,22,4,9,0,21.22,92.56,0.0,65.13,20.318,0.001,9.95,-0.0,20.317
2023-09-15T23:00:00,23,4,9,0,20.15,97.46,0.0,91.23,16.855,0.019,10.07,-0.0,16.836
2023-09-16T00:00:00,0,5,9,1,16.04,94.51,0.0,78.63,12.938,0.0,10.29,-0.0,12.938
2023-09-16T01:00:00,1,5,9,1,16.35,96.22,0.63,96.45,13.582,0.001,10.06,-0.0,13.581
2023-09-16T02:00:00,2,5,9,1,16.08,93.76,0.0,100.0,9.836,0.019,9.99,-0.0,9.817
2023-09-16T03:00:00,3,5,9,1,15.78,90.06,0.89,63.17,9.775,0.015,10.08,-0.0,9.76
2023-09-16T04:00:00,4,5,9,1,17.89,98.0,1.11,55.0,11.643,0.0,9.88,-0.0,11.643
2023-09-16T05:00:00,5,5,9,1,17.06,95.06,0.37,83.77,12.141,0.02,10.11,-0.0,12.121
2023-09-16T06:00:00,6,5,9,1,16.95,96.99,22.16,81.13,12.755,1.105,9.89,-0.0,11.65
2023-09-16T07:00:00,7,5,9,1,19.18,87.93,102.96,84.94,17.353,4.814,10.04,-0.0,12.539
2023-09-16T08:00:00,8,5,9,1,22.18,98.0,151.35,90.08,15.01,7.576,9.96,-0.0,7.434
2023-09-16T09:00:00,9,5,9,1,21.43,89.81,204.84,84.68,17.7,9.868,9.95,-0.0,7.832
2023-09-16T10:00:00,10,5,9,1,25.28,87.85,200.7,96.16,18.861,10.117,10.23,-0.0,8.744
2023-09-16T11:00:00,11,5,9,1,25.11,91.39,313.29,82.03,18.454,15.345,9.86,-0.0,3.109
2023-09-16T12:00:00,12,5,9,1,26.99,88.89,240.61,100.0,17.955,11.711,10.07,-0.0,6.244
2023-09-16T13:00:00,13,5,9,1,25.4,93.86,290.84,85.36,17.724,14.058,9.93,-0.0,3.666
2023-09-16T14:00:00,14,5,9,1,29.93,83.0,211.31,92.12,20.125,9.692,10.13,-0.0,10.433
2023-09-16T15:00:00,15,5,9,1,27.64,94.48,259.92,71.98,16.379,11.774,9.79,-0.0,4.605
2023-09-16T16:00:00,16,5,9,1,29.93,91.55,214.1,67.44,18.298,10.146,9.94,-0.0,8.152
2023-09-16T17:00:00,17,5,9,1,27.16,85.0,159.53,48.89,16.747,7.566,9.85,-0.0,9.181
2023-09-16T18:00:00,18,5,9,1,26.21,84.58,17.33,93.82,19.196,0.903,10.23,-0.0,18.293
2023-09-16T19:00:00,19,5,9,1,26.55,83.06,1.36,56.8,20.519,0.034,10.19,-0.0,20.485
2023-09-16T20:00:00,20,5,9,1,25.2,91.39,0.0,78.25,19.468,0.024,9.89,-0.0,19.444
2023-09-16T21:00:00,21,5,9,1,23.06,86.57,0.0,80.72,19.967,0.0,9.82,-0.0,19.967
2023-09-16T22:00:00,22,5,9,1,21.17,88.34,0.0,80.14,17.951,0.0,9.93,-0.0,17.951
2023-09-16T23:00:00,23,5,9,1,18.74,98.0,1.3,86.61,16.78,0.002,10.11,-0.0,16.778
2023-09-17T00:00:00,0,6,9,1,17.84,96.57,2.81,82.72,13.192,0.012,10.04,-0.0,13.18
2023-09-17T01:00:00,1,6,9,1,15.42,95.76,2.27,69.5,12.245,0.017,9.94,-0.0,12.228
2023-09-17T02:00:00,2,6,9,1,17.37,98.0,0.0,99.17,11.394,0.0,10.17,-0.0,11.394
2023-09-17T03:00:00,3,6,9,1,14.14,97.63,1.49,86.84,9.09,0.0,10.05,-0.0,9.09
2023-09-17T04:00:00,4,6,9,1,18.4,97.7,0.0,99.47,9.533,0.0,9.87,-0.0,9.533
2023-09-17T05:00:00,5,6,9,1,16.44,98.0,2.38,77.18,9.838,0.0,9.69,-0.0,9.838
2023-09-17T06:00:00,6,6,9,1,17.76,97.58,18.09,67.36,11.558,0.886,10.31,-0.0,10.672
2023-09-17T07:00:00,7,6,9,1,20.6,97.61,51.3,88.33,15.207,2.284,9.95,-0.0,12.923
2023-09-17T08:00:00,8,6,9,1,20.49,98.0,241.58,64.47,15.891,11.997,9.64,-0.0,3.894
2023-09-17T09:00:00,9,6,9,1,21.61,95.69,182.81,94.99,16.918,9.226,10.04,-0.0,7.692
2023-09-17T10:00:00,10,6,9,1,24.63,85.9,247.83,86.56,20.501,12.5,9.75,-0.0,8.001
2023-09-17T11:00:00,11,6,9,1,27.63,95.3,330.55,79.07,20.192,15.314,10.19,-0.0,4.878
2023-09-17T12:00:00,12,6,9,1,25.69,87.64,473.5,65.29,16.909,22.905,15.7,5.996,0.0
2023-09-17T13:00:00,13,6,9,1,27.71,89.12,214.06,100.0,17.077,10.005,9.96,-5.516,1.556
2023-09-17T14:00:00,14,6,9,1,29.12,92.39,338.59,77.6,16.858,15.153,9.83,-0.0,1.705
2023-09-17T15:00:00,15,6,9,1,29.89,88.16,328.8,63.63,17.88,15.522,10.07,-0.0,2.358
2023-09-17T16:00:00,16,6,9,1,28.75,79.76,262.13,58.44,15.771,11.762,10.18,-0.0,4.009
2023-09-17T17:00:00,17,6,9,1,30.67,92.03,94.66,82.31,18.108,4.534,9.98,-0.0,13.574
2023-09-17T18:00:00,18,6,9,1,26.41,98.0,0.0,70.97,18.848,0.0,9.94,-0.0,18.848
2023-09-17T19:00:00,19,6,9,1,25.45,89.27,0.85,56.34,19.162,0.008,9.89,-0.0,19.154
2023-09-17T20:00:00,20,6,9,1,23.76,88.48,1.25,64.17,18.213,0.0,9.95,-0.0,18.213
2023-09-17T21:00:00,21,6,9,1,19.98,85.18,0.0,75.43,19.3,0.009,9.98,-0.0,19.291
2023-09-17T22:00:00,22,6,9,1,18.78,98.0,0.76,67.37,18.215,0.0,9.93,-0.0,18.215
2023-09-17T23:00:00,23,6,9,1,18.04,90.45,2.83,65.06,16.964,0.013,9.85,-0.0,16.951
2023-09-18T00:00:00,0,0,9,0,19.4,86.87,0.51,75.89,10.407,0.0,10.25,-0.0,10.407
2023-09-18T01:00:00,1,0,9,0,16.87,91.27,0.0,45.26,12.03,0.0,9.96,-0.0,12.03
2023-09-18T02:00:00,2,0,9,0,15.53,98.0,0.0,55.83,9.583,0.0,9.92,-0.0,9.583
2023-09-18T03:00:00,3,0,9,0,17.37,98.0,0.0,59.91,8.592,0.006,10.03,-0.0,8.586
2023-09-18T04:00:00,4,0,9,0,18.0,92.19,0.21,81.68,10.538,0.036,10.04,-0.0,10.502
2023-09-18T05:00:00,5,0,9,0,18.2,95.41,0.0,84.77,13.007,0.007,9.99,-0.0,13.0
2023-09-18T06:00:00,6,0,9,0,16.56,98.0,21.09,100.0,16.137,1.0,9.83,-0.0,15.137
2023-09-18T07:00:00,7,0,9,0,18.4,98.0,115.3,74.7,20.582,5.582,10.0,-0.0,15.0
2023-09-18T08:00:00,8,0,9,0,22.03,98.0,101.44,100.0,20.433,4.729,10.02,-0.0,15.704
2023-09-18T09:00:00,9,0,9,0,21.98,96.33,181.95,92.44,18.317,8.299,10.05,-0.0,10.018
2023-09-18T10:00:00,10,0,9,0,22.88,98.0,182.71,100.0,17.082,8.388,10.04,-0.0,8.694
2023-09-18T11:00:00,11,0,9,0,26.8,86.65,184.41,100.0,12.194,8.967,10.03,-0.0,3.227
2023-09-18T12:00:00,12,0,9,0,28.79,93.83,233.03,95.77,13.86,10.586,9.84,-0.0,3.274
2023-09-18T13:00:00,13,0,9,0,25.86,94.69,226.43,97.39,13.749,10.702,10.38,-0.0,3.047
2023-09-18T14:00:00,14,0,9,0,29.41,90.12,259.39,88.97,14.511,12.612,10.07,-0.0,1.899
2023-09-18T15:00:00,15,0,9,0,29.81,84.59,350.86,60.23,16.503,17.165,10.72,0.662,0.0
2023-09-18T16:00:00,16,0,9,0,27.34,90.4,209.31,77.07,16.55,9.612,10.09,-0.609,6.329
2023-09-18T17:00:00,17,0,9,0,27.96,86.81,109.1,78.89,19.94,4.74,9.98,-0.0,15.2
2023-09-18T18:00:00,18,0,9,0,25.93,98.0,0.0,74.74,23.292,0.0,9.85,-0.0,23.292
2023-09-18T19:00:00,19,0,9,0,24.14,96.25,0.75,63.54,23.901,0.0,9.97,-0.0,23.901
2023-09-18T20:00:00,20,0,9,0,22.33,93.98,1.74,50.63,26.195,0.0,9.86,-0.0,26.195
2023-09-18T21:00:00,21,0,9,0,22.63,87.81,0.0,64.72,22.389,0.0,9.77,-0.0,22.389
2023-09-18T22:00:00,22,0,9,0,20.22,86.58,0.65,61.92,19.685,0.022,10.31,-0.0,19.663
2023-09-18T23:00:00,23,0,9,0,17.86,92.48,0.0,67.73,17.081,0.008,10.12,-0.0,17.073
2023-09-19T00:00:00,0,1,9,0,17.62,94.13,0.67,66.99,11.081,0.0,10.01,-0.0,11.081
2023-09-19T01:00:00,1,1,9,0,14.67,92.89,1.44,100.0,10.191,0.022,10.01,-0.0,10.169
2023-09-19T02:00:00,2,1,9,0,15.8,98.0,0.7,87.45,10.167,0.0,10.09,-0.0,10.167
2023-09-19T03:00:00,3,1,9,0,16.25,98.0,1.37,85.73,9.329,0.0,9.98,-0.0,9.329
2023-09-19T04:00:00,4,1,9,0,15.24,88.64,0.86,100.0,12.353,0.008,9.91,-0.0,12.345
2023-09-19T05:00:00,5,1,9,0,16.03,92.83,1.37,86.35,12.289,0.0,10.2,-0.0,12.289
2023-09-19T06:00:00,6,1,9,0,16.73,98.0,5.4,82.6,14.202,0.26,9.86,-0.0,13.942
2023-09-19T07:00:00,7,1,9,0,15.54,95.75,127.93,61.52,21.459,6.195,10.18,-0.0,15.264
2023-09-19T08:00:00,8,1,9,0,19.84,86.22,298.4,55.07,21.518,14.627,10.0,-0.0,6.891
2023-09-19T09:00:00,9,1,9,0,25.54,88.06,513.18,34.85,20.057,24.469,14.1,4.412,0.0
2023-09-19T10:00:00,10,1,9,0,23.94,84.62,492.34,50.4,19.112,24.496,18.96,5.384,0.0
2023-09-19T11:00:00,11,1,9,0,24.32,80.59,805.55,12.98,15.643,40.16,37.24,20.0,0.0
2023-09-19T12:00:00,12,1,9,0,27.73,79.58,570.62,48.84,14.253,26.822,48.86,12.569,0.0
2023-09-19T13:00:00,13,1,9,0,31.01,85.43,480.19,61.33,14.014,23.093,57.37,9.079,0.0
2023-09-19T14:00:00,14,1,9,0,30.09,88.85,510.41,47.42,12.907,24.328,67.7,11.421,0.0
2023-09-19T15:00:00,15,1,9,0,25.58,85.46,353.34,58.13,16.29,18.497,69.73,2.207,0.0
2023-09-19T16:00:00,16,1,9,0,29.26,86.41,319.22,40.52,17.596,15.534,67.91,-2.062,0.0
2023-09-19T17:00:00,17,1,9,0,30.11,86.89,118.35,70.01,20.388,5.64,53.11,-14.748,0.0
2023-09-19T18:00:00,18,1,9,0,26.44,92.27,1.8,54.8,22.827,0.084,32.86,-20.0,2.743
2023-09-19T19:00:00,19,1,9,0,23.58,84.8,0.55,45.91,25.871,0.045,13.23,-20.0,5.826
2023-09-19T20:00:00,20,1,9,0,24.07,96.45,0.57,58.09,26.232,0.0,10.19,-3.056,23.176
2023-09-19T21:00:00,21,1,9,0,20.7,93.01,1.11,51.93,22.127,0.013,9.96,-0.0,22.114
2023-09-19T22:00:00,22,1,9,0,21.46,87.76,0.0,34.25,19.66,0.0,9.74,-0.0,19.66
2023-09-19T23:00:00,23,1,9,0,17.42,91.02,0.75,40.0,17.153,0.0,9.79,-0.0,17.153
2023-09-20T00:00:00,0,2,9,0,17.16,84.98,0.0,23.6,11.404,0.0,9.91,-0.0,11.404
2023-09-20T01:00:00,1,2,9,0,14.77,90.4,0.0,53.12,8.503,0.02,10.18,-0.0,8.483
2023-09-20T02:00:00,2,2,9,0,14.55,94.27,0.21,51.73,9.283,0.0,10.02,-0.0,9.283
2023-09-20T03:00:00,3,2,9,0,16.58,87.29,0.0,61.33,8.425,0.024,9.81,-0.0,8.401
2023-09-20T04:00:00,4,2,9,0,15.57,95.11,2.97,89.92,11.765,0.003,10.22,-0.0,11.762
2023-09-20T05:00:00,5,2,9,0,15.32,92.88,0.0,85.3,11.219,0.007,9.99,-0.0,11.212
2023-09-20T06:00:00,6,2,9,0,15.27,98.0,10.05,81.78,14.384,0.494,10.12,-0.0,13.89
2023-09-20T07:00:00,7,2,9,0,16.23,98.0,66.23,94.36,18.453,3.086,9.95,-0.0,15.367
2023-09-20T08:00:00,8,2,9,0,18.78,98.0,145.89,85.94,22.05,6.938,9.71,-0.0,15.112
2023-09-20T09:00:00,9,2,9,0,22.06,87.83,360.7,56.23,21.065,17.317,9.73,-0.0,3.748
2023-09-20T10:00:00,10,2,9,0,24.01,85.44,405.46,63.22,16.557,19.278,12.38,2.721,0.0
2023-09-20T11:00:00,11,2,9,0,24.15,86.19,267.63,90.81,14.808,13.184,10.92,-1.624,0.0
2023-09-20T12:00:00,12,2,9,0,27.76,91.4,351.86,80.74,14.149,16.971,13.54,2.822,0.0
2023-09-20T13:00:00,13,2,9,0,26.32,91.57,629.62,39.08,15.647,29.952,26.91,14.305,0.0
2023-09-20T14:00:00,14,2,9,0,27.09,87.03,443.68,60.67,12.021,19.858,33.84,7.837,0.0
2023-09-20T15:00:00,15,2,9,0,27.31,85.38,429.24,47.14,13.385,21.258,41.07,7.873,0.0
2023-09-20T16:00:00,16,2,9,0,29.54,85.8,223.98,59.19,20.095,10.215,31.06,-9.88,0.0
2023-09-20T17:00:00,17,2,9,0,30.51,88.15,113.7,69.74,22.124,5.669,14.89,-16.455,0.0
2023-09-20T18:00:00,18,2,9,0,24.41,98.0,9.28,100.0,21.343,0.432,10.22,-4.754,16.157
2023-09-20T19:00:00,19,2,9,0,24.24,98.0,1.22,78.45,28.983,0.0,9.91,-0.0,28.983
2023-09-20T20:00:00,20,2,9,0,24.69,96.62,0.0,96.75,26.236,0.0,9.98,-0.0,26.236
2023-09-20T21:00:00,21,2,9,0,20.57,98.0,0.03,100.0,23.107,0.0,10.05,-0.0,23.107
2023-09-20T22:00:00,22,2,9,0,20.55,93.1,0.0,82.66,21.074,0.006,9.88,-0.0,21.068
2023-09-20T23:00:00,23,2,9,0,19.24,90.65,0.0,57.17,15.612,0.013,9.73,-0.0,15.599
2023-09-21T00:00:00,0,3,9,0,17.35,88.6,0.49,37.01,11.422,0.0,10.02,-0.0,11.422
2023-09-21T01:00:00,1,3,9,0,16.5,88.26,0.0,39.78,11.035,0.0,10.09,-0.0,11.035
2023-09-21T02:00:00,2,3,9,0,18.1,93.5,1.18,64.11,10.685,0.0,9.86,-0.0,10.685
2023-09-21T03:00:00,3,3,9,0,17.49,93.05,1.94,42.34,10.23,0.007,10.0,-0.0,10.223
2023-09-21T04:00:00,4,3,9,0,14.97,94.16,0.0,59.19,10.687,0.004,10.31,-0.0,10.683
2023-09-21T05:00:00,5,3,9,0,15.78,92.96,1.64,65.59,11.842,0.013,10.16,-0.0,11.829
2023-09-21T06:00:00,6,3,9,0,14.78,94.52,0.0,58.76,15.869,0.0,10.07,-0.0,15.869
2023-09-21T07:00:00,7,3,9,0,19.06,91.28,79.32,89.1,19.462,3.616,9.92,-0.0,15.846
2023-09-21T08:00:00,8,3,9,0,17.43,98.0,142.2,91.68,21.12,7.102,10.09,-0.0,14.018
2023-09-21T09:00:00,9,3,9,0,19.91,90.52,315.71,68.94,19.807,15.34,9.75,-0.0,4.467
2023-09-21T10:00:00,10,3,9,0,23.59,87.22,282.99,85.11,16.871,13.372,9.98,-0.0,3.499
2023-09-21T11:00:00,11,3,9,0,23.65,88.5,625.86,40.0,13.694,30.385,25.28,16.691,0.0
2023-09-21T12:00:00,12,3,9,0,26.75,91.48,411.61,69.57,15.909,20.574,29.76,4.665,0.0
2023-09-21T13:00:00,13,3,9,0,30.5,81.74,454.19,64.06,16.317,21.855,34.41,5.538,0.0
2023-09-21T14:00:00,14,3,9,0,27.76,90.5,438.95,63.01,15.385,22.273,41.46,6.888,0.0
2023-09-21T15:00:00,15,3,9,0,27.04,90.36,365.71,59.07,13.673,17.944,44.94,4.271,0.0
2023-09-21T16:00:00,16,3,9,0,28.55,94.49,303.86,47.47,16.326,13.407,42.33,-2.919,0.0
2023-09-21T17:00:00,17,3,9,0,27.32,83.83,168.24,45.55,19.371,8.354,31.18,-11.017,0.0
2023-09-21T18:00:00,18,3,9,0,28.26,85.67,0.0,55.25,23.519,0.0,11.12,-20.0,3.519
2023-09-21T19:00:00,19,3,9,0,24.78,86.82,0.0,68.54,24.688,0.0,10.04,-1.073,23.615
2023-09-21T20:00:00,20,3,9,0,22.35,91.7,0.0,55.46,27.441,0.013,10.01,-0.0,27.428
2023-09-21T21:00:00,21,3,9,0,18.42,96.08,0.0,86.91,23.951,0.0,9.93,-0.0,23.951
2023-09-21T22:00:00,22,3,9,0,17.65,94.54,0.0,40.73,19.648,0.011,10.06,-0.0,19.637
2023-09-21T23:00:00,23,3,9,0,15.42,92.26,0.09,64.72,16.907,0.0,9.97,-0.0,16.907
2023-09-22T00:00:00,0,4,9,0,16.96,96.85,0.0,70.76,11.713,0.004,10.08,-0.0,11.709
2023-09-22T01:00:00,1,4,9,0,13.58,94.66,0.0,67.47,10.201,0.0,10.06,-0.0,10.201
2023-09-22T02:00:00,2,4,9,0,16.23,89.13,0.0,93.76,7.478,0.0,9.94,-0.0,7.478
2023-09-22T03:00:00,3,4,9,0,14.78,98.0,0.02,74.32,10.822,0.048,9.92,-0.0,10.774
2023-09-22T04:00:00,4,4,9,0,14.78,85.44,1.18,60.73,10.526,0.0,10.04,-0.0,10.526
2023-09-22T05:00:00,5,4,9,0,15.35,97.19,0.37,88.19,13.58,0.0,10.06,-0.0,13.58
2023-09-22T06:00:00,6,4,9,0,17.69,93.73,2.8,73.22,16.121,0.0,9.93,-0.0,16.121
2023-09-22T07:00:00,7,4,9,0,17.6,94.89,113.04,76.06,19.135,5.562,9.85,-0.0,13.573
2023-09-22T08:00:00,8,4,9,0,17.72,95.97,170.71,81.91,21.231,8.621,10.04,-0.0,12.61
2023-09-22T09:00:00,9,4,9,0,21.84,95.88,145.55,96.71,19.289,6.917,10.05,-0.0,12.372
2023-09-22T10:00:00,10,4,9,0,23.23,94.63,298.12,82.64,16.128,14.126,10.02,-0.0,2.002
2023-09-22T11:00:00,11,4,9,0,24.47,90.87,362.82,77.8,14.215,15.696,11.35,1.481,0.0
2023-09-22T12:00:00,12,4,9,0,26.88,98.0,430.67,70.74,13.286,21.568,19.1,8.282,0.0
2023-09-22T13:00:00,13,4,9,0,27.34,89.68,299.66,88.17,13.904,13.572,18.5,-0.332,0.0
2023-09-22T14:00:00,14,4,9,0,26.61,82.73,378.52,68.48,15.139,18.355,21.48,3.216,0.0
2023-09-22T15:00:00,15,4,9,0,27.16,79.02,396.35,52.04,15.7,19.054,24.61,3.354,0.0
2023-09-22T16:00:00,16,4,9,0,30.23,86.87,288.74,46.7,16.13,14.04,22.59,-2.09,0.0
2023-09-22T17:00:00,17,4,9,0,25.2,83.74,88.7,82.39,20.395,4.123,9.9,-12.604,3.668
2023-09-22T18:00:00,18,4,9,0,28.08,80.26,0.0,57.03,23.182,0.02,9.91,-0.0,23.162
2023-09-22T19:00:00,19,4,9,0,24.19,84.51,0.47,75.87,26.304,0.0,10.14,-0.0,26.304
2023-09-22T20:00:00,20,4,9,0,24.02,94.43,0.0,81.06,26.1,0.0,9.99,-0.0,26.1
2023-09-22T21:00:00,21,4,9,0,22.55,97.91,0.0,69.71,21.141,0.0,10.12,-0.0,21.141
2023-09-22T22:00:00,22,4,9,0,21.12,85.77,0.0,59.38,19.666,0.008,10.0,-0.0,19.658
2023-09-22T23:00:00,23,4,9,0,16.02,95.9,1.26,62.64,18.192,0.019,9.89,-0.0,18.173
2023-09-23T00:00:00,0,5,9,1,17.59,82.98,1.32,84.22,11.387,0.026,10.17,-0.0,11.361
2023-09-23T01:00:00,1,5,9,1,16.82,88.07,0.54,52.31,10.879,0.0,9.94,-0.0,10.879
2023-09-23T02:00:00,2,5,9,1,14.57,95.95,2.37,51.69,8.943,0.0,10.05,-0.0,8.943
2023-09-23T03:00:00,3,5,9,1,15.1,93.99,0.69,71.08,10.214,0.0,10.11,-0.0,10.214
2023-09-23T04:00:00,4,5,9,1,13.28,98.0,0.49,78.62,9.272,0.0,9.97,-0.0,9.272
2023-09-23T05:00:00,5,5,9,1,14.44,83.81,2.25,64.8,10.793,0.005,9.96,-0.0,10.788
2023-09-23T06:00:00,6,5,9,1,18.04,85.02,0.0,36.12,13.37,0.011,9.88,-0.0,13.359
2023-09-23T07:00:00,7,5,9,1,16.07,94.87,107.52,55.01,15.598,5.438,10.02,-0.0,10.16
2023-09-23T08:00:00,8,5,9,1,18.16,95.43,231.11,66.75,14.145,11.742,9.88,-0.0,2.403
2023-09-23T09:00:00,9,5,9,1,22.73,94.57,265.1,75.27,17.107,12.526,9.96,-0.0,4.581
2023-09-23T10:00:00,10,5,9,1,23.68,90.3,432.23,60.54,18.262,21.293,12.73,3.031,0.0
2023-09-23T11:00:00,11,5,9,1,27.4,79.99,561.19,50.55,18.727,27.582,20.85,8.855,0.0
2023-09-23T12:00:00,12,5,9,1,25.42,83.96,508.13,57.54,19.537,23.746,24.85,4.209,0.0
2023-09-23T13:00:00,13,5,9,1,26.09,95.12,737.45,31.22,18.914,36.371,41.04,17.457,0.0
2023-09-23T14:00:00,14,5,9,1,26.97,80.94,438.71,59.15,18.26,20.428,42.98,2.168,0.0
2023-09-23T15:00:00,15,5,9,1,28.28,77.21,448.2,44.29,17.193,23.157,48.06,5.964,0.0
2023-09-23T16:00:00,16,5,9,1,25.61,88.59,341.36,40.5,16.503,16.438,48.29,-0.065,0.0
2023-09-23T17:00:00,17,5,9,1,27.3,78.5,173.05,37.38,16.829,8.393,40.18,-8.436,0.0
2023-09-23T18:00:00,18,5,9,1,25.5,94.06,2.14,39.47,19.052,0.0,20.81,-19.052,0.0
2023-09-23T19:00:00,19,5,9,1,23.54,97.37,0.0,22.94,18.383,0.003,9.95,-10.796,7.584
2023-09-23T20:00:00,20,5,9,1,21.48,87.01,0.0,45.5,18.735,0.0,10.19,-0.0,18.735
2023-09-23T21:00:00,21,5,9,1,19.7,88.3,0.0,29.23,19.737,0.0,10.0,-0.0,19.737
2023-09-23T22:00:00,22,5,9,1,20.54,79.02,0.38,41.6,18.895,0.028,10.18,-0.0,18.867
2023-09-23T23:00:00,23,5,9,1,16.74,97.08,1.99,52.86,16.729,0.0,9.97,-0.0,16.729
2023-09-24T00:00:00,0,6,9,1,16.44,83.72,0.0,71.74,13.391,0.0,10.06,-0.0,13.391
2023-09-24T01:00:00,1,6,9,1,17.66,84.96,0.0,54.49,11.602,0.007,9.9,-0.0,11.595
2023-09-24T02:00:00,2,6,9,1,16.22,96.27,0.0,75.95,10.967,0.018,10.15,-0.0,10.949
2023-09-24T03:00:00,3,6,9,1,11.84,98.0,0.0,85.01,11.113,0.0,9.99,-0.0,11.113
2023-09-24T04:00:00,4,6,9,1,14.01,88.94,0.0,72.41,10.029,0.0,10.02,-0.0,10.029
2023-09-24T05:00:00,5,6,9,1,15.72,94.55,0.06,84.7,12.53,0.0,10.14,-0.0,12.53
2023-09-24T06:00:00,6,6,9,1,16.0,86.66,2.36,70.44,12.833,0.0,10.07,-0.0,12.833
2023-09-24T07:00:00,7,6,9,1,15.73,92.97,97.34,66.68,14.506,4.767,9.97,-0.0,9.739
2023-09-24T08:00:00,8,6,9,1,19.74,92.27,154.75,92.87,16.376,7.197,9.79,-0.0,9.179
2023-09-24T09:00:00,9,6,9,1,20.91,91.02,240.23,83.28,18.527,11.294,9.98,-0.0,7.233
2023-09-24T10:00:00,10,6,9,1,24.37,95.99,288.97,86.27,16.091,14.133,9.95,-0.0,1.958
2023-09-24T11:00:00,11,6,9,1,23.99,91.82,413.44,69.36,17.475,20.473,12.76,2.998,0.0
2023-09-24T12:00:00,12,6,9,1,26.86,95.93,226.16,97.95,19.787,11.244,9.97,-2.758,5.785
2023-09-24T13:00:00,13,6,9,1,24.38,89.4,431.14,68.34,18.57,21.042,12.46,2.472,0.0
2023-09-24T14:00:00,14,6,9,1,25.68,90.98,464.41,55.44,16.801,20.941,16.16,4.14,0.0
2023-09-24T15:00:00,15,6,9,1,28.23,85.42,399.27,52.77,16.974,18.338,17.29,1.364,0.0
2023-09-24T16:00:00,16,6,9,1,28.84,86.34,177.36,76.39,17.898,8.75,10.1,-7.338,1.81
2023-09-24T17:00:00,17,6,9,1,24.48,90.6,152.64,53.43,19.097,7.781,10.22,-0.0,11.316
2023-09-24T18:00:00,18,6,9,1,25.91,84.9,0.0,53.79,17.927,0.03,9.9,-0.0,17.897
2023-09-24T19:00:00,19,6,9,1,22.08,94.41,0.35,100.0,20.758,0.0,9.97,-0.0,20.758
2023-09-24T20:00:00,20,6,9,1,21.81,98.0,0.33,81.27,20.279,0.0,9.9,-0.0,20.279
2023-09-24T21:00:00,21,6,9,1,21.44,94.82,0.0,56.9,18.172,0.005,10.05,-0.0,18.167
2023-09-24T22:00:00,22,6,9,1,17.87,91.35,0.42,63.09,17.404,0.0,10.31,-0.0,17.404
2023-09-24T23:00:00,23,6,9,1,16.17,97.7,0.0,60.22,18.058,0.0,10.18,-0.0,18.058
2023-09-25T00:00:00,0,0,9,0,14.65,90.63,0.63,79.18,13.512,0.013,9.95,-0.0,13.499
2023-09-25T01:00:00,1,0,9,0,14.9,96.17,0.0,84.15,10.897,0.002,10.1,-0.0,10.895
2023-09-25T02:00:00,2,0,9,0,15.58,94.8,0.0,92.83,11.34,0.02,10.18,-0.0,11.32
2023-09-25T03:00:00,3,0,9,0,13.5,91.5,0.0,38.2,10.248,0.015,9.76,-0.0,10.233
2023-09-25T04:00:00,4,0,9,0,13.17,95.48,0.0,39.03,10.388,0.0,9.85,-0.0,10.388
2023-09-25T05:00:00,5,0,9,0,14.32,96.91,0.0,58.71,12.486,0.0,10.14,-0.0,12.486
2023-09-25T06:00:00,6,0,9,0,14.12,98.0,1.25,81.66,13.947,0.022,9.78,-0.0,13.925
2023-09-25T07:00:00,7,0,9,0,15.76,93.53,135.39,55.38,18.868,6.814,10.01,-0.0,12.054
2023-09-25T08:00:00,8,0,9,0,20.17,88.68,283.15,49.12,20.553,13.886,10.11,-0.0,6.667
2023-09-25T09:00:00,9,0,9,0,20.08,96.6,365.23,56.23,21.2,17.651,10.05,-0.0,3.549
2023-09-25T10:00:00,10,0,9,0,23.33,80.14,499.28,49.99,17.716,24.923,16.62,7.207,0.0
2023-09-25T11:00:00,11,0,9,0,22.93,89.72,331.94,83.11,15.043,15.422,17.19,0.379,0.0
2023-09-25T12:00:00,12,0,9,0,25.4,92.14,440.12,72.36,15.567,21.619,22.67,6.052,0.0
2023-09-25T13:00:00,13,0,9,0,27.44,96.54,405.63,71.95,12.455,19.749,29.59,7.294,0.0
2023-09-25T14:00:00,14,0,9,0,23.88,86.58,464.91,55.0,13.229,23.487,38.53,10.258,0.0
2023-09-25T15:00:00,15,0,9,0,27.36,84.16,444.18,48.75,16.338,20.106,42.08,3.768,0.0
2023-09-25T16:00:00,16,0,9,0,25.46,80.42,278.74,51.13,17.28,12.95,37.82,-4.33,0.0
2023-09-25T17:00:00,17,0,9,0,27.62,85.58,99.57,68.52,17.706,4.595,24.92,-13.111,0.0
2023-09-25T18:00:00,18,0,9,0,26.89,88.9,0.0,46.33,23.223,0.0,10.11,-14.72,8.503
2023-09-25T19:00:00,19,0,9,0,22.96,97.27,0.0,58.66,24.14,0.06,9.94,-0.0,24.08
2023-09-25T20:00:00,20,0,9,0,24.36,86.91,0.0,57.14,25.065,0.019,9.85,-0.0,25.046
2023-09-25T21:00:00,21,0,9,0,19.92,87.33,0.0,60.52,23.486,0.027,9.84,-0.0,23.459
2023-09-25T22:00:00,22,0,9,0,16.87,89.98,3.3,38.04,19.411,0.0,10.26,-0.0,19.411
2023-09-25T23:00:00,23,0,9,0,17.36,84.54,0.0,59.73,16.498,0.0,10.0,-0.0,16.498
2023-09-26T00:00:00,0,1,9,0,15.29,97.13,0.0,41.06,11.05,0.016,10.03,-0.0,11.034
2023-09-26T01:00:00,1,1,9,0,17.29,85.44,0.0,52.7,12.22,0.0,9.85,-0.0,12.22
2023-09-26T02:00:00,2,1,9,0,14.42,97.59,0.11,71.63,10.676,0.001,10.0,-0.0,10.675
2023-09-26T03:00:00,3,1,9,0,13.91,95.3,0.0,55.07,8.973,0.005,9.87,-0.0,8.968
2023-09-26T04:00:00,4,1,9,0,15.07,98.0,0.43,87.85,10.596,0.0,10.02,-0.0,10.596
2023-09-26T05:00:00,5,1,9,0,16.13,98.0,0.0,91.02,11.937,0.0,9.95,-0.0,11.937
2023-09-26T06:00:00,6,1,9,0,16.87,95.61,0.0,77.83,14.878,0.0,9.89,-0.0,14.878
2023-09-26T07:00:00,7,1,9,0,18.37,95.3,136.73,67.07,19.325,6.539,10.18,-0.0,12.786
2023-09-26T08:00:00,8,1,9,0,18.72,98.0,130.23,96.0,22.971,5.953,10.19,-0.0,17.018
2023-09-26T09:00:00,9,1,9,0,21.04,98.0,294.48,73.43,19.144,14.045,10.07,-0.0,5.099
2023-09-26T10:00:00,10,1,9,0,22.61,86.22,352.61,73.15,18.061,17.888,9.73,-0.0,0.173
2023-09-26T11:00:00,11,1,9,0,24.09,80.16,486.81,62.66,16.245,22.914,15.98,6.669,0.0
2023-09-26T12:00:00,12,1,9,0,23.82,83.03,434.41,71.08,14.879,20.92,21.54,6.041,0.0
2023-09-26T13:00:00,13,1,9,0,27.71,81.0,346.77,80.75,15.121,16.945,23.65,1.824,0.0
2023-09-26T14:00:00,14,1,9,0,29.01,80.35,432.67,60.67,14.758,21.951,30.15,7.193,0.0
2023-09-26T15:00:00,15,1,9,0,26.63,77.88,469.5,39.73,15.488,22.189,36.36,6.701,0.0
2023-09-26T16:00:00,16,1,9,0,25.17,87.23,247.06,66.35,16.709,11.342,30.67,-5.367,0.0
2023-09-26T17:00:00,17,1,9,0,27.88,88.43,156.92,41.96,18.037,7.621,20.14,-10.416,0.0
2023-09-26T18:00:00,18,1,9,0,25.81,91.93,0.0,65.27,21.838,0.0,10.15,-10.371,11.467
2023-09-26T19:00:00,19,1,9,0,23.69,85.02,0.0,53.05,26.694,0.0,9.66,-0.0,26.694
2023-09-26T20:00:00,20,1,9,0,21.09,87.97,1.07,60.31,25.029,0.0,10.01,-0.0,25.029
2023-09-26T21:00:00,21,1,9,0,20.55,98.0,1.23,48.38,22.625,0.0,10.09,-0.0,22.625
2023-09-26T22:00:00,22,1,9,0,18.14,93.85,2.11,50.99,20.29,0.015,9.83,-0.0,20.275
2023-09-26T23:00:00,23,1,9,0,17.24,94.96,0.0,69.21,16.438,0.012,10.23,-0.0,16.426
2023-09-27T00:00:00,0,2,9,0,15.35,94.26,0.0,59.28,12.737,0.014,9.96,-0.0,12.723
2023-09-27T01:00:00,1,2,9,0,14.43,96.12,0.0,82.03,10.833,0.0,10.05,-0.0,10.833
2023-09-27T02:00:00,2,2,9,0,12.86,98.0,0.0,57.91,8.997,0.0,10.08,-0.0,8.997
2023-09-27T03:00:00,3,2,9,0,15.46,96.19,0.0,82.99,10.977,0.026,10.03,-0.0,10.951
2023-09-27T04:00:00,4,2,9,0,14.48,98.0,0.0,89.98,9.555,0.0,9.92,-0.0,9.555
2023-09-27T05:00:00,5,2,9,0,15.71,88.51,1.03,81.32,13.665,0.011,9.88,-0.0,13.654
2023-09-27T06:00:00,6,2,9,0,14.82,95.27,1.61,89.38,16.111,0.0,10.06,-0.0,16.111
2023-09-27T07:00:00,7,2,9,0,16.92,94.08,87.45,86.27,18.592,4.406,10.09,-0.0,14.186
2023-09-27T08:00:00,8,2,9,0,17.91,97.36,199.13,77.16,21.785,9.181,10.15,-0.0,12.604
2023-09-27T09:00:00,9,2,9,0,18.45,91.35,268.11,81.16,19.587,13.399,9.98,-0.0,6.188
2023-09-27T10:00:00,10,2,9,0,22.02,92.89,326.03,77.07,16.601,15.756,10.01,-0.0,0.845
2023-09-27T11:00:00,11,2,9,0,23.47,86.14,497.82,59.18,15.537,23.873,17.54,8.336,0.0
2023-09-27T12:00:00,12,2,9,0,28.73,84.2,346.63,82.04,15.6,15.892,18.09,0.292,0.0
2023-09-27T13:00:00,13,2,9,0,27.51,77.6,667.44,34.91,14.422,32.026,34.01,17.604,0.0
2023-09-27T14:00:00,14,2,9,0,26.38,86.13,480.96,55.38,13.467,24.704,44.56,11.237,0.0
2023-09-27T15:00:00,15,2,9,0,26.3,92.46,219.67,88.09,13.465,9.554,40.71,-3.911,0.0
2023-09-27T16:00:00,16,2,9,0,26.25,88.35,218.47,70.36,16.38,9.72,34.05,-6.66,0.0
2023-09-27T17:00:00,17,2,9,0,24.05,84.8,123.86,59.94,18.244,5.908,21.36,-12.336,0.0
2023-09-27T18:00:00,18,2,9,0,22.31,92.79,1.04,83.68,22.874,0.0,9.77,-11.564,11.31
2023-09-27T19:00:00,19,2,9,0,22.17,92.02,0.48,84.18,25.496,0.024,9.86,-0.0,25.472
2023-09-27T20:00:00,20,2,9,0,22.38,88.07,0.0,82.6,26.317,0.003,9.84,-0.0,26.314
2023-09-27T21:00:00,21,2,9,0,17.16,94.43,0.03,68.36,23.693,0.0,10.32,-0.0,23.693
2023-09-27T22:00:00,22,2,9,0,16.93,98.0,1.71,65.4,20.529,0.011,10.06,-0.0,20.518
2023-09-27T23:00:00,23,2,9,0,16.9,97.72,0.99,97.08,16.554,0.006,9.81,-0.0,16.548
2023-09-28T00:00:00,0,3,9,0,15.42,89.16,1.33,78.26,11.514,0.042,9.85,-0.0,11.472
2023-09-28T01:00:00,1,3,9,0,13.29,98.0,1.43,93.09,11.434,0.001,10.23,-0.0,11.433
2023-09-28T02:00:00,2,3,9,0,12.82,98.0,0.0,82.68,10.595,0.013,10.19,-0.0,10.582
2023-09-28T03:00:00,3,3,9,0,15.71,98.0,0.95,100.0,10.275,0.0,9.8,-0.0,10.275
2023-09-28T04:00:00,4,3,9,0,14.14,98.0,0.0,88.88,12.562,0.0,10.12,-0.0,12.562
2023-09-28T05:00:00,5,3,9,0,12.28,94.02,0.89,76.61,13.009,0.008,9.95,-0.0,13.001
2023-09-28T06:00:00,6,3,9,0,15.26,93.64,1.84,88.68,16.783,0.0,9.97,-0.0,16.783
2023-09-28T07:00:00,7,3,9,0,16.82,98.0,48.85,92.08,17.974,2.295,9.8,-0.0,15.679
2023-09-28T08:00:00,8,3,9,0,17.7,98.0,171.65,81.01,20.06,8.201,9.94,-0.0,11.859
2023-09-28T09:00:00,9,3,9,0,18.3,93.54,158.35,100.0,19.247,7.995,9.84,-0.0,11.252
2023-09-28T10:00:00,10,3,9,0,22.77,83.08,181.92,100.0,17.459,9.512,10.19,-0.0,7.947
2023-09-28T11:00:00,11,3,9,0,22.49,95.74,215.01,100.0,15.147,10.474,9.85,-0.0,4.673
2023-09-28T12:00:00,12,3,9,0,22.88,86.36,466.38,68.44,14.632,23.189,18.05,8.557,0.0
2023-09-28T13:00:00,13,3,9,0,25.29,83.88,546.33,54.2,15.935,25.527,26.64,9.592,0.0
2023-09-28T14:00:00,14,3,9,0,26.11,86.15,461.1,56.68,14.179,23.078,34.6,8.899,0.0
2023-09-28T15:00:00,15,3,9,0,23.7,90.87,387.72,57.74,15.48,18.383,37.46,2.903,0.0
2023-09-28T16:00:00,16,3,9,0,26.26,83.16,262.86,55.37,16.658,11.997,32.7,-4.661,0.0
2023-09-28T17:00:00,17,3,9,0,27.03,85.69,144.74,44.52,20.639,7.169,19.49,-13.47,0.0
2023-09-28T18:00:00,18,3,9,0,24.47,86.14,2.33,46.87,23.684,0.02,9.82,-9.424,14.24
2023-09-28T19:00:00,19,3,9,0,25.72,76.66,0.89,60.91,25.479,0.0,9.92,-0.0,25.479
2023-09-28T20:00:00,20,3,9,0,22.76,85.35,0.59,12.93,26.591,0.0,10.04,-0.0,26.591
2023-09-28T21:00:00,21,3,9,0,21.26,87.0,2.08,51.69,23.654,0.0,9.81,-0.0,23.654
2023-09-28T22:00:00,22,3,9,0,20.81,83.05,0.0,50.74,20.398,0.012,10.2,-0.0,20.386
2023-09-28T23:00:00,23,3,9,0,17.41,90.69,2.17,71.32,16.623,0.0,10.02,-0.0,16.623
2023-09-29T00:00:00,0,4,9,0,15.28,97.4,0.2,77.23,12.687,0.01,10.0,-0.0,12.677
2023-09-29T01:00:00,1,4,9,0,14.98,98.0,0.21,89.99,10.701,0.0,9.76,-0.0,10.701
2023-09-29T02:00:00,2,4,9,0,12.41,98.0,0.0,93.9,9.011,0.0,9.91,-0.0,9.011
2023-09-29T03:00:00,3,4,9,0,13.27,98.0,0.0,84.6,9.354,0.0,9.95,-0.0,9.354
2023-09-29T04:00:00,4,4,9,0,13.01,93.36,2.21,87.79,11.135,0.047,9.8,-0.0,11.088
2023-09-29T05:00:00,5,4,9,0,14.1,83.67,0.61,86.66,12.865,0.0,10.12,-0.0,12.865
2023-09-29T06:00:00,6,4,9,0,13.39,95.99,0.0,63.67,14.726,0.01,9.99,-0.0,14.716
2023-09-29T07:00:00,7,4,9,0,15.24,98.0,57.16,97.88,20.68,2.79,9.86,-0.0,17.89
2023-09-29T08:00:00,8,4,9,0,19.22,93.9,142.9,81.9,20.039,6.647,9.94,-0.0,13.392
2023-09-29T09:00:00,9,4,9,0,18.66,98.0,239.42,85.61,20.279,10.882,9.99,-0.0,9.397
2023-09-29T10:00:00,10,4,9,0,18.93,86.43,464.77,57.64,16.987,22.46,15.32,5.473,0.0
2023-09-29T11:00:00,11,4,9,0,21.36,90.32,415.57,70.65,15.519,19.297,18.56,3.778,0.0
2023-09-29T12:00:00,12,4,9,0,21.35,87.59,425.4,71.57,12.966,20.364,25.18,7.398,0.0
2023-09-29T13:00:00,13,4,9,0,24.11,98.0,181.98,100.0,12.284,8.47,21.39,-3.814,0.0
2023-09-29T14:00:00,14,4,9,0,26.54,89.05,187.19,100.0,13.608,8.505,16.32,-5.103,0.0
2023-09-29T15:00:00,15,4,9,0,26.07,98.0,156.82,100.0,15.694,7.065,10.07,-6.4,2.229
2023-09-29T16:00:00,16,4,9,0,26.76,90.61,103.32,97.62,16.78,4.942,10.04,-0.0,11.838
2023-09-29T17:00:00,17,4,9,0,25.74,98.0,38.42,100.0,17.958,1.909,10.06,-0.0,16.049
2023-09-29T18:00:00,18,4,9,0,25.25,89.28,0.53,82.73,24.047,0.0,9.97,-0.0,24.047
2023-09-29T19:00:00,19,4,9,0,23.31,98.0,0.0,79.42,25.777,0.0,9.75,-0.0,25.777
2023-09-29T20:00:00,20,4,9,0,21.13,98.0,0.0,92.46,26.363,0.008,10.07,-0.0,26.355
2023-09-29T21:00:00,21,4,9,0,20.68,94.97,0.0,98.45,22.611,0.0,9.87,-0.0,22.611
2023-09-29T22:00:00,22,4,9,0,19.53,98.0,0.0,96.3,17.476,0.0,10.07,-0.0,17.476
2023-09-29T23:00:00,23,4,9,0,16.06,98.0,0.36,100.0,18.21,0.0,9.8,-0.0,18.21
2023-09-30T00:00:00,0,5,9,1,15.37,98.0,2.38,100.0,12.504,0.002,9.98,-0.0,12.502
2023-09-30T01:00:00,1,5,9,1,11.11,89.06,0.0,43.86,12.983,0.0,10.1,-0.0,12.983
2023-09-30T02:00:00,2,5,9,1,12.44,94.71,1.19,53.34,10.708,0.0,10.28,-0.0,10.708
2023-09-30T03:00:00,3,5,9,1,12.1,91.3,0.0,56.62,10.811,0.007,9.9,-0.0,10.804
2023-09-30T04:00:00,4,5,9,1,14.35,96.56,0.0,70.01,9.102,0.022,10.2,-0.0,9.08
2023-09-30T05:00:00,5,5,9,1,15.71,88.36,0.0,51.55,10.829,0.0,10.14,-0.0,10.829
2023-09-30T06:00:00,6,5,9,1,12.44,96.1,0.93,52.54,14.729,0.007,9.93,-0.0,14.722
2023-09-30T07:00:00,7,5,9,1,18.03,76.72,197.99,15.88,15.661,9.37,9.99,-0.0,6.291
2023-09-30T08:00:00,8,5,9,1,15.5,83.4,364.43,28.89,17.582,17.85,10.15,0.268,0.0
2023-09-30T09:00:00,9,5,9,1,17.55,91.92,244.96,82.24,18.148,12.209,9.88,-0.247,5.692
2023-09-30T10:00:00,10,5,9,1,19.46,91.88,395.19,67.91,18.794,18.481,9.77,-0.0,0.313
2023-09-30T11:00:00,11,5,9,1,22.61,80.57,588.51,49.11,19.92,27.527,16.84,7.607,0.0
2023-09-30T12:00:00,12,5,9,1,21.67,86.92,475.16,67.04,19.664,22.577,19.29,2.913,0.0
2023-09-30T13:00:00,13,5,9,1,26.0,88.83,630.73,40.22,18.364,27.809,28.38,9.445,0.0
2023-09-30T14:00:00,14,5,9,1,26.59,90.82,501.01,51.73,17.391,24.172,34.82,6.781,0.0
2023-09-30T15:00:00,15,5,9,1,27.33,72.52,425.36,46.8,17.826,20.872,37.44,3.046,0.0
2023-09-30T16:00:00,16,5,9,1,24.9,84.72,270.95,54.35,15.639,13.265,35.03,-2.374,0.0
2023-09-30T17:00:00,17,5,9,1,24.96,96.27,96.32,69.52,17.058,4.701,22.58,-12.357,0.0
2023-09-30T18:00:00,18,5,9,1,23.26,96.32,2.02,93.23,16.854,0.01,10.28,-12.678,4.166
2023-09-30T19:00:00,19,5,9,1,24.05,94.77,0.29,85.07,18.263,0.025,10.15,-0.0,18.238
2023-09-30T20:00:00,20,5,9,1,17.13,98.0,0.8,82.99,19.886,0.0,9.8,-0.0,19.886
2023-09-30T21:00:00,21,5,9,1,17.6,89.1,0.8,69.19,20.04,0.031,10.31,-0.0,20.009
2023-09-30T22:00:00,22,5,9,1,18.23,94.3,0.0,67.04,20.08,0.012,10.22,-0.0,20.068
2023-09-30T23:00:00,23,5,9,1,14.71,93.09,1.96,37.5,16.604,0.0,9.84,-0.0,16.604
2023-10-01T00:00:00,0,6,10,1,15.66,60.83,0.0,4.7,12.249,0.006,10.11,-0.0,12.243
2023-10-01T01:00:00,1,6,10,1,15.02,62.69,0.0,31.47,11.815,0.0,9.97,-0.0,11.815
2023-10-01T02:00:00,2,6,10,1,13.88,62.36,0.0,13.59,11.397,0.02,9.7,-0.0,11.377
2023-10-01T03:00:00,3,6,10,1,14.5,57.19,0.92,17.78,12.692,0.024,9.86,-0.0,12.668
2023-10-01T04:00:00,4,6,10,1,15.63,63.23,0.0,3.69,10.901,0.0,10.11,-0.0,10.901
2023-10-01T05:00:00,5,6,10,1,15.05,55.0,0.14,15.04,10.536,0.018,10.09,-0.0,10.518
2023-10-01T06:00:00,6,6,10,1,15.07,58.94,0.0,20.74,13.524,0.0,10.41,-0.0,13.524
2023-10-01T07:00:00,7,6,10,1,16.41,62.58,210.86,0.0,14.794,9.802,10.02,-0.0,4.992
2023-10-01T08:00:00,8,6,10,1,19.07,59.16,444.22,0.0,16.238,21.569,14.63,5.331,0.0
2023-10-01T09:00:00,9,6,10,1,18.97,55.35,688.48,0.02,17.319,34.052,30.15,16.733,0.0
2023-10-01T10:00:00,10,6,10,1,23.05,46.96,850.38,0.0,20.796,41.158,48.63,20.0,0.0
2023-10-01T11:00:00,11,6,10,1,24.23,56.52,853.06,12.54,18.315,41.304,67.05,20.0,0.0
2023-10-01T12:00:00,12,6,10,1,27.16,52.7,849.93,17.25,16.969,40.543,85.44,20.0,0.0
2023-10-01T13:00:00,13,6,10,1,28.03,55.19,943.62,0.0,17.389,45.582,100.0,15.762,0.0
2023-10-01T14:00:00,14,6,10,1,29.33,50.06,805.21,3.8,17.478,37.503,100.0,0.0,0.0
2023-10-01T15:00:00,15,6,10,1,26.66,44.78,694.03,0.0,15.38,32.941,100.0,0.0,0.0
2023-10-01T16:00:00,16,6,10,1,26.15,49.4,403.61,16.65,16.571,18.676,99.7,0.0,0.0
2023-10-01T17:00:00,17,6,10,1,24.97,55.75,184.1,22.8,19.164,8.753,89.64,-10.411,0.0
2023-10-01T18:00:00,18,6,10,1,25.24,58.12,0.27,21.76,16.991,0.0,72.32,-16.991,0.0
2023-10-01T19:00:00,19,6,10,1,25.97,50.18,1.64,13.87,17.785,0.029,54.73,-17.756,0.0
2023-10-01T20:00:00,20,6,10,1,24.85,54.31,2.29,23.75,20.475,0.0,35.09,-20.0,0.475
2023-10-01T21:00:00,21,6,10,1,18.77,61.84,0.0,0.0,18.968,0.001,15.56,-18.967,0.0
2023-10-01T22:00:00,22,6,10,1,19.63,63.78,1.4,5.5,17.653,0.0,10.28,-5.875,11.778
2023-10-01T23:00:00,23,6,10,1,17.21,63.37,0.3,21.69,17.915,0.01,10.07,-0.0,17.905
2023-10-02T00:00:00,0,0,10,0,15.89,58.34,0.0,2.03,11.346,0.026,10.04,-0.0,11.32
2023-10-02T01:00:00,1,0,10,0,12.62,58.15,0.74,0.0,9.229,0.032,9.79,-0.0,9.197
2023-10-02T02:00:00,2,0,10,0,11.13,65.97,2.77,7.96,11.01,0.018,10.0,-0.0,10.992
2023-10-02T03:00:00,3,0,10,0,14.31,58.75,0.0,0.0,9.792,0.0,9.91,-0.0,9.792
2023-10-02T04:00:00,4,0,10,0,13.18,69.85,0.0,28.67,10.336,0.029,9.86,-0.0,10.307
2023-10-02T05:00:00,5,0,10,0,14.32,67.42,0.0,14.9,10.134,0.012,9.97,-0.0,10.122
2023-10-02T06:00:00,6,0,10,0,15.62,64.68,0.0,20.12,14.38,0.022,10.34,-0.0,14.358
2023-10-02T07:00:00,7,0,10,0,18.02,61.1,162.72,35.36,18.947,7.725,10.1,-0.0,11.222
2023-10-02T08:00:00,8,0,10,0,18.4,55.98,491.75,0.0,19.961,22.998,12.75,3.037,0.0
2023-10-02T09:00:00,9,0,10,0,20.67,54.02,492.36,36.03,21.149,23.93,15.4,2.781,0.0
2023-10-02T10:00:00,10,0,10,0,23.05,57.47,732.88,14.75,17.371,33.98,30.56,16.609,0.0
2023-10-02T11:00:00,11,0,10,0,24.47,57.79,774.28,23.1,15.04,38.149,49.13,20.0,0.0
2023-10-02T12:00:00,12,0,10,0,23.9,52.44,773.33,28.45,15.414,37.486,67.24,20.0,0.0
2023-10-02T13:00:00,13,0,10,0,27.69,66.29,866.57,10.01,13.476,40.987,85.95,20.0,0.0
2023-10-02T14:00:00,14,0,10,0,27.75,56.36,804.36,4.29,14.702,38.129,99.76,15.399,0.0
2023-10-02T15:00:00,15,0,10,0,29.38,50.49,568.57,17.7,15.707,25.806,99.94,0.0,0.0
2023-10-02T16:00:00,16,0,10,0,27.87,65.74,398.9,17.34,17.497,18.256,100.0,0.0,0.0
2023-10-02T17:00:00,17,0,10,0,27.65,59.26,137.03,58.32,19.93,6.902,87.23,-13.028,0.0
2023-10-02T18:00:00,18,0,10,0,24.14,64.32,0.24,34.95,23.672,0.0,66.62,-20.0,3.672
2023-10-02T19:00:00,19,0,10,0,22.89,63.33,2.96,48.54,24.974,0.0,46.78,-20.0,4.974
2023-10-02T20:00:00,20,0,10,0,22.93,57.95,0.0,31.13,24.918,0.019,26.96,-20.0,4.899
2023-10-02T21:00:00,21,0,10,0,20.25,58.57,1.45,21.26,22.884,0.04,10.1,-16.972,5.872
2023-10-02T22:00:00,22,0,10,0,16.66,69.35,0.45,20.83,20.131,0.004,9.9,-0.0,20.127
2023-10-02T23:00:00,23,0,10,0,18.53,67.01,3.35,30.81,16.993,0.0,9.98,-0.0,16.993
2023-10-03T00:00:00,0,1,10,0,17.5,62.44,0.26,29.87,12.813,0.012,9.99,-0.0,12.801
2023-10-03T01:00:00,1,1,10,0,14.33,52.47,0.0,16.01,10.027,0.0,9.98,-0.0,10.027
2023-10-03T02:00:00,2,1,10,0,14.97,61.49,1.27,0.0,8.667,0.0,9.99,-0.0,8.667
2023-10-03T03:00:00,3,1,10,0,14.86,53.8,0.73,0.0,9.333,0.0,10.0,-0.0,9.333
2023-10-03T04:00:00,4,1,10,0,14.75,64.43,1.4,11.03,9.747,0.01,10.24,-0.0,9.737
2023-10-03T05:00:00,5,1,10,0,13.42,57.25,0.84,0.0,11.242,0.021,9.97,-0.0,11.221
2023-10-03T06:00:00,6,1,10,0,15.36,56.7,0.0,0.0,15.252,0.0,10.19,-0.0,15.252
2023-10-03T07:00:00,7,1,10,0,17.45,55.41,202.66,0.0,17.762,9.458,9.99,-0.0,8.304
2023-10-03T08:00:00,8,1,10,0,19.42,62.95,443.92,2.17,20.52,20.934,10.27,0.414,0.0
2023-10-03T09:00:00,9,1,10,0,19.55,48.62,674.25,0.0,19.036,33.488,23.63,14.452,0.0
2023-10-03T10:00:00,10,1,10,0,19.33,61.36,844.45,0.66,16.158,42.256,41.82,20.0,0.0
2023-10-03T11:00:00,11,1,10,0,22.7,57.43,949.34,0.0,13.951,43.82,60.31,20.0,0.0
2023-10-03T12:00:00,12,1,10,0,24.92,59.83,688.82,37.99,13.265,34.479,78.77,20.0,0.0
2023-10-03T13:00:00,13,1,10,0,25.96,52.98,895.01,8.68,14.685,41.637,97.3,20.0,0.0
2023-10-03T14:00:00,14,1,10,0,29.75,61.85,506.85,50.57,14.93,23.17,100.0,2.96,0.0
2023-10-03T15:00:00,15,1,10,0,28.04,52.32,610.76,11.59,15.092,27.558,99.95,0.0,0.0
2023-10-03T16:00:00,16,1,10,0,26.67,57.87,315.86,43.88,16.348,15.238,98.73,-1.11,0.0
2023-10-03T17:00:00,17,1,10,0,25.74,58.88,169.66,30.13,20.148,7.953,86.82,-12.195,0.0
2023-10-03T18:00:00,18,1,10,0,27.03,65.96,0.78,26.86,23.534,0.0,66.72,-20.0,3.534
2023-10-03T19:00:00,19,1,10,0,23.02,53.82,0.75,38.98,26.117,0.0,46.87,-20.0,6.117
2023-10-03T20:00:00,20,1,10,0,21.9,67.91,0.0,61.7,25.329,0.035,26.84,-20.0,5.294
2023-10-03T21:00:00,21,1,10,0,19.12,61.03,0.43,27.06,22.943,0.027,10.08,-16.695,6.221
2023-10-03T22:00:00,22,1,10,0,20.81,56.52,0.0,5.81,18.151,0.011,10.05,-0.0,18.14
2023-10-03T23:00:00,23,1,10,0,17.72,51.94,0.38,7.46,15.801,0.011,10.15,-0.0,15.79
2023-10-04T00:00:00,0,2,10,0,15.34,54.18,1.03,21.29,12.764,0.0,10.14,-0.0,12.764
2023-10-04T01:00:00,1,2,10,0,15.1,62.5,1.44,6.07,10.343,0.015,10.14,-0.0,10.328
2023-10-04T02:00:00,2,2,10,0,14.9,53.66,1.05,0.0,9.849,0.0,10.14,-0.0,9.849
2023-10-04T03:00:00,3,2,10,0,14.11,65.52,0.0,0.0,10.515,0.01,9.99,-0.0,10.505
2023-10-04T04:00:00,4,2,10,0,13.28,55.82,0.0,0.0,10.72,0.0,9.88,-0.0,10.72
2023-10-04T05:00:00,5,2,10,0,14.12,64.93,1.41,11.6,12.282,0.0,10.0,-0.0,12.282
2023-10-04T06:00:00,6,2,10,0,16.6,57.05,0.61,5.7,15.208,0.0,9.94,-0.0,15.208
2023-10-04T07:00:00,7,2,10,0,17.04,57.44,189.92,11.53,20.053,8.921,9.86,-0.0,11.132
2023-10-04T08:00:00,8,2,10,0,18.44,56.67,416.51,21.22,20.398,18.935,10.24,-0.0,1.463
2023-10-04T09:00:00,9,2,10,0,18.83,67.15,428.04,47.48,20.443,19.45,10.0,-0.0,0.993
2023-10-04T10:00:00,10,2,10,0,23.01,65.04,574.74,39.45,17.128,26.88,18.81,9.752,0.0
2023-10-04T11:00:00,11,2,10,0,23.0,60.23,655.36,41.68,15.889,31.021,33.09,15.132,0.0
2023-10-04T12:00:00,12,2,10,0,24.35,68.63,421.25,72.48,15.023,21.222,38.61,6.199,0.0
2023-10-04T13:00:00,13,2,10,0,26.03,59.29,690.63,35.61,14.233,34.157,57.08,19.924,0.0
2023-10-04T14:00:00,14,2,10,0,27.32,56.02,438.89,63.43,15.426,20.272,61.33,4.846,0.0
2023-10-04T15:00:00,15,2,10,0,26.67,62.04,434.93,44.07,15.702,21.298,66.62,5.596,0.0
2023-10-04T16:00:00,16,2,10,0,27.94,61.04,246.99,64.71,16.249,11.388,61.77,-4.861,0.0
2023-10-04T17:00:00,17,2,10,0,25.05,47.16,160.27,38.76,19.678,7.668,49.68,-12.01,0.0
2023-10-04T18:00:00,18,2,10,0,24.19,59.32,0.74,42.52,23.259,0.038,29.57,-20.0,3.221
2023-10-04T19:00:00,19,2,10,0,21.43,53.83,2.52,39.22,26.572,0.0,10.06,-19.662,6.91
2023-10-04T20:00:00,20,2,10,0,21.47,56.83,0.0,43.95,23.924,0.0,10.09,-0.0,23.924
2023-10-04T21:00:00,21,2,10,0,19.88,59.37,2.7,22.36,24.155,0.049,9.82,-0.0,24.106
2023-10-04T22:00:00,22,2,10,0,16.98,60.23,0.0,11.63,17.733,0.0,10.36,-0.0,17.733
2023-10-04T23:00:00,23,2,10,0,17.22,58.81,1.24,28.41,17.055,0.011,10.24,-0.0,17.044
2023-10-05T00:00:00,0,3,10,0,13.82,66.75,0.0,23.44,12.43,0.0,10.02,-0.0,12.43
2023-10-05T01:00:00,1,3,10,0,11.94,64.3,0.0,21.63,10.726,0.016,10.13,-0.0,10.71
2023-10-05T02:00:00,2,3,10,0,14.89,63.98,0.0,40.59,10.767,0.0,10.0,-0.0,10.767
2023-10-05T03:00:00,3,3,10,0,13.3,64.8,0.0,24.66,8.551,0.0,9.91,-0.0,8.551
2023-10-05T04:00:00,4,3,10,0,12.24,70.32,0.7,18.86,9.584,0.0,10.14,-0.0,9.584
2023-10-05T05:00:00,5,3,10,0,12.47,53.71,0.53,20.81,11.112,0.0,9.88,-0.0,11.112
2023-10-05T06:00:00,6,3,10,0,15.98,70.72,1.43,32.07,14.752,0.0,10.06,-0.0,14.752
2023-10-05T07:00:00,7,3,10,0,18.83,56.48,209.39,11.44,20.3,9.801,9.9,-0.0,10.499
2023-10-05T08:00:00,8,3,10,0,18.54,57.72,388.76,24.09,22.478,18.519,9.87,-0.0,3.959
2023-10-05T09:00:00,9,3,10,0,19.2,60.7,511.81,33.82,19.993,24.105,13.81,4.112,0.0
2023-10-05T10:00:00,10,3,10,0,22.94,54.16,726.68,20.03,17.64,36.075,30.9,18.435,0.0
2023-10-05T11:00:00,11,3,10,0,21.5,53.17,856.15,13.3,17.4,42.734,49.18,20.0,0.0
2023-10-05T12:00:00,12,3,10,0,28.16,56.95,998.8,0.0,13.97,47.984,67.55,20.0,0.0
2023-10-05T13:00:00,13,3,10,0,28.33,54.6,916.22,7.87,13.555,43.537,85.67,20.0,0.0
2023-10-05T14:00:00,14,3,10,0,22.41,50.14,685.06,25.67,15.278,33.364,99.97,15.279,0.0
2023-10-05T15:00:00,15,3,10,0,26.58,56.95,670.12,0.0,14.367,30.416,99.79,0.0,0.0
2023-10-05T16:00:00,16,3,10,0,25.07,57.05,475.87,0.0,15.507,22.507,100.0,0.0,0.0
2023-10-05T17:00:00,17,3,10,0,24.92,47.07,199.37,0.0,20.401,9.459,89.06,-10.942,0.0
2023-10-05T18:00:00,18,3,10,0,24.19,56.72,0.0,6.16,24.473,0.0,69.05,-20.0,4.473
2023-10-05T19:00:00,19,3,10,0,25.1,57.5,1.12,0.0,24.99,0.015,49.05,-20.0,4.975
2023-10-05T20:00:00,20,3,10,0,20.9,49.33,0.1,4.3,25.495,0.022,29.13,-20.0,5.473
2023-10-05T21:00:00,21,3,10,0,19.58,60.98,0.95,14.19,23.957,0.0,10.08,-19.058,4.899
2023-10-05T22:00:00,22,3,10,0,17.83,57.92,0.77,19.32,18.613,0.0,10.05,-0.0,18.613
2023-10-05T23:00:00,23,3,10,0,17.61,62.6,0.0,9.14,17.603,0.007,10.15,-0.0,17.596
2023-10-06T00:00:00,0,4,10,0,14.45,59.73,0.38,27.63,13.548,0.003,9.64,-0.0,13.545
2023-10-06T01:00:00,1,4,10,0,12.18,70.88,0.69,27.77,9.592,0.0,9.85,-0.0,9.592
2023-10-06T02:00:00,2,4,10,0,15.95,58.62,1.18,2.71,8.654,0.0,10.07,-0.0,8.654
2023-10-06T03:00:00,3,4,10,0,12.81,58.08,2.26,0.0,8.083,0.0,10.0,-0.0,8.083
2023-10-06T04:00:00,4,4,10,0,13.24,58.44,0.0,7.59,9.89,0.0,9.87,-0.0,9.89
2023-10-06T05:00:00,5,4,10,0,13.9,64.92,0.0,0.0,10.893,0.0,10.07,-0.0,10.893
2023-10-06T06:00:00,6,4,10,0,15.8,55.89,1.93,0.0,16.674,0.027,10.11,-0.0,16.647
2023-10-06T07:00:00,7,4,10,0,19.27,62.9,194.61,0.0,18.106,9.47,9.89,-0.0,8.636
2023-10-06T08:00:00,8,4,10,0,18.16,59.28,459.74,0.0,20.685,22.058,11.17,1.373,0.0
2023-10-06T09:00:00,9,4,10,0,17.31,51.75,688.0,0.0,20.494,34.188,23.62,13.694,0.0
2023-10-06T10:00:00,10,4,10,0,18.97,57.9,866.63,0.0,16.534,42.752,42.25,20.0,0.0
2023-10-06T11:00:00,11,4,10,0,22.49,56.58,907.42,3.43,15.312,40.85,60.65,20.0,0.0
2023-10-06T12:00:00,12,4,10,0,23.27,48.31,979.02,0.0,15.052,45.633,78.9,20.0,0.0
2023-10-06T13:00:00,13,4,10,0,22.83,55.68,959.47,0.0,17.524,46.688,97.38,20.0,0.0
2023-10-06T14:00:00,14,4,10,0,26.58,56.29,864.7,0.0,14.693,42.36,99.99,2.759,0.0
2023-10-06T15:00:00,15,4,10,0,25.62,59.75,674.84,0.0,13.207,32.481,100.0,0.0,0.0
2023-10-06T16:00:00,16,4,10,0,27.51,58.49,467.66,0.0,17.332,20.903,99.94,0.0,0.0
2023-10-06T17:00:00,17,4,10,0,27.14,65.22,228.41,0.0,19.785,11.082,91.16,-8.703,0.0
2023-10-06T18:00:00,18,4,10,0,24.19,54.9,0.0,0.0,23.532,0.005,71.52,-20.0,3.527
2023-10-06T19:00:00,19,4,10,0,24.45,57.52,1.55,0.0,25.425,0.002,51.4,-20.0,5.423
2023-10-06T20:00:00,20,4,10,0,19.81,54.27,0.0,0.0,26.5,0.039,31.1,-20.0,6.461
2023-10-06T21:00:00,21,4,10,0,20.58,66.3,0.0,0.0,22.706,0.0,11.4,-20.0,2.706
2023-10-06T22:00:00,22,4,10,0,18.1,56.59,0.0,18.66,19.784,0.0,9.92,-1.297,18.487
2023-10-06T23:00:00,23,4,10,0,15.56,71.64,0.0,18.72,16.797,0.018,10.15,-0.0,16.779
2023-10-07T00:00:00,0,5,10,1,14.8,68.61,0.0,0.0,12.808,0.021,9.94,-0.0,12.787
2023-10-07T01:00:00,1,5,10,1,13.03,58.61,0.0,10.05,11.536,0.021,9.73,-0.0,11.515
2023-10-07T02:00:00,2,5,10,1,13.09,68.86,1.0,17.82,12.359,0.0,9.91,-0.0,12.359
2023-10-07T03:00:00,3,5,10,1,13.61,66.64,0.0,24.28,12.224,0.0,9.87,-0.0,12.224
2023-10-07T04:00:00,4,5,10,1,11.95,63.25,0.02,24.55,13.017,0.0,9.9,-0.0,13.017
2023-10-07T05:00:00,5,5,10,1,16.9,63.31,0.0,33.93,11.883,0.0,9.66,-0.0,11.883
2023-10-07T06:00:00,6,5,10,1,13.89,68.22,0.0,42.25,13.35,0.0,9.98,-0.0,13.35
2023-10-07T07:00:00,7,5,10,1,18.63,67.26,123.33,50.05,15.02,6.256,9.69,-0.0,8.764
2023-10-07T08:00:00,8,5,10,1,15.59,70.6,361.6,23.39,15.412,16.98,11.42,1.568,0.0
2023-10-07T09:00:00,9,5,10,1,18.95,65.2,516.04,30.45,18.588,23.074,15.21,4.486,0.0
2023-10-07T10:00:00,10,5,10,1,20.26,63.45,400.42,68.31,18.228,21.585,18.49,3.357,0.0
2023-10-07T11:00:00,11,5,10,1,22.28,65.82,634.98,41.03,19.524,30.013,28.39,10.489,0.0
2023-10-07T12:00:00,12,5,10,1,24.57,54.62,539.33,57.8,17.393,25.645,36.0,8.252,0.0
2023-10-07T13:00:00,13,5,10,1,27.02,60.21,542.92,58.7,18.659,25.486,42.06,6.827,0.0
2023-10-07T14:00:00,14,5,10,1,28.27,51.96,810.56,5.09,18.852,38.419,60.26,19.567,0.0
2023-10-07T15:00:00,15,5,10,1,25.73,59.21,623.09,12.5,16.066,29.029,71.83,12.963,0.0
2023-10-07T16:00:00,16,5,10,1,26.19,66.79,353.7,27.59,16.313,17.778,73.6,1.465,0.0
2023-10-07T17:00:00,17,5,10,1,23.66,62.37,140.23,40.64,16.892,6.684,63.42,-10.208,0.0
2023-10-07T18:00:00,18,5,10,1,22.05,60.54,0.0,41.83,17.893,0.0,45.32,-17.893,0.0
2023-10-07T19:00:00,19,5,10,1,20.71,59.67,1.43,42.32,20.811,0.033,25.29,-20.0,0.778
2023-10-07T20:00:00,20,5,10,1,19.83,63.26,0.0,11.93,19.819,0.0,9.65,-15.355,4.464
2023-10-07T21:00:00,21,5,10,1,19.92,57.43,0.0,7.71,18.17,0.003,9.99,-0.0,18.167
2023-10-07T22:00:00,22,5,10,1,15.58,57.11,2.04,0.0,17.216,0.011,10.1,-0.0,17.205
2023-10-07T23:00:00,23,5,10,1,15.77,64.28,0.4,0.0,14.52,0.0,10.05,-0.0,14.52
2023-10-08T00:00:00,0,6,10,1,16.78,67.06,0.0,14.92,11.894,0.0,10.02,-0.0,11.894
2023-10-08T01:00:00,1,6,10,1,15.9,56.9,0.48,14.96,10.562,0.026,9.79,-0.0,10.536
2023-10-08T02:00:00,2,6,10,1,13.27,59.05,0.0,37.56,9.846,0.004,10.02,-0.0,9.842
2023-10-08T03:00:00,3,6,10,1,11.4,61.44,1.95,0.0,10.291,0.023,9.87,-0.0,10.268
2023-10-08T04:00:00,4,6,10,1,13.56,57.59,1.38,16.99,9.745,0.048,10.21,-0.0,9.697
2023-10-08T05:00:00,5,6,10,1,11.06,58.95,3.15,21.47,11.606,0.0,10.09,-0.0,11.606
2023-10-08T06:00:00,6,6,10,1,16.85,57.37,0.0,24.28,13.536,0.0,10.04,-0.0,13.536
2023-10-08T07:00:00,7,6,10,1,14.8,68.31,171.25,20.09,15.067,7.948,10.01,-0.0,7.119
2023-10-08T08:00:00,8,6,10,1,20.77,66.76,280.87,44.89,16.551,13.571,9.86,-0.0,2.98
2023-10-08T09:00:00,9,6,10,1,16.81,77.44,456.18,41.33,14.857,22.196,16.63,7.339,0.0
2023-10-08T10:00:00,10,6,10,1,21.94,55.09,748.78,14.44,17.998,36.55,34.11,18.552,0.0
2023-10-08T11:00:00,11,6,10,1,22.27,67.25,736.13,30.99,20.276,35.784,47.95,15.508,0.0
2023-10-08T12:00:00,12,6,10,1,23.66,65.87,577.26,54.77,21.007,27.946,54.47,6.939,0.0
2023-10-08T13:00:00,13,6,10,1,22.62,58.27,686.22,35.3,18.922,33.997,68.35,15.075,0.0
2023-10-08T14:00:00,14,6,10,1,26.24,58.32,625.67,35.23,17.35,30.644,80.57,13.294,0.0
2023-10-08T15:00:00,15,6,10,1,26.97,57.55,433.02,46.61,15.856,21.16,85.48,5.304,0.0
2023-10-08T16:00:00,16,6,10,1,28.04,58.09,371.08,26.82,18.176,16.501,84.06,-1.675,0.0
2023-10-08T17:00:00,17,6,10,1,26.46,63.5,140.3,32.78,17.219,6.289,72.87,-10.93,0.0
2023-10-08T18:00:00,18,6,10,1,22.99,60.88,0.0,47.82,18.115,0.0,54.8,-18.115,0.0
2023-10-08T19:00:00,19,6,10,1,21.62,66.35,0.0,38.65,20.573,0.0,34.68,-20.0,0.573
2023-10-08T20:00:00,20,6,10,1,19.76,67.91,0.0,28.14,16.263,0.0,18.44,-16.263,0.0
2023-10-08T21:00:00,21,6,10,1,21.74,64.13,0.58,2.77,19.111,0.028,10.07,-8.467,10.616
2023-10-08T22:00:00,22,6,10,1,16.85,53.07,0.0,0.0,16.45,0.002,10.21,-0.0,16.448
2023-10-08T23:00:00,23,6,10,1,18.48,60.28,0.0,16.57,17.336,0.05,10.19,-0.0,17.286
2023-10-09T00:00:00,0,0,10,0,15.63,67.31,0.0,27.69,13.735,0.0,9.53,-0.0,13.735
2023-10-09T01:00:00,1,0,10,0,15.24,57.82,0.0,22.92,11.494,0.03,9.75,-0.0,11.464
2023-10-09T02:00:00,2,0,10,0,13.04,62.37,2.07,52.55,12.297,0.035,10.31,-0.0,12.262
2023-10-09T03:00:00,3,0,10,0,13.42,66.55,1.5,39.08,10.088,0.0,9.92,-0.0,10.088
2023-10-09T04:00:00,4,0,10,0,12.35,64.36,1.09,33.45,12.049,0.009,9.94,-0.0,12.04
2023-10-09T05:00:00,5,0,10,0,12.87,68.58,0.95,55.47,10.529,0.018,9.91,-0.0,10.511
2023-10-09T06:00:00,6,0,10,0,15.25,67.45,0.0,66.63,15.712,0.0,9.8,-0.0,15.712
2023-10-09T07:00:00,7,0,10,0,15.92,75.02,134.59,31.89,17.71,6.789,9.88,-0.0,10.921
2023-10-09T08:00:00,8,0,10,0,16.03,63.63,327.12,43.73,21.553,15.592,9.92,-0.0,5.961
2023-10-09T09:00:00,9,0,10,0,20.48,68.37,386.0,56.71,19.746,18.573,9.92,-0.0,1.173
2023-10-09T10:00:00,10,0,10,0,20.01,69.9,389.54,67.44,17.225,18.777,11.28,1.552,0.0
2023-10-09T11:00:00,11,0,10,0,22.17,58.64,396.95,73.88,15.069,18.485,14.71,3.416,0.0
2023-10-09T12:00:00,12,0,10,0,23.04,69.95,609.61,47.28,15.497,29.838,27.75,14.341,0.0
2023-10-09T13:00:00,13,0,10,0,22.74,67.0,569.72,54.53,14.33,25.482,38.05,11.152,0.0
2023-10-09T14:00:00,14,0,10,0,27.01,56.09,769.59,13.06,14.485,38.362,56.44,20.0,0.0
2023-10-09T15:00:00,15,0,10,0,27.3,63.0,527.52,30.15,14.966,25.253,65.81,10.287,0.0
2023-10-09T16:00:00,16,0,10,0,26.15,58.16,347.42,30.53,17.363,16.81,65.23,-0.553,0.0
2023-10-09T17:00:00,17,0,10,0,24.24,61.25,187.32,13.1,19.207,9.157,55.06,-10.05,0.0
2023-10-09T18:00:00,18,0,10,0,23.0,52.83,0.0,44.4,21.767,0.033,35.39,-20.0,1.734
2023-10-09T19:00:00,19,0,10,0,23.88,59.15,0.0,0.0,26.591,0.0,15.26,-20.0,6.591
2023-10-09T20:00:00,20,0,10,0,20.32,59.9,0.0,13.07,25.05,0.0,10.18,-5.285,19.765
2023-10-09T21:00:00,21,0,10,0,18.79,66.3,0.19,49.57,23.29,0.0,10.06,-0.0,23.29
2023-10-09T22:00:00,22,0,10,0,20.59,55.52,0.0,19.03,20.288,0.005,10.24,-0.0,20.283
2023-10-09T23:00:00,23,0,10,0,15.87,63.95,1.03,37.12,15.397,0.007,9.94,-0.0,15.39
2023-10-10T00:00:00,0,1,10,0,16.7,64.56,0.0,45.25,11.057,0.0,9.85,-0.0,11.057
2023-10-10T01:00:00,1,1,10,0,11.34,58.37,0.0,14.01,9.377,0.0,10.28,-0.0,9.377
2023-10-10T02:00:00,2,1,10,0,13.52,65.02,0.0,16.4,9.746,0.0,10.17,-0.0,9.746
2023-10-10T03:00:00,3,1,10,0,15.27,72.85,0.68,34.52,11.022,0.023,9.72,-0.0,10.999
2023-10-10T04:00:00,4,1,10,0,13.3,54.6,1.02,5.5,10.434,0.014,10.07,-0.0,10.42
2023-10-10T05:00:00,5,1,10,0,11.96,65.23,0.0,7.73,13.832,0.0,10.11,-0.0,13.832
2023-10-10T06:00:00,6,1,10,0,12.65,62.22,0.0,20.52,15.84,0.0,9.97,-0.0,15.84
2023-10-10T07:00:00,7,1,10,0,17.21,59.5,176.68,22.94,18.539,8.452,9.81,-0.0,10.087
2023-10-10T08:00:00,8,1,10,0,16.18,60.12,441.34,3.01,20.382,20.724,10.29,0.342,0.0
2023-10-10T09:00:00,9,1,10,0,18.29,60.33,623.5,11.59,21.839,28.904,16.84,7.065,0.0
2023-10-10T10:00:00,10,1,10,0,18.31,65.7,553.83,44.28,18.301,25.559,23.39,7.258,0.0
2023-10-10T11:00:00,11,1,10,0,24.56,51.2,875.12,14.43,15.106,39.303,42.0,20.0,0.0
2023-10-10T12:00:00,12,1,10,0,24.6,63.34,827.42,21.47,14.491,41.219,60.05,20.0,0.0
2023-10-10T13:00:00,13,1,10,0,23.59,55.63,968.16,0.0,13.628,47.636,78.72,20.0,0.0
2023-10-10T14:00:00,14,1,10,0,24.09,62.26,676.31,28.9,11.5,31.067,96.98,19.567,0.0
2023-10-10T15:00:00,15,1,10,0,27.61,59.99,639.64,6.01,15.043,31.074,100.0,3.594,0.0
2023-10-10T16:00:00,16,1,10,0,24.62,47.29,412.14,14.93,15.204,19.812,100.0,0.0,0.0
2023-10-10T17:00:00,17,1,10,0,22.62,63.96,117.75,33.66,19.051,5.396,86.32,-13.655,0.0
2023-10-10T18:00:00,18,1,10,0,21.13,58.13,0.0,15.78,21.596,0.0,66.38,-20.0,1.596
2023-10-10T19:00:00,19,1,10,0,21.9,66.88,0.48,37.56,25.329,0.0,46.28,-20.0,5.329
2023-10-10T20:00:00,20,1,10,0,17.86,62.13,0.46,51.76,24.438,0.0,26.29,-20.0,4.438
2023-10-10T21:00:00,21,1,10,0,17.29,64.41,0.0,6.92,23.058,0.0,10.08,-16.345,6.713
2023-10-10T22:00:00,22,1,10,0,17.85,56.72,1.06,24.1,20.212,0.019,9.86,-0.0,20.193
2023-10-10T23:00:00,23,1,10,0,15.13,67.49,0.0,37.34,16.918,0.021,10.12,-0.0,16.897
2023-10-11T00:00:00,0,2,10,0,14.27,65.75,0.0,26.54,10.335,0.0,10.07,-0.0,10.335
2023-10-11T01:00:00,1,2,10,0,12.41,62.31,2.01,11.44,9.119,0.014,9.82,-0.0,9.105
2023-10-11T02:00:00,2,2,10,0,13.01,58.39,1.47,16.72,8.719,0.0,10.15,-0.0,8.719
2023-10-11T03:00:00,3,2,10,0,14.79,59.43,0.0,8.09,10.986,0.015,10.32,-0.0,10.971
2023-10-11T04:00:00,4,2,10,0,12.21,69.94,0.27,25.59,12.869,0.002,10.13,-0.0,12.867
2023-10-11T05:00:00,5,2,10,0,13.66,69.58,1.95,9.73,11.538,0.0,9.71,-0.0,11.538
2023-10-11T06:00:00,6,2,10,0,12.03,71.35,0.0,0.0,14.355,0.009,10.36,-0.0,14.346
2023-10-11T07:00:00,7,2,10,0,16.74,62.29,182.03,4.37,20.692,8.988,9.67,-0.0,11.704
2023-10-11T08:00:00,8,2,10,0,15.84,63.7,385.38,19.72,20.671,18.317,9.74,-0.0,2.354
2023-10-11T09:00:00,9,2,10,0,19.35,61.32,652.92,10.11,20.011,31.096,19.93,11.085,0.0
2023-10-11T10:00:00,10,2,10,0,20.1,69.16,738.48,15.83,17.621,34.131,35.35,16.51,0.0
2023-10-11T11:00:00,11,2,10,0,22.82,62.6,758.22,28.96,14.551,36.645,53.5,20.0,0.0
2023-10-11T12:00:00,12,2,10,0,23.4,58.19,867.71,16.18,13.489,40.077,71.85,20.0,0.0
2023-10-11T13:00:00,13,2,10,0,23.73,58.17,767.9,29.34,14.032,37.331,90.48,20.0,0.0
2023-10-11T14:00:00,14,2,10,0,25.92,57.5,668.46,29.02,13.826,30.857,99.89,10.231,0.0
2023-10-11T15:00:00,15,2,10,0,23.64,58.17,637.39,6.9,12.988,30.37,99.95,0.0,0.0
2023-10-11T16:00:00,16,2,10,0,25.63,53.51,360.7,21.12,15.585,18.222,100.0,0.0,0.0
2023-10-11T17:00:00,17,2,10,0,23.22,53.62,172.79,8.81,19.296,8.4,89.32,-10.896,0.0
2023-10-11T18:00:00,18,2,10,0,24.01,58.68,1.16,26.73,22.373,0.027,69.1,-20.0,2.346
2023-10-11T19:00:00,19,2,10,0,21.22,54.27,1.67,0.0,26.08,0.0,49.17,-20.0,6.08
2023-10-11T20:00:00,20,2,10,0,20.81,63.94,0.4,28.04,24.677,0.023,29.06,-20.0,4.654
2023-10-11T21:00:00,21,2,10,0,17.04,63.49,3.21,8.63,24.976,0.0,10.17,-19.104,5.872
2023-10-11T22:00:00,22,2,10,0,17.09,66.12,0.97,40.06,19.506,0.028,10.23,-0.0,19.478
2023-10-11T23:00:00,23,2,10,0,16.4,64.64,0.15,20.06,16.656,0.017,9.91,-0.0,16.639
2023-10-12T00:00:00,0,3,10,0,12.32,66.75,0.0,31.63,11.39,0.0,9.8,-0.0,11.39
2023-10-12T01:00:00,1,3,10,0,13.38,48.95,0.0,47.15,10.658,0.0,9.91,-0.0,10.658
2023-10-12T02:00:00,2,3,10,0,13.16,61.97,0.0,35.88,8.051,0.01,9.93,-0.0,8.041
2023-10-12T03:00:00,3,3,10,0,11.52,70.42,0.0,33.45,9.859,0.019,9.96,-0.0,9.84
2023-10-12T04:00:00,4,3,10,0,11.82,61.89,0.0,29.27,12.626,0.01,10.0,-0.0,12.616
2023-10-12T05:00:00,5,3,10,0,12.21,71.83,0.0,40.45,13.264,0.008,9.96,-0.0,13.256
2023-10-12T06:00:00,6,3,10,0,16.73,72.66,1.2,60.69,13.686,0.0,9.81,-0.0,13.686
2023-10-12T07:00:00,7,3,10,0,16.21,65.53,120.57,50.46,19.485,5.838,9.96,-0.0,13.647
2023-10-12T08:00:00,8,3,10,0,16.91,60.95,336.86,33.39,21.622,16.652,10.04,-0.0,4.97
2023-10-12T09:00:00,9,3,10,0,19.67,65.73,390.26,55.38,21.768,19.397,10.22,-0.0,2.371
2023-10-12T10:00:00,10,3,10,0,17.07,60.91,755.88,15.43,16.575,36.506,28.25,19.931,0.0
2023-10-12T11:00:00,11,3,10,0,18.91,60.93,970.71,0.0,17.818,46.548,46.73,20.0,0.0
2023-10-12T12:00:00,12,3,10,0,22.12,44.38,1010.38,0.35,14.466,48.147,65.11,20.0,0.0
2023-10-12T13:00:00,13,3,10,0,22.26,56.02,785.9,24.9,13.206,38.186,83.46,20.0,0.0
2023-10-12T14:00:00,14,3,10,0,23.68,52.09,758.41,13.18,12.483,37.917,99.92,17.895,0.0
2023-10-12T15:00:00,15,3,10,0,25.22,46.16,544.69,29.45,14.816,27.331,99.72,0.0,0.0
2023-10-12T16:00:00,16,3,10,0,25.33,53.08,413.57,8.55,16.801,20.665,100.0,0.0,0.0
2023-10-12T17:00:00,17,3,10,0,21.99,51.29,161.75,17.9,18.192,7.637,89.54,-10.555,0.0
2023-10-12T18:00:00,18,3,10,0,23.5,58.03,0.49,31.29,23.669,0.001,69.38,-20.0,3.668
2023-10-12T19:00:00,19,3,10,0,22.23,54.4,0.25,5.79,26.113,0.0,49.52,-20.0,6.113
2023-10-12T20:00:00,20,3,10,0,20.79,67.31,3.18,55.21,25.543,0.0,29.18,-20.0,5.543
2023-10-12T21:00:00,21,3,10,0,18.01,62.27,2.52,34.85,22.038,0.007,10.22,-19.445,2.586
2023-10-12T22:00:00,22,3,10,0,18.49,56.13,0.0,43.7,19.469,0.0,9.88,-0.0,19.469
2023-10-12T23:00:00,23,3,10,0,14.88,68.26,1.06,43.44,18.6,0.028,9.96,-0.0,18.572
2023-10-13T00:00:00,0,4,10,0,16.32,73.76,0.0,16.23,10.938,0.023,10.13,-0.0,10.915
2023-10-13T01:00:00,1,4,10,0,11.28,73.11,0.4,38.23,9.017,0.004,9.78,-0.0,9.013
2023-10-13T02:00:00,2,4,10,0,13.32,64.64,0.0,2.47,9.721,0.022,9.92,-0.0,9.699
2023-10-13T03:00:00,3,4,10,0,12.25,62.51,0.0,13.49,8.967,0.012,9.89,-0.0,8.955
2023-10-13T04:00:00,4,4,10,0,11.09,62.79,0.94,20.99,8.422,0.0,10.08,-0.0,8.422
2023-10-13T05:00:00,5,4,10,0,13.06,64.01,0.0,38.66,12.726,0.0,9.85,-0.0,12.726
2023-10-13T06:00:00,6,4,10,0,12.96,69.22,0.0,46.29,14.03,0.0,10.11,-0.0,14.03
2023-10-13T07:00:00,7,4,10,0,10.77,62.98,117.54,42.56,17.601,5.727,10.03,-0.0,11.874
2023-10-13T08:00:00,8,4,10,0,12.32,68.46,344.4,39.51,22.034,17.98,9.76,-0.0,4.054
2023-10-13T09:00:00,9,4,10,0,20.52,57.99,519.92,29.26,21.639,26.283,14.4,4.644,0.0
2023-10-13T10:00:00,10,4,10,0,20.97,49.3,807.59,8.05,20.288,43.096,32.95,20.0,0.0
2023-10-13T11:00:00,11,4,10,0,24.58,60.23,524.37,59.6,13.591,24.231,42.32,10.64,0.0
2023-10-13T12:00:00,12,4,10,0,22.57,66.61,771.21,30.45,14.775,38.821,60.78,20.0,0.0
2023-10-13T13:00:00,13,4,10,0,23.22,61.66,682.96,36.96,12.575,34.564,79.06,20.0,0.0
2023-10-13T14:00:00,14,4,10,0,23.61,43.76,606.18,42.05,14.356,29.128,92.84,14.772,0.0
2023-10-13T15:00:00,15,4,10,0,24.66,58.84,406.84,50.45,14.775,19.26,97.14,4.485,0.0
2023-10-13T16:00:00,16,4,10,0,22.73,63.29,370.91,20.5,14.217,18.263,99.89,3.285,0.0
2023-10-13T17:00:00,17,4,10,0,25.64,53.59,173.31,6.58,20.029,8.203,88.03,-11.826,0.0
2023-10-13T18:00:00,18,4,10,0,26.39,60.14,0.0,25.59,22.981,0.0,68.36,-20.0,2.981
2023-10-13T19:00:00,19,4,10,0,22.32,60.77,0.0,45.48,26.199,0.0,48.06,-20.0,6.199
2023-10-13T20:00:00,20,4,10,0,20.4,59.7,0.62,11.96,24.148,0.0,28.06,-20.0,4.148
2023-10-13T21:00:00,21,4,10,0,15.87,62.47,1.8,18.84,25.309,0.022,9.96,-18.174,7.113
2023-10-13T22:00:00,22,4,10,0,18.87,59.99,0.0,35.97,19.739,0.024,9.74,-0.0,19.715
2023-10-13T23:00:00,23,4,10,0,14.58,64.24,1.54,7.97,16.941,0.0,9.87,-0.0,16.941
2023-10-14T00:00:00,0,5,10,1,12.35,71.23,0.0,14.46,14.211,0.0,10.28,-0.0,14.211
2023-10-14T01:00:00,1,5,10,1,13.11,66.63,0.0,24.75,11.881,0.0,10.1,-0.0,11.881
2023-10-14T02:00:00,2,5,10,1,11.07,66.03,2.68,22.67,10.147,0.025,10.09,-0.0,10.122
2023-10-14T03:00:00,3,5,10,1,11.71,57.63,0.0,0.59,11.908,0.019,10.09,-0.0,11.889
2023-10-14T04:00:00,4,5,10,1,10.2,69.02,1.6,11.57,10.725,0.0,10.09,-0.0,10.725
2023-10-14T05:00:00,5,5,10,1,14.22,59.09,0.0,8.41,12.802,0.0,9.94,-0.0,12.802
2023-10-14T06:00:00,6,5,10,1,14.0,63.3,0.0,0.0,12.97,0.0,9.99,-0.0,12.97
2023-10-14T07:00:00,7,5,10,1,15.66,64.7,160.48,8.66,17.089,7.365,10.05,-0.0,9.724
2023-10-14T08:00:00,8,5,10,1,16.8,64.06,425.75,1.09,16.218,21.752,15.02,5.534,0.0
2023-10-14T09:00:00,9,5,10,1,18.76,64.37,614.45,9.73,16.91,28.502,25.95,11.592,0.0
2023-10-14T10:00:00,10,5,10,1,17.92,65.15,780.77,13.03,18.875,37.456,42.6,18.581,0.0
2023-10-14T11:00:00,11,5,10,1,21.4,52.48,899.85,15.56,18.335,47.051,61.2,20.0,0.0
2023-10-14T12:00:00,12,5,10,1,20.76,56.68,798.5,27.94,17.686,38.985,79.82,20.0,0.0
2023-10-14T13:00:00,13,5,10,1,22.76,52.05,818.16,21.56,19.497,38.141,96.95,18.644,0.0
2023-10-14T14:00:00,14,5,10,1,25.28,49.8,733.52,18.03,15.866,35.584,99.92,3.475,0.0
2023-10-14T15:00:00,15,5,10,1,24.66,64.76,581.96,16.62,17.889,28.445,100.0,0.0,0.0
2023-10-14T16:00:00,16,5,10,1,21.75,56.23,358.95,32.84,18.524,17.351,98.87,-1.173,0.0
2023-10-14T17:00:00,17,5,10,1,22.98,55.1,122.7,34.47,16.995,5.785,87.94,-11.21,0.0
2023-10-14T18:00:00,18,5,10,1,22.96,56.34,0.0,7.02,18.667,0.036,68.87,-18.631,0.0
2023-10-14T19:00:00,19,5,10,1,21.19,55.01,0.1,14.65,18.373,0.008,50.65,-18.365,0.0
2023-10-14T20:00:00,20,5,10,1,19.34,72.18,0.36,22.04,20.893,0.0,30.56,-20.0,0.893
2023-10-14T21:00:00,21,5,10,1,19.26,59.87,1.13,24.18,17.749,0.0,13.1,-17.749,0.0
2023-10-14T22:00:00,22,5,10,1,16.46,64.76,0.0,22.56,19.147,0.0,9.98,-2.872,16.275
2023-10-14T23:00:00,23,5,10,1,13.82,59.78,0.0,20.54,16.712,0.0,9.91,-0.0,16.712
2023-10-15T00:00:00,0,6,10,1,13.01,60.68,1.78,52.98,11.736,0.025,10.11,-0.0,11.711
2023-10-15T01:00:00,1,6,10,1,12.9,62.05,0.0,30.59,11.104,0.0,9.88,-0.0,11.104
2023-10-15T02:00:00,2,6,10,1,9.7,64.28,0.0,33.35,11.645,0.0,10.03,-0.0,11.645
2023-10-15T03:00:00,3,6,10,1,10.11,63.01,0.0,26.61,9.373,0.007,10.1,-0.0,9.366
2023-10-15T04:00:00,4,6,10,1,10.16,56.47,0.92,12.38,11.469,0.0,9.74,-0.0,11.469
2023-10-15T05:00:00,5,6,10,1,13.18,64.96,0.12,22.19,11.901,0.007,9.88,-0.0,11.894
2023-10-15T06:00:00,6,6,10,1,13.54,65.33,0.0,41.73,12.637,0.0,10.29,-0.0,12.637
2023-10-15T07:00:00,7,6,10,1,13.49,60.55,117.12,49.84,15.211,5.797,10.03,-0.0,9.414
2023-10-15T08:00:00,8,6,10,1,16.07,70.0,211.77,67.37,15.373,9.74,9.83,-0.0,5.633
2023-10-15T09:00:00,9,6,10,1,15.63,69.26,469.83,38.93,17.28,23.078,15.36,5.798,0.0
2023-10-15T10:00:00,10,6,10,1,18.27,66.93,741.27,18.61,18.064,36.188,31.73,18.124,0.0
2023-10-15T11:00:00,11,6,10,1,19.02,49.46,772.36,25.5,17.445,36.878,49.91,19.433,0.0
2023-10-15T12:00:00,12,6,10,1,21.44,54.81,922.53,13.68,18.261,43.344,68.35,20.0,0.0
2023-10-15T13:00:00,13,6,10,1,24.81,50.74,842.48,20.3,16.279,41.077,86.67,20.0,0.0
2023-10-15T14:00:00,14,6,10,1,23.41,52.06,860.98,0.0,16.643,39.899,99.89,14.471,0.0
2023-10-15T15:00:00,15,6,10,1,25.71,61.54,658.79,3.59,14.841,31.056,100.0,0.0,0.0
2023-10-15T16:00:00,16,6,10,1,23.11,53.73,391.72,12.47,15.625,19.423,99.95,0.0,0.0
2023-10-15T17:00:00,17,6,10,1,24.79,53.96,167.27,11.76,16.345,8.322,91.69,-8.023,0.0
2023-10-15T18:00:00,18,6,10,1,21.33,53.04,0.11,4.77,18.817,0.0,73.14,-18.817,0.0
2023-10-15T19:00:00,19,6,10,1,22.03,65.67,0.0,9.71,18.225,0.0,55.11,-18.225,0.0
2023-10-15T20:00:00,20,6,10,1,19.72,49.74,0.0,25.91,18.249,0.0,36.93,-18.249,0.0
2023-10-15T21:00:00,21,6,10,1,21.15,56.84,0.0,20.36,18.738,0.002,17.55,-18.736,0.0
2023-10-15T22:00:00,22,6,10,1,16.9,56.83,1.12,15.03,20.132,0.0,9.87,-7.95,12.182
2023-10-15T23:00:00,23,6,10,1,13.37,56.41,0.0,27.8,14.872,0.0,9.94,-0.0,14.872
2023-10-16T00:00:00,0,0,10,0,13.25,66.58,0.0,1.05,12.696,0.002,10.02,-0.0,12.694
2023-10-16T01:00:00,1,0,10,0,15.35,51.01,2.59,1.75,11.312,0.0,9.8,-0.0,11.312
2023-10-16T02:00:00,2,0,10,0,8.66,65.29,0.0,27.68,12.402,0.0,10.08,-0.0,12.402
2023-10-16T03:00:00,3,0,10,0,10.34,65.66,0.56,23.61,10.156,0.0,10.14,-0.0,10.156
2023-10-16T04:00:00,4,0,10,0,11.19,61.26,1.25,19.75,10.485,0.0,9.87,-0.0,10.485
2023-10-16T05:00:00,5,0,10,0,11.85,56.27,0.63,21.72,12.296,0.009,9.99,-0.0,12.287
2023-10-16T06:00:00,6,0,10,0,12.28,64.12,0.0,23.4,15.418,0.0,10.12,-0.0,15.418
2023-10-16T07:00:00,7,0,10,0,12.22,62.1,141.53,29.52,19.916,7.056,10.27,-0.0,12.86
2023-10-16T08:00:00,8,0,10,0,17.9,71.59,249.32,61.23,20.52,12.283,10.16,-0.0,8.237
2023-10-16T09:00:00,9,0,10,0,15.57,66.37,535.42,27.66,23.416,25.006,11.38,1.59,0.0
2023-10-16T10:00:00,10,0,10,0,18.37,67.82,876.97,0.0,18.365,37.177,28.84,18.812,0.0
2023-10-16T11:00:00,11,0,10,0,23.14,59.59,798.19,23.8,15.072,38.587,47.13,20.0,0.0
2023-10-16T12:00:00,12,0,10,0,21.72,60.89,939.68,11.29,14.046,43.454,65.46,20.0,0.0
2023-10-16T13:00:00,13,0,10,0,21.42,57.28,852.18,17.68,14.078,41.631,84.04,20.0,0.0
2023-10-16T14:00:00,14,0,10,0,21.97,64.68,877.43,0.0,14.207,44.461,100.0,17.424,0.0
2023-10-16T15:00:00,15,0,10,0,24.39,57.1,609.16,15.11,15.634,28.186,100.0,0.0,0.0
2023-10-16T16:00:00,16,0,10,0,21.77,55.71,423.92,0.0,16.882,20.809,100.0,0.0,0.0
2023-10-16T17:00:00,17,0,10,0,24.04,57.68,167.42,0.0,21.04,8.281,87.2,-12.759,0.0
2023-10-16T18:00:00,18,0,10,0,19.88,54.04,0.0,0.0,21.91,0.0,67.23,-20.0,1.91
2023-10-16T19:00:00,19,0,10,0,22.0,53.6,1.76,0.0,25.481,0.0,47.27,-20.0,5.481
2023-10-16T20:00:00,20,0,10,0,19.06,60.42,0.0,0.0,24.449,0.021,27.29,-20.0,4.428
2023-10-16T21:00:00,21,0,10,0,18.81,64.89,1.46,22.45,22.448,0.006,9.86,-17.241,5.201
2023-10-16T22:00:00,22,0,10,0,17.82,64.23,1.67,18.97,18.87,0.0,10.28,-0.0,18.87
2023-10-16T23:00:00,23,0,10,0,13.39,62.54,0.0,14.01,17.424,0.0,10.1,-0.0,17.424
2023-10-17T00:00:00,0,1,10,0,11.66,71.24,0.0,53.98,11.244,0.0,10.0,-0.0,11.244
2023-10-17T01:00:00,1,1,10,0,11.05,71.33,0.0,29.35,12.481,0.0,10.0,-0.0,12.481
2023-10-17T02:00:00,2,1,10,0,10.91,60.7,1.38,26.49,11.722,0.0,9.99,-0.0,11.722
2023-10-17T03:00:00,3,1,10,0,10.95,67.03,0.0,32.34,10.641,0.0,10.22,-0.0,10.641
2023-10-17T04:00:00,4,1,10,0,9.99,53.57,0.14,36.17,9.202,0.0,10.14,-0.0,9.202
2023-10-17T05:00:00,5,1,10,0,8.4,71.99,0.0,31.43,13.854,0.029,10.1,-0.0,13.825
2023-10-17T06:00:00,6,1,10,0,11.86,62.92,1.18,34.36,15.005,0.0,10.37,-0.0,15.005
2023-10-17T07:00:00,7,1,10,0,14.87,63.13,99.19,45.96,18.796,4.541,10.09,-0.0,14.255
2023-10-17T08:00:00,8,1,10,0,15.51,65.88,285.23,45.44,21.697,13.802,9.87,-0.0,7.895
2023-10-17T09:00:00,9,1,10,0,19.25,63.82,566.25,20.76,19.151,27.295,17.6,8.144,0.0
2023-10-17T10:00:00,10,1,10,0,21.59,74.67,560.82,42.59,18.812,28.48,26.47,9.668,0.0
2023-10-17T11:00:00,11,1,10,0,21.48,54.76,665.27,40.94,16.179,31.843,41.01,15.664,0.0
2023-10-17T12:00:00,12,1,10,0,24.34,54.43,820.7,25.79,17.609,39.926,59.31,20.0,0.0
2023-10-17T13:00:00,13,1,10,0,23.11,59.5,834.91,19.1,14.446,40.017,77.62,20.0,0.0
2023-10-17T14:00:00,14,1,10,0,25.51,53.6,719.43,20.45,14.131,35.45,96.14,20.0,0.0
2023-10-17T15:00:00,15,1,10,0,26.87,61.88,502.96,28.51,17.152,25.438,99.75,4.35,0.0
2023-10-17T16:00:00,16,1,10,0,25.78,56.58,380.34,22.63,14.522,18.801,100.0,0.0,0.0
2023-10-17T17:00:00,17,1,10,0,25.04,58.85,171.4,0.0,19.699,8.793,89.18,-10.906,0.0
2023-10-17T18:00:00,18,1,10,0,21.71,58.33,0.0,22.1,22.833,0.0,68.89,-20.0,2.833
2023-10-17T19:00:00,19,1,10,0,20.78,61.78,0.0,15.23,26.888,0.028,49.11,-20.0,6.86
2023-10-17T20:00:00,20,1,10,0,19.0,52.96,0.0,0.0,28.952,0.038,28.99,-20.0,8.914
2023-10-17T21:00:00,21,1,10,0,18.8,69.65,0.0,14.01,22.24,0.0,9.93,-19.094,3.146
2023-10-17T22:00:00,22,1,10,0,14.89,51.51,1.6,0.0,20.72,0.005,10.14,-0.0,20.715
2023-10-17T23:00:00,23,1,10,0,14.32,56.93,0.0,0.96,18.105,0.004,9.85,-0.0,18.101
2023-10-18T00:00:00,0,2,10,0,9.71,58.54,0.0,18.56,13.402,0.018,9.97,-0.0,13.384
2023-10-18T01:00:00,1,2,10,0,14.01,64.5,0.0,0.0,11.219,0.0,9.86,-0.0,11.219
2023-10-18T02:00:00,2,2,10,0,10.12,65.33,0.0,0.0,10.917,0.0,10.03,-0.0,10.917
2023-10-18T03:00:00,3,2,10,0,11.07,56.02,0.0,0.0,8.811,0.0,10.05,-0.0,8.811
2023-10-18T04:00:00,4,2,10,0,12.49,66.31,0.0,0.0,12.414,0.007,9.81,-0.0,12.407
2023-10-18T05:00:00,5,2,10,0,11.31,58.49,0.0,0.0,11.091,0.03,9.95,-0.0,11.061
2023-10-18T06:00:00,6,2,10,0,13.6,63.35,0.18,4.6,14.413,0.007,9.97,-0.0,14.406
2023-10-18T07:00:00,7,2,10,0,12.06,67.82,150.06,20.98,18.855,6.792,10.02,-0.0,12.063
2023-10-18T08:00:00,8,2,10,0,18.44,59.22,387.26,15.91,20.504,19.031,10.14,-0.0,1.473
2023-10-18T09:00:00,9,2,10,0,18.61,63.83,645.19,8.76,20.576,31.507,19.91,10.931,0.0
2023-10-18T10:00:00,10,2,10,0,19.37,61.65,647.94,32.13,17.095,31.304,33.07,14.209,0.0
2023-10-18T11:00:00,11,2,10,0,22.34,57.61,981.28,0.0,14.348,45.655,51.73,20.0,0.0
2023-10-18T12:00:00,12,2,10,0,20.09,59.55,817.2,25.15,13.11,38.051,70.05,20.0,0.0
2023-10-18T13:00:00,13,2,10,0,21.94,49.3,867.65,16.72,15.424,37.131,88.18,20.0,0.0
2023-10-18T14:00:00,14,2,10,0,25.73,58.11,653.74,31.22,14.858,30.569,99.98,12.686,0.0
2023-10-18T15:00:00,15,2,10,0,21.16,53.78,598.19,10.6,13.516,26.733,100.0,0.0,0.0
2023-10-18T16:00:00,16,2,10,0,23.93,64.43,395.2,16.23,17.276,18.61,100.0,0.0,0.0
2023-10-18T17:00:00,17,2,10,0,23.37,52.1,126.31,23.8,19.096,6.148,87.1,-12.948,0.0
2023-10-18T18:00:00,18,2,10,0,23.93,62.71,0.0,10.34,21.247,0.0,67.11,-20.0,1.247
2023-10-18T19:00:00,19,2,10,0,18.07,58.38,0.0,6.74,24.169,0.02,47.12,-20.0,4.149
2023-10-18T20:00:00,20,2,10,0,20.63,62.55,1.33,24.46,26.652,0.0,27.06,-20.0,6.652
2023-10-18T21:00:00,21,2,10,0,16.27,59.04,0.0,44.61,24.468,0.009,9.76,-17.052,7.407
2023-10-18T22:00:00,22,2,10,0,15.2,62.85,0.0,30.39,20.222,0.0,9.92,-0.0,20.222
2023-10-18T23:00:00,23,2,10,0,12.5,61.44,1.58,22.95,15.768,0.0,10.19,-0.0,15.768
2023-10-19T00:00:00,0,3,10,0,11.69,79.17,0.0,45.88,12.522,0.0,10.13,-0.0,12.522
2023-10-19T01:00:00,1,3,10,0,12.43,59.84,0.0,12.81,11.492,0.0,10.0,-0.0,11.492
2023-10-19T02:00:00,2,3,10,0,10.18,69.33,0.78,6.41,7.379,0.0,9.96,-0.0,7.379
2023-10-19T03:00:00,3,3,10,0,11.67,67.62,0.0,0.0,10.499,0.043,9.89,-0.0,10.456
2023-10-19T04:00:00,4,3,10,0,10.06,73.78,0.1,36.15,10.673,0.0,9.87,-0.0,10.673
2023-10-19T05:00:00,5,3,10,0,9.48,62.37,0.0,15.68,14.857,0.0,10.14,-0.0,14.857
2023-10-19T06:00:00,6,3,10,0,12.06,74.24,0.0,24.3,17.669,0.035,9.95,-0.0,17.634
2023-10-19T07:00:00,7,3,10,0,13.79,73.81,156.52,20.92,19.08,7.207,10.04,-0.0,11.873
2023-10-19T08:00:00,8,3,10,0,14.15,68.02,324.38,38.45,21.621,15.628,10.36,-0.0,5.993
2023-10-19T09:00:00,9,3,10,0,17.74,62.2,484.56,40.58,20.235,22.693,12.28,2.458,0.0
2023-10-19T10:00:00,10,3,10,0,18.89,59.38,617.1,39.15,16.928,29.754,23.95,12.826,0.0
2023-10-19T11:00:00,11,3,10,0,21.81,64.02,702.37,36.35,13.804,33.435,42.25,19.631,0.0
2023-10-19T12:00:00,12,3,10,0,20.68,62.81,728.26,37.74,13.607,32.751,59.9,19.144,0.0
2023-10-19T13:00:00,13,3,10,0,21.77,66.0,532.07,59.02,13.618,24.932,69.85,11.314,0.0
2023-10-19T14:00:00,14,3,10,0,23.94,52.4,695.69,27.36,15.592,34.029,87.29,18.437,0.0
2023-10-19T15:00:00,15,3,10,0,24.31,61.41,455.75,42.75,15.182,22.518,93.72,7.336,0.0
2023-10-19T16:00:00,16,3,10,0,21.93,66.9,323.26,33.65,15.952,14.847,92.99,-1.105,0.0
2023-10-19T17:00:00,17,3,10,0,21.41,64.17,153.96,24.48,18.638,7.192,81.49,-11.446,0.0
2023-10-19T18:00:00,18,3,10,0,21.71,57.14,2.79,19.68,23.467,0.0,61.32,-20.0,3.467
2023-10-19T19:00:00,19,3,10,0,20.28,60.45,0.0,26.35,25.189,0.0,41.18,-20.0,5.189
2023-10-19T20:00:00,20,3,10,0,17.17,57.06,0.1,37.64,24.375,0.0,21.47,-20.0,4.375
2023-10-19T21:00:00,21,3,10,0,17.88,56.41,2.61,9.18,21.96,0.0,10.06,-11.303,10.657
2023-10-19T22:00:00,22,3,10,0,13.09,66.33,1.03,46.84,21.387,0.021,9.88,-0.0,21.366
2023-10-19T23:00:00,23,3,10,0,11.5,67.13,0.44,13.94,16.434,0.0,10.08,-0.0,16.434
2023-10-20T00:00:00,0,4,10,0,10.86,58.69,0.0,0.0,13.167,0.0,9.83,-0.0,13.167
2023-10-20T01:00:00,1,4,10,0,11.06,59.8,0.0,19.11,9.009,0.019,10.04,-0.0,8.99
2023-10-20T02:00:00,2,4,10,0,7.86,69.64,0.0,13.15,11.431,0.0,10.04,-0.0,11.431
2023-10-20T03:00:00,3,4,10,0,8.17,65.61,0.51,26.78,10.715,0.001,10.07,-0.0,10.714
2023-10-20T04:00:00,4,4,10,0,9.75,59.99,1.91,9.01,11.442,0.0,10.18,-0.0,11.442
2023-10-20T05:00:00,5,4,10,0,10.21,66.65,0.18,0.0,10.52,0.0,9.93,-0.0,10.52
2023-10-20T06:00:00,6,4,10,0,11.89,65.33,0.0,9.18,15.516,0.04,9.9,-0.0,15.476
2023-10-20T07:00:00,7,4,10,0,11.06,65.61,120.58,30.18,18.266,5.804,10.0,-0.0,12.462
2023-10-20T08:00:00,8,4,10,0,16.54,61.16,369.31,25.43,19.844,18.261,10.12,-0.0,1.583
2023-10-20T09:00:00,9,4,10,0,17.27,65.88,470.39,35.2,18.03,22.183,13.79,4.153,0.0
2023-10-20T10:00:00,10,4,10,0,17.04,66.0,637.75,29.88,16.258,29.373,25.65,13.115,0.0
2023-10-20T11:00:00,11,4,10,0,20.29,58.75,979.38,4.42,14.039,47.545,44.25,20.0,0.0
2023-10-20T12:00:00,12,4,10,0,22.18,59.55,857.36,19.6,15.207,43.396,62.71,20.0,0.0
2023-10-20T13:00:00,13,4,10,0,24.19,57.13,715.81,35.14,13.45,31.624,79.29,18.174,0.0
2023-10-20T14:00:00,14,4,10,0,22.73,57.18,663.35,28.15,14.107,32.658,96.12,18.551,0.0
2023-10-20T15:00:00,15,4,10,0,24.78,55.37,621.61,11.02,16.269,29.874,100.0,3.833,0.0
2023-10-20T16:00:00,16,4,10,0,22.55,55.53,335.3,30.21,16.652,15.794,98.95,-0.858,0.0
2023-10-20T17:00:00,17,4,10,0,24.51,55.94,126.04,44.07,18.661,5.913,86.54,-12.748,0.0
2023-10-20T18:00:00,18,4,10,0,23.5,62.02,0.0,47.94,23.207,0.003,66.74,-20.0,3.204
2023-10-20T19:00:00,19,4,10,0,20.01,62.26,0.78,0.8,24.672,0.019,46.26,-20.0,4.653
2023-10-20T20:00:00,20,4,10,0,17.67,51.77,0.51,24.38,23.602,0.0,26.45,-20.0,3.602
2023-10-20T21:00:00,21,4,10,0,17.65,58.77,0.0,14.88,23.394,0.0,10.04,-16.394,7.0
2023-10-20T22:00:00,22,4,10,0,14.07,67.07,0.0,34.94,20.161,0.0,9.77,-0.0,20.161
2023-10-20T23:00:00,23,4,10,0,15.11,70.59,1.62,35.59,16.36,0.0,9.64,-0.0,16.36
2023-10-21T00:00:00,0,5,10,1,11.69,75.65,0.0,32.57,12.549,0.0,9.8,-0.0,12.549
2023-10-21T01:00:00,1,5,10,1,10.59,64.95,0.37,25.72,11.43,0.002,9.95,-0.0,11.428
2023-10-21T02:00:00,2,5,10,1,9.75,76.79,0.0,27.27,12.833,0.0,10.37,-0.0,12.833
2023-10-21T03:00:00,3,5,10,1,8.96,66.82,0.0,8.43,11.039,0.009,10.09,-0.0,11.03
2023-10-21T04:00:00,4,5,10,1,10.5,66.49,0.75,0.0,10.751,0.041,9.87,-0.0,10.71
2023-10-21T05:00:00,5,5,10,1,9.34,63.18,0.0,36.31,12.805,0.057,9.87,-0.0,12.748
2023-10-21T06:00:00,6,5,10,1,13.61,67.37,0.0,29.26,14.263,0.006,9.9,-0.0,14.257
2023-10-21T07:00:00,7,5,10,1,11.19,68.9,139.18,15.66,15.189,6.436,9.72,-0.0,8.753
2023-10-21T08:00:00,8,5,10,1,14.7,57.5,412.09,5.52,17.343,19.998,12.31,2.655,0.0
2023-10-21T09:00:00,9,5,10,1,17.09,49.91,504.03,27.59,18.225,24.291,18.09,6.066,0.0
2023-10-21T10:00:00,10,5,10,1,15.55,64.77,670.5,29.16,18.572,33.109,31.36,14.537,0.0
2023-10-21T11:00:00,11,5,10,1,23.16,54.86,980.22,3.14,19.962,46.177,49.74,20.0,0.0
2023-10-21T12:00:00,12,5,10,1,20.05,65.55,934.78,11.03,17.63,42.492,68.32,20.0,0.0
2023-10-21T13:00:00,13,5,10,1,22.84,54.72,895.51,11.85,16.982,44.002,86.43,20.0,0.0
2023-10-21T14:00:00,14,5,10,1,23.51,52.73,823.28,6.59,17.831,41.519,100.0,14.568,0.0
2023-10-21T15:00:00,15,5,10,1,23.08,51.05,640.59,9.37,16.026,30.126,99.83,0.0,0.0
2023-10-21T16:00:00,16,5,10,1,22.71,54.79,384.02,14.88,17.683,18.747,100.0,0.0,0.0
2023-10-21T17:00:00,17,5,10,1,22.97,68.91,159.71,0.06,17.665,7.582,89.93,-10.083,0.0
2023-10-21T18:00:00,18,5,10,1,21.63,48.57,2.26,1.31,20.666,0.0,69.94,-20.0,0.666
2023-10-21T19:00:00,19,5,10,1,22.27,49.28,1.24,0.0,18.223,0.0,51.67,-18.223,0.0
2023-10-21T20:00:00,20,5,10,1,19.8,58.0,0.63,6.41,20.68,0.0,31.78,-20.0,0.68
2023-10-21T21:00:00,21,5,10,1,18.36,67.98,0.0,0.0,18.644,0.0,12.92,-18.644,0.0
2023-10-21T22:00:00,22,5,10,1,15.77,65.55,0.33,15.41,18.395,0.03,10.15,-3.05,15.315
2023-10-21T23:00:00,23,5,10,1,10.47,70.2,0.0,0.0,17.529,0.0,9.96,-0.0,17.529
2023-10-22T00:00:00,0,6,10,1,14.48,61.02,0.0,18.03,13.128,0.043,10.07,-0.0,13.085
2023-10-22T01:00:00,1,6,10,1,9.99,57.41,0.0,11.01,12.454,0.0,10.1,-0.0,12.454
2023-10-22T02:00:00,2,6,10,1,11.98,60.74,0.0,9.15,11.594,0.0,9.89,-0.0,11.594
2023-10-22T03:00:00,3,6,10,1,8.94,63.05,0.0,2.64,10.446,0.0,10.07,-0.0,10.446
2023-10-22T04:00:00,4,6,10,1,11.43,68.14,0.45,41.16,11.835,0.011,9.89,-0.0,11.824
2023-10-22T05:00:00,5,6,10,1,9.19,68.14,0.24,40.44,12.742,0.0,9.76,-0.0,12.742
2023-10-22T06:00:00,6,6,10,1,12.54,70.06,0.38,38.71,12.734,0.0,10.03,-0.0,12.734
2023-10-22T07:00:00,7,6,10,1,13.37,58.16,156.15,5.79,13.841,7.399,10.32,-0.0,6.442
2023-10-22T08:00:00,8,6,10,1,16.92,55.57,408.81,8.77,16.583,18.578,11.74,1.995,0.0
2023-10-22T09:00:00,9,6,10,1,16.98,56.9,548.98,27.04,17.846,26.613,19.98,8.767,0.0
2023-10-22T10:00:00,10,6,10,1,18.95,65.77,556.63,46.47,16.756,24.888,27.51,8.132,0.0
2023-10-22T11:00:00,11,6,10,1,16.79,64.06,760.76,30.45,19.123,36.085,42.81,16.962,0.0
2023-10-22T12:00:00,12,6,10,1,21.08,66.26,807.01,27.97,17.777,36.594,60.21,18.817,0.0
2023-10-22T13:00:00,13,6,10,1,22.71,64.71,937.12,8.47,15.925,46.399,78.89,20.0,0.0
2023-10-22T14:00:00,14,6,10,1,22.84,49.6,869.39,0.0,17.719,43.53,97.2,20.0,0.0
2023-10-22T15:00:00,15,6,10,1,24.17,57.24,601.35,14.82,15.444,29.463,100.0,3.153,0.0
2023-10-22T16:00:00,16,6,10,1,21.46,57.93,390.14,17.06,18.198,18.415,99.76,0.0,0.0
2023-10-22T17:00:00,17,6,10,1,21.64,50.53,138.51,12.75,18.253,6.476,88.14,-11.777,0.0
2023-10-22T18:00:00,18,6,10,1,22.8,54.63,1.15,10.74,18.66,0.0,69.64,-18.66,0.0
2023-10-22T19:00:00,19,6,10,1,17.02,66.67,0.77,0.0,20.841,0.011,49.09,-20.0,0.83
2023-10-22T20:00:00,20,6,10,1,18.81,54.69,2.23,0.0,20.716,0.013,29.68,-20.0,0.703
2023-10-22T21:00:00,21,6,10,1,16.62,55.06,1.77,0.0,18.206,0.017,11.54,-18.189,0.0
2023-10-22T22:00:00,22,6,10,1,13.7,60.4,0.09,0.0,19.187,0.0,10.27,-1.374,17.813
2023-10-22T23:00:00,23,6,10,1,13.39,65.69,0.24,1.94,15.975,0.006,10.19,-0.0,15.969
2023-10-23T00:00:00,0,0,10,0,12.51,59.8,0.34,0.0,12.967,0.0,10.06,-0.0,12.967
2023-10-23T01:00:00,1,0,10,0,12.56,62.23,0.0,1.95,10.489,0.027,10.12,-0.0,10.462
2023-10-23T02:00:00,2,0,10,0,10.05,52.94,1.38,11.27,8.743,0.005,9.95,-0.0,8.738
2023-10-23T03:00:00,3,0,10,0,11.65,64.65,0.88,0.0,10.328,0.006,9.92,-0.0,10.322
2023-10-23T04:00:00,4,0,10,0,12.05,62.68,0.0,0.0,9.931,0.0,10.07,-0.0,9.931
2023-10-23T05:00:00,5,0,10,0,9.73,70.34,2.32,20.44,13.466,0.0,9.88,-0.0,13.466
2023-10-23T06:00:00,6,0,10,0,9.98,54.21,0.0,5.56,16.918,0.001,9.94,-0.0,16.917
2023-10-23T07:00:00,7,0,10,0,10.61,62.87,144.11,13.44,17.266,6.962,10.33,-0.0,10.304
2023-10-23T08:00:00,8,0,10,0,15.98,64.23,428.05,0.0,21.131,21.163,9.92,0.032,0.0
2023-10-23T09:00:00,9,0,10,0,16.39,57.25,662.99,5.66,20.814,31.7,20.08,10.886,0.0
2023-10-23T10:00:00,10,0,10,0,16.49,61.68,760.07,15.29,17.58,33.894,34.81,16.314,0.0
2023-10-23T11:00:00,11,0,10,0,16.56,57.52,1001.12,3.21,15.465,48.478,53.33,20.0,0.0
2023-10-23T12:00:00,12,0,10,0,21.75,55.63,955.12,8.81,14.639,43.133,71.73,20.0,0.0
2023-10-23T13:00:00,13,0,10,0,21.13,67.11,760.98,31.27,12.356,35.44,90.23,20.0,0.0
2023-10-23T14:00:00,14,0,10,0,23.22,50.89,759.68,17.18,16.035,34.741,99.87,10.594,0.0
2023-10-23T15:00:00,15,0,10,0,24.36,60.69,460.82,40.94,15.674,22.502,99.96,0.0,0.0
2023-10-23T16:00:00,16,0,10,0,21.02,61.44,350.3,23.6,15.858,16.175,99.92,0.0,0.0
2023-10-23T17:00:00,17,0,10,0,21.62,64.04,145.35,20.31,18.624,7.221,88.57,-11.403,0.0
2023-10-23T18:00:00,18,0,10,0,21.08,58.67,0.0,17.86,23.936,0.024,68.35,-20.0,3.912
2023-10-23T19:00:00,19,0,10,0,20.18,65.42,0.0,23.12,25.822,0.0,48.36,-20.0,5.822
2023-10-23T20:00:00,20,0,10,0,18.82,63.26,0.0,37.86,25.934,0.026,28.71,-20.0,5.908
2023-10-23T21:00:00,21,0,10,0,15.08,68.14,3.59,50.9,23.592,0.011,9.91,-18.597,4.984
2023-10-23T22:00:00,22,0,10,0,15.79,65.15,0.0,34.86,19.699,0.0,10.03,-0.0,19.699
2023-10-23T23:00:00,23,0,10,0,14.44,71.87,0.0,55.59,14.505,0.0,10.06,-0.0,14.505
2023-10-24T00:00:00,0,1,10,0,11.22,70.6,0.03,39.08,11.505,0.046,10.01,-0.0,11.459
2023-10-24T01:00:00,1,1,10,0,10.94,62.98,0.0,42.39,11.565,0.0,9.8,-0.0,11.565
2023-10-24T02:00:00,2,1,10,0,9.37,68.94,0.44,32.06,10.839,0.0,9.69,-0.0,10.839
2023-10-24T03:00:00,3,1,10,0,10.49,74.21,0.0,60.48,9.337,0.0,9.94,-0.0,9.337
2023-10-24T04:00:00,4,1,10,0,10.16,72.02,0.75,13.96,10.422,0.0,10.0,-0.0,10.422
2023-10-24T05:00:00,5,1,10,0,11.57,64.84,0.0,53.62,13.557,0.018,10.21,-0.0,13.539
2023-10-24T06:00:00,6,1,10,0,10.11,76.39,0.0,73.73,17.027,0.0,10.29,-0.0,17.027
2023-10-24T07:00:00,7,1,10,0,13.33,65.52,110.45,42.6,19.53,5.35,10.05,-0.0,14.18
2023-10-24T08:00:00,8,1,10,0,15.5,69.11,252.33,56.53,22.109,11.677,9.98,-0.0,10.432
2023-10-24T09:00:00,9,1,10,0,16.67,59.01,493.87,35.62,20.489,23.875,13.1,3.386,0.0
2023-10-24T10:00:00,10,1,10,0,15.55,65.99,576.67,42.75,18.219,27.613,21.75,9.394,0.0
2023-10-24T11:00:00,11,1,10,0,18.71,62.75,828.84,21.6,15.293,39.047,40.05,20.0,0.0
2023-10-24T12:00:00,12,1,10,0,20.45,57.78,722.01,37.89,13.68,34.163,58.76,20.0,0.0
2023-10-24T13:00:00,13,1,10,0,20.38,65.89,919.58,11.07,16.153,44.772,76.89,20.0,0.0
2023-10-24T14:00:00,14,1,10,0,22.6,51.41,691.11,22.43,16.257,32.754,92.18,16.497,0.0
2023-10-24T15:00:00,15,1,10,0,19.52,66.0,469.32,38.97,14.978,22.407,99.02,7.429,0.0
2023-10-24T16:00:00,16,1,10,0,24.39,51.67,241.61,60.17,17.01,11.395,93.0,-5.615,0.0
2023-10-24T17:00:00,17,1,10,0,21.86,56.57,147.7,11.13,19.637,7.494,81.05,-12.143,0.0
2023-10-24T18:00:00,18,1,10,0,18.66,62.28,0.0,13.01,23.041,0.0,61.26,-20.0,3.041
2023-10-24T19:00:00,19,1,10,0,19.41,61.09,0.0,0.0,25.64,0.0,41.39,-20.0,5.64
2023-10-24T20:00:00,20,1,10,0,17.53,60.97,0.0,19.57,26.825,0.0,21.24,-20.0,6.825
2023-10-24T21:00:00,21,1,10,0,16.69,63.06,0.0,34.99,21.808,0.0,10.1,-11.212,10.596
2023-10-24T22:00:00,22,1,10,0,13.2,67.91,0.0,27.57,18.777,0.006,9.83,-0.0,18.771
2023-10-24T23:00:00,23,1,10,0,11.22,67.56,0.0,5.17,17.601,0.008,10.0,-0.0,17.593
2023-10-25T00:00:00,0,2,10,0,10.72,70.99,2.6,11.87,12.161,0.029,9.82,-0.0,12.132
2023-10-25T01:00:00,1,2,10,0,8.62,62.9,0.0,39.28,12.376,0.0,10.12,-0.0,12.376
2023-10-25T02:00:00,2,2,10,0,9.69,71.1,1.06,61.52,10.252,0.003,10.01,-0.0,10.249
2023-10-25T03:00:00,3,2,10,0,9.23,58.14,0.46,39.9,10.294,0.003,10.26,-0.0,10.291
2023-10-25T04:00:00,4,2,10,0,8.72,64.85,0.0,55.22,10.279,0.0,10.0,-0.0,10.279
2023-10-25T05:00:00,5,2,10,0,10.53,65.53,0.0,44.25,13.81,0.018,9.76,-0.0,13.792
2023-10-25T06:00:00,6,2,10,0,10.19,72.2,1.11,35.21,16.484,0.034,10.05,-0.0,16.45
2023-10-25T07:00:00,7,2,10,0,15.17,59.46,118.42,13.35,17.97,5.781,9.93,-0.0,12.189
2023-10-25T08:00:00,8,2,10,0,12.94,60.11,419.19,3.17,21.861,21.096,10.14,-0.0,0.765
2023-10-25T09:00:00,9,2,10,0,14.61,66.85,505.63,34.55,21.283,23.192,11.65,1.909,0.0
2023-10-25T10:00:00,10,2,10,0,21.69,52.92,864.37,0.0,17.45,40.782,30.34,20.0,0.0
2023-10-25T11:00:00,11,2,10,0,19.6,47.45,1010.81,0.0,16.117,47.451,48.35,20.0,0.0
2023-10-25T12:00:00,12,2,10,0,18.64,54.22,1050.79,0.0,15.821,49.464,67.17,20.0,0.0
2023-10-25T13:00:00,13,2,10,0,22.39,56.4,943.25,7.46,14.056,45.036,85.15,20.0,0.0
2023-10-25T14:00:00,14,2,10,0,20.47,59.29,880.54,0.0,14.703,44.681,99.88,15.917,0.0
2023-10-25T15:00:00,15,2,10,0,23.73,54.12,685.12,0.0,14.47,33.916,100.0,0.0,0.0
2023-10-25T16:00:00,16,2,10,0,21.67,60.71,389.78,14.44,17.213,19.51,100.0,0.0,0.0
2023-10-25T17:00:00,17,2,10,0,20.53,62.49,148.68,6.4,18.462,7.117,88.67,-11.345,0.0
2023-10-25T18:00:00,18,2,10,0,23.15,67.28,1.01,41.42,23.768,0.0,68.44,-20.0,3.768
2023-10-25T19:00:00,19,2,10,0,19.65,61.17,1.3,19.43,27.278,0.0,48.3,-20.0,7.278
2023-10-25T20:00:00,20,2,10,0,19.22,56.59,0.0,30.99,24.618,0.03,28.8,-20.0,4.588
2023-10-25T21:00:00,21,2,10,0,16.9,57.23,0.88,30.36,24.51,0.009,10.25,-18.655,5.846
2023-10-25T22:00:00,22,2,10,0,14.11,56.97,0.0,15.22,19.489,0.0,10.16,-0.0,19.489
2023-10-25T23:00:00,23,2,10,0,13.61,62.29,1.52,46.33,15.946,0.0,10.03,-0.0,15.946
2023-10-26T00:00:00,0,3,10,0,12.5,67.76,1.47,39.59,11.806,0.0,9.89,-0.0,11.806
2023-10-26T01:00:00,1,3,10,0,10.04,75.64,0.0,23.49,11.068,0.0,10.08,-0.0,11.068
2023-10-26T02:00:00,2,3,10,0,11.47,63.88,0.41,6.17,9.78,0.0,10.05,-0.0,9.78
2023-10-26T03:00:00,3,3,10,0,9.05,66.51,0.0,24.71,11.197,0.0,10.3,-0.0,11.197
2023-10-26T04:00:00,4,3,10,0,9.89,67.57,1.24,0.0,10.245,0.016,10.08,-0.0,10.229
2023-10-26T05:00:00,5,3,10,0,10.35,60.16,0.0,11.99,12.713,0.0,10.13,-0.0,12.713
2023-10-26T06:00:00,6,3,10,0,11.52,68.15,0.48,7.2,17.898,0.002,9.98,-0.0,17.896
2023-10-26T07:00:00,7,3,10,0,10.59,67.21,149.17,0.0,19.063,7.545,9.85,-0.0,11.518
2023-10-26T08:00:00,8,3,10,0,14.06,63.42,366.82,17.71,20.682,18.435,9.99,-0.0,2.247
2023-10-26T09:00:00,9,3,10,0,15.13,72.09,607.69,11.59,19.766,28.775,17.93,9.009,0.0
2023-10-26T10:00:00,10,3,10,0,16.09,65.8,847.99,5.78,18.754,41.226,36.69,20.0,0.0
2023-10-26T11:00:00,11,3,10,0,17.98,58.54,1010.89,0.0,15.283,48.838,55.13,20.0,0.0
2023-10-26T12:00:00,12,3,10,0,20.09,56.43,1055.84,0.0,14.711,50.0,73.4,20.0,0.0
2023-10-26T13:00:00,13,3,10,0,21.78,55.5,942.24,9.58,13.426,43.393,91.94,20.0,0.0
2023-10-26T14:00:00,14,3,10,0,22.22,55.33,878.09,0.0,14.027,42.996,100.0,8.817,0.0
2023-10-26T15:00:00,15,3,10,0,22.41,55.62,673.03,1.72,16.082,30.618,100.0,0.0,0.0
2023-10-26T16:00:00,16,3,10,0,19.82,60.45,321.69,31.67,15.041,15.119,99.99,0.0,0.0
2023-10-26T17:00:00,17,3,10,0,22.77,59.35,112.61,31.61,17.565,5.729,88.1,-11.836,0.0
2023-10-26T18:00:00,18,3,10,0,21.21,56.48,1.11,39.37,22.501,0.019,68.13,-20.0,2.482
2023-10-26T19:00:00,19,3,10,0,18.66,58.52,0.1,22.78,25.161,0.0,48.46,-20.0,5.161
2023-10-26T20:00:00,20,3,10,0,16.22,51.29,1.29,0.0,25.303,0.0,28.04,-20.0,5.303
2023-10-26T21:00:00,21,3,10,0,14.56,67.83,0.44,37.12,22.781,0.019,9.9,-18.164,4.598
2023-10-26T22:00:00,22,3,10,0,15.77,59.93,2.35,0.0,19.524,0.0,10.14,-0.0,19.524
2023-10-26T23:00:00,23,3,10,0,13.99,64.19,0.0,28.68,16.181,0.036,9.88,-0.0,16.145
2023-10-27T00:00:00,0,4,10,0,11.97,74.27,0.0,54.85,13.513,0.02,10.13,-0.0,13.493
2023-10-27T01:00:00,1,4,10,0,9.53,63.25,0.0,30.74,11.917,0.011,9.86,-0.0,11.906
2023-10-27T02:00:00,2,4,10,0,10.79,63.75,0.0,33.6,10.059,0.005,10.0,-0.0,10.054
2023-10-27T03:00:00,3,4,10,0,8.72,62.6,0.0,44.02,10.92,0.022,10.14,-0.0,10.898
2023-10-27T04:00:00,4,4,10,0,9.03,74.51,0.0,41.06,7.674,0.005,9.82,-0.0,7.669
2023-10-27T05:00:00,5,4,10,0,10.66,75.57,0.0,68.04,12.708,0.0,10.11,-0.0,12.708
2023-10-27T06:00:00,6,4,10,0,10.77,71.24,0.0,15.4,16.485,0.0,10.14,-0.0,16.485
2023-10-27T07:00:00,7,4,10,0,13.07,75.35,93.99,42.82,18.604,4.558,9.96,-0.0,14.046
2023-10-27T08:00:00,8,4,10,0,13.79,63.39,318.55,32.62,21.775,16.525,10.19,-0.0,5.25
2023-10-27T09:00:00,9,4,10,0,16.12,63.37,426.22,50.64,19.461,20.264,10.71,0.803,0.0
2023-10-27T10:00:00,10,4,10,0,14.98,53.51,763.49,16.81,17.87,36.826,28.16,18.956,0.0
2023-10-27T11:00:00,11,4,10,0,19.41,58.81,657.4,45.2,13.925,31.588,44.54,17.663,0.0
2023-10-27T12:00:00,12,4,10,0,19.3,62.72,683.44,45.08,15.394,30.533,58.54,15.139,0.0
2023-10-27T13:00:00,13,4,10,0,20.67,53.02,706.7,43.28,14.18,34.648,76.33,20.0,0.0
2023-10-27T14:00:00,14,4,10,0,20.89,57.26,608.51,39.55,14.592,26.819,87.69,12.227,0.0
2023-10-27T15:00:00,15,4,10,0,21.29,61.31,509.11,34.93,14.927,25.085,97.16,10.158,0.0
2023-10-27T16:00:00,16,4,10,0,22.75,64.13,338.32,26.49,17.825,15.846,95.46,-1.979,0.0
2023-10-27T17:00:00,17,4,10,0,19.35,55.64,134.02,11.14,19.784,6.267,81.89,-13.517,0.0
2023-10-27T18:00:00,18,4,10,0,18.79,61.59,0.38,20.55,24.078,0.011,61.57,-20.0,4.067
2023-10-27T19:00:00,19,4,10,0,19.66,69.69,0.72,19.91,24.995,0.0,42.15,-20.0,4.995
2023-10-27T20:00:00,20,4,10,0,16.59,60.38,1.5,68.9,26.214,0.052,21.94,-20.0,6.162
2023-10-27T21:00:00,21,4,10,0,15.24,68.15,1.42,19.35,24.771,0.0,9.96,-11.854,12.917
2023-10-27T22:00:00,22,4,10,0,12.65,67.57,0.0,29.46,21.284,0.011,10.08,-0.0,21.273
2023-10-27T23:00:00,23,4,10,0,12.96,68.03,0.0,4.21,13.816,0.023,9.95,-0.0,13.793
2023-10-28T00:00:00,0,5,10,1,11.63,70.16,0.29,23.49,12.929,0.012,10.16,-0.0,12.917
2023-10-28T01:00:00,1,5,10,1,9.39,65.53,0.31,38.72,10.329,0.0,10.2,-0.0,10.329
2023-10-28T02:00:00,2,5,10,1,9.76,69.68,2.07,45.56,10.761,0.008,10.24,-0.0,10.753
2023-10-28T03:00:00,3,5,10,1,8.8,59.52,0.0,23.09,10.163,0.0,10.07,-0.0,10.163
2023-10-28T04:00:00,4,5,10,1,7.64,66.02,1.15,30.88,11.612,0.0,10.02,-0.0,11.612
2023-10-28T05:00:00,5,5,10,1,8.41,68.21,0.0,29.9,11.643,0.0,10.16,-0.0,11.643
2023-10-28T06:00:00,6,5,10,1,12.1,64.87,0.54,12.05,12.34,0.0,10.26,-0.0,12.34
2023-10-28T07:00:00,7,5,10,1,13.78,64.57,134.8,0.0,15.34,6.53,9.96,-0.0,8.81
2023-10-28T08:00:00,8,5,10,1,12.04,69.49,419.83,0.0,15.193,19.637,14.31,4.444,0.0
2023-10-28T09:00:00,9,5,10,1,15.37,61.08,557.9,23.38,16.817,26.722,23.12,9.905,0.0
2023-10-28T10:00:00,10,5,10,1,15.9,68.81,730.25,24.22,18.152,33.8,37.48,15.648,0.0
2023-10-28T11:00:00,11,5,10,1,16.65,63.91,852.09,23.54,18.703,42.034,56.05,20.0,0.0
2023-10-28T12:00:00,12,5,10,1,20.12,55.25,784.13,30.97,18.906,38.48,73.89,19.574,0.0
2023-10-28T13:00:00,13,5,10,1,20.13,63.14,655.06,45.08,18.294,33.156,87.39,14.862,0.0
2023-10-28T14:00:00,14,5,10,1,20.19,59.75,781.14,13.81,16.655,39.282,99.97,13.393,0.0
2023-10-28T15:00:00,15,5,10,1,19.89,54.98,612.26,12.68,17.086,28.44,100.0,0.0,0.0
2023-10-28T16:00:00,16,5,10,1,19.15,54.4,406.08,12.88,16.918,18.905,99.72,0.0,0.0
2023-10-28T17:00:00,17,5,10,1,20.74,53.43,114.17,13.35,17.445,5.548,88.23,-11.897,0.0
2023-10-28T18:00:00,18,5,10,1,19.48,60.05,0.58,35.2,16.744,0.0,71.32,-16.744,0.0
2023-10-28T19:00:00,19,5,10,1,17.21,59.27,0.0,32.38,19.848,0.0,51.41,-19.848,0.0
2023-10-28T20:00:00,20,5,10,1,17.86,69.84,0.0,35.42,20.333,0.0,31.38,-20.0,0.333
2023-10-28T21:00:00,21,5,10,1,15.18,50.97,0.42,22.51,20.044,0.01,11.53,-20.0,0.034
2023-10-28T22:00:00,22,5,10,1,14.54,62.5,0.96,11.62,18.261,0.0,9.96,-1.511,16.75
2023-10-28T23:00:00,23,5,10,1,11.82,68.05,0.16,24.73,17.923,0.0,10.09,-0.0,17.923
2023-10-29T00:00:00,0,6,10,1,9.58,62.67,0.0,30.33,13.243,0.0,10.33,-0.0,13.243
2023-10-29T01:00:00,1,6,10,1,9.32,65.58,0.0,24.45,11.459,0.0,10.04,-0.0,11.459
2023-10-29T02:00:00,2,6,10,1,6.51,69.2,1.02,41.94,11.08,0.0,9.91,-0.0,11.08
2023-10-29T03:00:00,3,6,10,1,8.45,70.15,0.0,46.59,10.096,0.022,10.06,-0.0,10.074
2023-10-29T04:00:00,4,6,10,1,6.63,75.23,1.6,49.1,9.819,0.001,9.9,-0.0,9.818
2023-10-29T05:00:00,5,6,10,1,11.41,70.5,0.0,38.08,12.524,0.0,9.93,-0.0,12.524
2023-10-29T06:00:00,6,6,10,1,8.82,66.82,0.0,43.13,12.832,0.0,9.9,-0.0,12.832
2023-10-29T07:00:00,7,6,10,1,13.69,57.33,82.13,27.92,15.474,3.788,10.14,-0.0,11.686
2023-10-29T08:00:00,8,6,10,1,11.41,63.65,405.53,6.03,18.343,19.569,11.26,1.226,0.0
2023-10-29T09:00:00,9,6,10,1,14.68,57.47,659.59,4.16,18.774,32.576,23.8,13.802,0.0
2023-10-29T10:00:00,10,6,10,1,16.04,58.29,814.15,10.32,17.471,38.911,42.01,20.0,0.0
2023-10-29T11:00:00,11,6,10,1,19.62,58.96,987.21,2.87,18.261,47.177,60.49,20.0,0.0
2023-10-29T12:00:00,12,6,10,1,22.45,56.25,931.67,17.15,19.298,42.863,79.02,20.0,0.0
2023-10-29T13:00:00,13,6,10,1,21.0,60.03,911.7,12.31,18.504,44.549,97.6,20.0,0.0
2023-10-29T14:00:00,14,6,10,1,23.46,67.86,874.64,0.0,18.756,42.844,99.55,2.798,0.0
2023-10-29T15:00:00,15,6,10,1,20.12,63.5,559.85,19.56,16.382,26.772,100.0,0.0,0.0
2023-10-29T16:00:00,16,6,10,1,22.01,62.82,421.76,0.0,15.401,19.554,100.0,0.0,0.0
2023-10-29T17:00:00,17,6,10,1,20.06,60.06,119.69,2.29,16.38,5.762,89.49,-10.618,0.0
2023-10-29T18:00:00,18,6,10,1,19.93,59.94,0.31,15.44,19.708,0.0,69.78,-19.708,0.0
2023-10-29T19:00:00,19,6,10,1,15.14,63.96,0.0,9.7,19.497,0.0,50.34,-19.497,0.0
2023-10-29T20:00:00,20,6,10,1,15.33,62.15,1.37,0.0,20.583,0.01,30.14,-20.0,0.573
2023-10-29T21:00:00,21,6,10,1,14.92,68.89,1.9,30.58,18.83,0.017,11.48,-18.813,0.0
2023-10-29T22:00:00,22,6,10,1,11.78,62.96,0.0,6.29,17.281,0.0,9.72,-1.364,15.917
2023-10-29T23:00:00,23,6,10,1,12.06,55.03,0.0,0.0,17.463,0.001,9.93,-0.0,17.462
2023-10-30T00:00:00,0,0,10,0,11.51,57.32,2.84,18.63,10.508,0.0,10.05,-0.0,10.508
2023-10-30T01:00:00,1,0,10,0,8.21,65.99,1.65,0.0,11.501,0.024,9.93,-0.0,11.477
2023-10-30T02:00:00,2,0,10,0,6.46,60.23,0.0,8.11,11.927,0.0,9.85,-0.0,11.927
2023-10-30T03:00:00,3,0,10,0,7.45,73.26,1.75,38.21,7.385,0.0,9.9,-0.0,7.385
2023-10-30T04:00:00,4,0,10,0,7.57,74.64,0.0,26.05,9.441,0.005,10.1,-0.0,9.436
2023-10-30T05:00:00,5,0,10,0,9.22,66.34,0.92,28.78,12.265,0.0,9.98,-0.0,12.265
2023-10-30T06:00:00,6,0,10,0,10.33,70.04,0.0,9.79,14.979,0.0,9.99,-0.0,14.979
2023-10-30T07:00:00,7,0,10,0,11.58,67.94,65.96,32.11,19.038,3.126,10.06,-0.0,15.912
2023-10-30T08:00:00,8,0,10,0,15.17,59.98,422.81,0.0,23.575,19.979,10.04,-0.0,3.596
2023-10-30T09:00:00,9,0,10,0,13.88,62.25,615.93,8.78,19.391,30.639,20.57,11.248,0.0
2023-10-30T10:00:00,10,0,10,0,18.03,54.13,885.93,0.0,17.219,40.665,38.93,20.0,0.0
2023-10-30T11:00:00,11,0,10,0,17.16,56.75,892.44,18.53,14.227,40.211,57.21,20.0,0.0
2023-10-30T12:00:00,12,0,10,0,19.62,49.19,1068.9,0.0,12.805,50.0,75.51,20.0,0.0
2023-10-30T13:00:00,13,0,10,0,21.67,57.69,731.86,33.83,14.607,35.5,94.15,20.0,0.0
2023-10-30T14:00:00,14,0,10,0,21.79,66.91,880.93,0.0,12.501,43.569,100.0,6.578,0.0
2023-10-30T15:00:00,15,0,10,0,21.29,49.02,673.49,0.0,13.52,32.491,99.77,0.0,0.0
2023-10-30T16:00:00,16,0,10,0,21.41,50.54,441.09,0.0,16.624,19.504,99.99,0.0,0.0
2023-10-30T17:00:00,17,0,10,0,21.0,53.66,98.12,6.87,20.095,4.55,84.43,-15.545,0.0
2023-10-30T18:00:00,18,0,10,0,19.85,54.28,0.69,5.28,22.029,0.0,64.31,-20.0,2.029
2023-10-30T19:00:00,19,0,10,0,19.23,60.02,0.37,6.99,24.721,0.01,44.38,-20.0,4.711
2023-10-30T20:00:00,20,0,10,0,19.69,54.31,0.2,0.0,23.737,0.023,24.4,-20.0,3.714
2023-10-30T21:00:00,21,0,10,0,15.13,58.89,0.88,0.0,23.543,0.0,10.16,-14.455,9.088
2023-10-30T22:00:00,22,0,10,0,14.37,56.05,0.0,0.0,19.487,0.0,9.79,-0.0,19.487
2023-10-30T23:00:00,23,0,10,0,12.42,58.99,0.0,0.0,16.585,0.013,10.04,-0.0,16.572
2023-10-31T00:00:00,0,1,10,0,8.29,63.34,1.4,0.0,10.513,0.004,9.89,-0.0,10.509
2023-10-31T01:00:00,1,1,10,0,10.58,61.71,0.01,0.0,11.844,0.003,10.19,-0.0,11.841
2023-10-31T02:00:00,2,1,10,0,6.86,74.33,0.0,0.0,9.579,0.023,10.02,-0.0,9.556
2023-10-31T03:00:00,3,1,10,0,7.35,66.36,0.0,15.63,10.837,0.0,10.14,-0.0,10.837
2023-10-31T04:00:00,4,1,10,0,10.68,61.28,0.0,0.0,9.74,0.0,10.02,-0.0,9.74
2023-10-31T05:00:00,5,1,10,0,9.09,51.0,0.0,1.87,12.637,0.0,9.76,-0.0,12.637
2023-10-31T06:00:00,6,1,10,0,8.76,64.58,0.66,0.0,14.651,0.0,9.92,-0.0,14.651
2023-10-31T07:00:00,7,1,10,0,13.36,54.86,85.73,25.91,20.224,3.916,10.26,-0.0,16.308
2023-10-31T08:00:00,8,1,10,0,10.86,66.17,398.4,7.88,19.801,19.55,10.09,-0.0,0.251
2023-10-31T09:00:00,9,1,10,0,14.3,68.03,428.73,46.51,20.43,20.7,10.55,0.27,0.0
2023-10-31T10:00:00,10,1,10,0,17.59,64.53,788.55,13.43,16.099,38.903,28.88,20.0,0.0
2023-10-31T11:00:00,11,1,10,0,18.27,58.27,850.18,21.94,14.834,39.803,46.96,20.0,0.0
2023-10-31T12:00:00,12,1,10,0,17.16,63.47,802.06,30.5,15.046,39.449,65.25,20.0,0.0
2023-10-31T13:00:00,13,1,10,0,20.67,66.97,657.86,45.04,12.862,29.843,81.24,16.981,0.0
2023-10-31T14:00:00,14,1,10,0,20.17,59.77,569.82,48.76,14.794,27.87,93.26,13.076,0.0
2023-10-31T15:00:00,15,1,10,0,22.68,63.15,533.16,29.15,15.778,26.197,100.0,7.499,0.0
2023-10-31T16:00:00,16,1,10,0,20.51,63.14,342.55,22.67,14.372,15.845,99.78,0.0,0.0
2023-10-31T17:00:00,17,1,10,0,21.07,61.76,76.44,38.82,19.971,3.813,83.76,-16.158,0.0
2023-10-31T18:00:00,18,1,10,0,21.37,66.1,0.0,11.74,24.221,0.0,63.87,-20.0,4.221
2023-10-31T19:00:00,19,1,10,0,16.92,61.47,2.28,0.0,24.711,0.0,43.96,-20.0,4.711
2023-10-31T20:00:00,20,1,10,0,16.84,52.61,0.34,13.63,24.588,0.007,23.69,-20.0,4.581
2023-10-31T21:00:00,21,1,10,0,15.1,67.62,0.0,18.55,21.194,0.0,10.16,-13.842,7.352
2023-10-31T22:00:00,22,1,10,0,11.68,62.26,0.41,25.18,18.391,0.0,10.12,-0.0,18.391
2023-10-31T23:00:00,23,1,10,0,11.84,72.41,0.0,44.88,17.694,0.0,10.12,-0.0,17.694
2023-11-01T00:00:00,0,2,11,0,8.5,65.0,0.0,0.0,11.496,0.0,10.08,-0.0,11.496
2023-11-01T01:00:00,1,2,11,0,7.88,51.87,0.0,8.1,11.501,0.0,9.68,-0.0,11.501
2023-11-01T02:00:00,2,2,11,0,8.02,68.33,1.02,10.11,9.443,0.019,10.05,-0.0,9.424
2023-11-01T03:00:00,3,2,11,0,7.66,68.06,1.0,34.52,9.735,0.019,9.94,-0.0,9.716
2023-11-01T04:00:00,4,2,11,0,7.56,61.75,0.33,0.0,11.832,0.023,10.09,-0.0,11.809
2023-11-01T05:00:00,5,2,11,0,8.45,64.78,2.86,22.25,13.759,0.0,9.76,-0.0,13.759
2023-11-01T06:00:00,6,2,11,0,9.24,67.74,0.0,4.51,15.649,0.003,9.7,-0.0,15.646
2023-11-01T07:00:00,7,2,11,0,11.09,62.95,93.43,36.4,18.938,4.761,10.09,-0.0,14.177
2023-11-01T08:00:00,8,2,11,0,12.34,69.49,368.78,16.73,20.262,17.112,9.87,-0.0,3.15
2023-11-01T09:00:00,9,2,11,0,13.89,56.55,555.36,23.93,20.98,25.742,14.06,4.762,0.0
2023-11-01T10:00:00,10,2,11,0,16.79,63.59,743.94,20.98,17.31,37.066,32.4,19.756,0.0
2023-11-01T11:00:00,11,2,11,0,15.18,65.92,889.72,14.75,16.729,43.042,50.93,20.0,0.0
2023-11-01T12:00:00,12,2,11,0,18.29,66.66,796.41,31.89,12.492,40.134,69.53,20.0,0.0
2023-11-01T13:00:00,13,2,11,0,19.29,58.54,1013.15,0.18,13.642,46.426,87.76,20.0,0.0
2023-11-01T14:00:00,14,2,11,0,19.64,56.36,891.67,0.0,14.116,40.12,99.91,13.308,0.0
2023-11-01T15:00:00,15,2,11,0,23.61,53.69,652.97,8.17,15.51,29.769,99.96,0.0,0.0
2023-11-01T16:00:00,16,2,11,0,21.34,55.37,322.78,33.5,15.152,15.877,100.0,0.0,0.0
2023-11-01T17:00:00,17,2,11,0,20.95,56.4,110.18,21.02,19.299,5.511,86.29,-13.788,0.0
2023-11-01T18:00:00,18,2,11,0,18.54,57.86,2.05,31.06,24.054,0.0,66.32,-20.0,4.054
2023-11-01T19:00:00,19,2,11,0,17.67,53.33,2.09,3.19,25.88,0.0,46.47,-20.0,5.88
2023-11-01T20:00:00,20,2,11,0,14.3,75.04,0.51,37.93,25.902,0.0,26.22,-20.0,5.902
2023-11-01T21:00:00,21,2,11,0,13.3,57.7,0.69,36.07,22.088,0.004,10.11,-16.212,5.872
2023-11-01T22:00:00,22,2,11,0,10.85,72.86,1.43,33.33,19.209,0.017,9.68,-0.0,19.192
2023-11-01T23:00:00,23,2,11,0,10.73,62.33,0.0,41.43,15.446,0.026,10.03,-0.0,15.42
2023-11-02T00:00:00,0,3,11,0,6.27,64.51,0.0,32.46,13.07,0.0,9.8,-0.0,13.07
2023-11-02T01:00:00,1,3,11,0,7.86,61.64,0.0,19.7,11.416,0.0,9.91,-0.0,11.416
2023-11-02T02:00:00,2,3,11,0,10.53,60.11,0.44,21.73,10.271,0.0,9.93,-0.0,10.271
2023-11-02T03:00:00,3,3,11,0,8.49,72.66,0.0,30.06,10.054,0.019,10.0,-0.0,10.035
2023-11-02T04:00:00,4,3,11,0,10.1,68.99,0.0,22.7,11.797,0.032,9.91,-0.0,11.765
2023-11-02T05:00:00,5,3,11,0,10.19,61.95,0.0,3.42,14.497,0.024,9.94,-0.0,14.473
2023-11-02T06:00:00,6,3,11,0,10.87,80.01,0.0,28.32,15.571,0.022,10.1,-0.0,15.549
2023-11-02T07:00:00,7,3,11,0,10.82,66.43,109.57,28.44,19.257,5.031,10.01,-0.0,14.226
2023-11-02T08:00:00,8,3,11,0,11.84,63.72,397.19,11.53,21.569,19.314,9.99,-0.0,2.255
2023-11-02T09:00:00,9,3,11,0,15.5,56.91,660.85,4.37,21.696,33.182,20.57,11.486,0.0
2023-11-02T10:00:00,10,3,11,0,16.52,55.32,868.3,1.57,18.296,40.933,38.93,20.0,0.0
2023-11-02T11:00:00,11,3,11,0,19.81,56.8,908.5,14.4,15.743,42.928,57.52,20.0,0.0
2023-11-02T12:00:00,12,3,11,0,19.02,66.24,822.03,28.27,15.193,41.366,75.75,20.0,0.0
2023-11-02T13:00:00,13,3,11,0,22.43,66.83,605.88,54.1,14.577,28.72,89.12,14.143,0.0
2023-11-02T14:00:00,14,3,11,0,20.32,69.77,616.25,41.96,12.743,31.064,100.0,12.197,0.0
2023-11-02T15:00:00,15,3,11,0,21.47,60.03,434.95,48.13,16.125,19.795,100.0,0.0,0.0
2023-11-02T16:00:00,16,3,11,0,22.54,63.77,296.16,33.49,15.698,15.021,99.28,-0.677,0.0
2023-11-02T17:00:00,17,3,11,0,19.23,62.42,95.18,21.8,19.354,4.77,84.82,-14.584,0.0
2023-11-02T18:00:00,18,3,11,0,18.0,66.23,0.0,38.42,22.131,0.027,64.89,-20.0,2.104
2023-11-02T19:00:00,19,3,11,0,16.51,62.85,0.0,53.7,25.245,0.001,44.77,-20.0,5.244
2023-11-02T20:00:00,20,3,11,0,14.35,62.02,0.16,46.01,25.798,0.006,24.68,-20.0,5.792
2023-11-02T21:00:00,21,3,11,0,15.65,62.29,0.0,0.0,24.477,0.021,10.16,-14.739,9.717
2023-11-02T22:00:00,22,3,11,0,12.41,72.47,0.74,44.85,18.985,0.01,10.29,-0.0,18.975
2023-11-02T23:00:00,23,3,11,0,10.6,60.99,2.95,11.4,18.183,0.017,9.78,-0.0,18.166
2023-11-03T00:00:00,0,4,11,0,10.23,67.03,1.87,9.46,10.194,0.0,9.93,-0.0,10.194
2023-11-03T01:00:00,1,4,11,0,6.84,70.44,0.0,0.0,9.597,0.028,9.99,-0.0,9.569
2023-11-03T02:00:00,2,4,11,0,9.72,62.05,0.0,6.73,9.198,0.0,9.95,-0.0,9.198
2023-11-03T03:00:00,3,4,11,0,7.07,61.44,0.0,28.8,10.7,0.022,9.99,-0.0,10.678
2023-11-03T04:00:00,4,4,11,0,9.62,57.47,0.29,7.56,9.437,0.0,9.85,-0.0,9.437
2023-11-03T05:00:00,5,4,11,0,9.84,59.41,0.38,0.0,10.906,0.0,10.14,-0.0,10.906
2023-11-03T06:00:00,6,4,11,0,11.67,66.02,0.26,43.15,17.457,0.0,10.0,-0.0,17.457
2023-11-03T07:00:00,7,4,11,0,10.85,66.75,82.96,31.34,19.02,4.212,10.04,-0.0,14.808
2023-11-03T08:00:00,8,4,11,0,10.0,70.03,265.63,49.37,22.768,12.11,9.96,-0.0,10.658
2023-11-03T09:00:00,9,4,11,0,14.53,62.39,556.22,23.63,21.233,27.977,16.1,6.744,0.0
2023-11-03T10:00:00,10,4,11,0,14.93,65.39,815.44,13.38,18.329,43.308,34.51,20.0,0.0
2023-11-03T11:00:00,11,4,11,0,16.18,60.46,743.75,33.11,16.688,35.371,52.03,18.683,0.0
2023-11-03T12:00:00,12,4,11,0,18.79,69.29,798.3,33.99,14.046,38.244,70.05,20.0,0.0
2023-11-03T13:00:00,13,4,11,0,18.99,65.22,868.48,18.4,12.847,40.343,88.53,20.0,0.0
2023-11-03T14:00:00,14,4,11,0,18.51,67.64,644.25,35.23,14.847,30.996,99.73,12.399,0.0
2023-11-03T15:00:00,15,4,11,0,20.67,57.59,544.74,27.03,14.56,26.318,100.0,0.0,0.0
2023-11-03T16:00:00,16,4,11,0,18.72,60.85,353.91,23.52,17.235,15.583,98.48,-1.652,0.0
2023-11-03T17:00:00,17,4,11,0,19.8,66.95,93.98,40.18,20.441,4.608,82.25,-15.833,0.0
2023-11-03T18:00:00,18,4,11,0,18.31,64.27,0.0,47.61,22.096,0.0,62.41,-20.0,2.096
2023-11-03T19:00:00,19,4,11,0,17.73,58.6,0.0,24.31,24.883,0.0,42.4,-20.0,4.883
2023-11-03T20:00:00,20,4,11,0,15.42,56.52,1.43,3.31,25.436,0.0,22.46,-20.0,5.436
2023-11-03T21:00:00,21,4,11,0,14.62,57.09,0.6,2.56,24.38,0.01,10.08,-12.515,11.855
2023-11-03T22:00:00,22,4,11,0,11.68,61.23,0.0,35.1,18.584,0.0,10.0,-0.0,18.584
2023-11-03T23:00:00,23,4,11,0,12.05,83.74,0.0,52.13,18.591,0.025,10.0,-0.0,18.566
2023-11-04T00:00:00,0,5,11,1,11.59,58.01,0.0,39.63,10.883,0.05,9.79,-0.0,10.833
2023-11-04T01:00:00,1,5,11,1,8.45,62.74,0.0,27.25,13.677,0.0,9.99,-0.0,13.677
2023-11-04T02:00:00,2,5,11,1,8.45,70.75,0.0,28.15,11.395,0.024,10.14,-0.0,11.371
2023-11-04T03:00:00,3,5,11,1,7.97,64.5,0.0,27.3,11.297,0.0,10.02,-0.0,11.297
2023-11-04T04:00:00,4,5,11,1,5.14,64.82,0.0,8.05,11.525,0.008,9.7,-0.0,11.517
2023-11-04T05:00:00,5,5,11,1,6.42,70.78,0.0,27.55,9.193,0.007,10.19,-0.0,9.186
2023-11-04T06:00:00,6,5,11,1,8.64,73.96,0.0,35.67,12.787,0.062,10.2,-0.0,12.725
2023-11-04T07:00:00,7,5,11,1,9.4,66.9,68.04,34.88,14.539,3.446,10.09,-0.0,11.093
2023-11-04T08:00:00,8,5,11,1,10.99,74.23,242.2,49.73,17.613,11.329,10.14,-0.0,6.284
2023-11-04T09:00:00,9,5,11,1,12.0,56.16,580.29,20.29,17.522,27.667,19.41,10.145,0.0
2023-11-04T10:00:00,10,5,11,1,14.1,62.32,667.89,32.72,20.086,31.279,29.73,11.193,0.0
2023-11-04T11:00:00,11,5,11,1,17.2,66.12,752.22,32.72,20.873,35.005,42.55,14.132,0.0
2023-11-04T12:00:00,12,5,11,1,18.28,77.1,556.09,60.6,19.304,23.646,46.75,4.342,0.0
2023-11-04T13:00:00,13,5,11,1,18.81,60.12,645.39,47.31,18.246,32.81,59.69,14.564,0.0
2023-11-04T14:00:00,14,5,11,1,20.22,59.97,479.55,57.33,16.163,22.478,65.81,6.315,0.0
2023-11-04T15:00:00,15,5,11,1,19.63,64.25,510.03,34.26,17.483,24.099,72.06,6.616,0.0
2023-11-04T16:00:00,16,5,11,1,22.56,57.78,398.78,11.44,16.446,20.997,76.33,4.551,0.0
2023-11-04T17:00:00,17,5,11,1,18.16,61.0,75.15,42.57,18.941,3.526,60.76,-15.415,0.0
2023-11-04T18:00:00,18,5,11,1,18.48,58.81,0.41,45.71,16.799,0.0,44.08,-16.799,0.0
2023-11-04T19:00:00,19,5,11,1,17.62,62.07,0.13,40.83,18.591,0.009,25.31,-18.582,0.0
2023-11-04T20:00:00,20,5,11,1,13.64,68.2,1.88,32.66,20.7,0.0,10.1,-15.313,5.387
2023-11-04T21:00:00,21,5,11,1,13.07,65.9,0.3,43.7,21.106,0.0,10.11,-0.0,21.106
2023-11-04T22:00:00,22,5,11,1,10.09,73.65,1.21,34.3,18.894,0.0,9.65,-0.0,18.894
2023-11-04T23:00:00,23,5,11,1,10.06,64.1,0.0,14.08,18.162,0.0,10.12,-0.0,18.162
2023-11-05T00:00:00,0,6,11,1,8.63,67.03,0.23,3.81,12.925,0.0,10.02,-0.0,12.925
2023-11-05T01:00:00,1,6,11,1,9.22,68.08,0.0,23.71,13.807,0.005,10.03,-0.0,13.802
2023-11-05T02:00:00,2,6,11,1,6.54,66.11,1.09,23.48,11.442,0.0,10.13,-0.0,11.442
2023-11-05T03:00:00,3,6,11,1,6.47,76.6,0.38,51.98,11.323,0.0,9.92,-0.0,11.323
2023-11-05T04:00:00,4,6,11,1,7.53,58.01,2.36,0.27,11.175,0.038,10.0,-0.0,11.137
2023-11-05T05:00:00,5,6,11,1,8.58,64.15,0.0,22.93,11.508,0.0,10.01,-0.0,11.508
2023-11-05T06:00:00,6,6,11,1,8.8,66.99,0.0,37.98,13.63,0.018,10.06,-0.0,13.612
2023-11-05T07:00:00,7,6,11,1,10.73,66.87,84.64,17.72,15.04,4.188,9.68,-0.0,10.852
2023-11-05T08:00:00,8,6,11,1,12.34,68.06,333.04,23.32,16.842,16.155,10.1,-0.0,0.687
2023-11-05T09:00:00,9,6,11,1,15.87,59.14,571.71,25.0,15.21,28.284,22.13,13.074,0.0
2023-11-05T10:00:00,10,6,11,1,13.47,60.16,685.78,27.68,17.626,31.801,34.87,14.175,0.0
2023-11-05T11:00:00,11,6,11,1,15.25,61.33,961.51,7.47,18.361,46.118,53.36,20.0,0.0
2023-11-05T12:00:00,12,6,11,1,22.24,48.28,1064.51,0.0,17.079,50.0,72.04,20.0,0.0
2023-11-05T13:00:00,13,6,11,1,18.93,63.86,993.55,6.87,17.067,46.502,90.12,20.0,0.0
2023-11-05T14:00:00,14,6,11,1,16.97,57.75,874.39,0.0,18.124,44.743,100.0,10.577,0.0
2023-11-05T15:00:00,15,6,11,1,19.77,54.02,583.13,16.97,17.18,29.587,99.86,0.0,0.0
2023-11-05T16:00:00,16,6,11,1,16.21,53.34,416.5,0.0,17.913,19.849,100.0,0.0,0.0
2023-11-05T17:00:00,17,6,11,1,19.8,59.97,108.54,7.31,18.448,5.174,86.58,-13.274,0.0
2023-11-05T18:00:00,18,6,11,1,19.33,60.7,0.51,11.33,19.534,0.0,67.32,-19.534,0.0
2023-11-05T19:00:00,19,6,11,1,16.26,59.45,0.0,26.92,19.413,0.015,47.83,-19.398,0.0
2023-11-05T20:00:00,20,6,11,1,14.93,61.17,0.0,11.66,21.195,0.0,27.83,-20.0,1.195
2023-11-05T21:00:00,21,6,11,1,14.5,56.17,0.56,10.62,18.619,0.0,9.85,-17.794,0.825
2023-11-05T22:00:00,22,6,11,1,9.95,63.1,0.0,11.06,19.556,0.0,10.0,-0.0,19.556
2023-11-05T23:00:00,23,6,11,1,8.95,71.14,0.68,3.22,17.757,0.0,9.88,-0.0,17.757
2023-11-06T00:00:00,0,0,11,0,8.95,78.81,0.0,32.48,12.727,0.0,9.87,-0.0,12.727
2023-11-06T01:00:00,1,0,11,0,7.49,63.02,0.0,0.0,10.984,0.014,10.2,-0.0,10.97
2023-11-06T02:00:00,2,0,11,0,6.61,69.22,0.24,16.64,9.435,0.036,10.43,-0.0,9.399
2023-11-06T03:00:00,3,0,11,0,5.77,68.77,0.25,11.9,9.91,0.0,9.89,-0.0,9.91
2023-11-06T04:00:00,4,0,11,0,6.72,61.65,1.05,38.32,8.839,0.0,10.06,-0.0,8.839
2023-11-06T05:00:00,5,0,11,0,7.7,62.08,0.0,25.75,13.469,0.0,10.14,-0.0,13.469
2023-11-06T06:00:00,6,0,11,0,9.56,52.08,0.67,4.77,15.002,0.001,9.91,-0.0,15.001
2023-11-06T07:00:00,7,0,11,0,11.32,67.22,98.03,19.99,18.755,4.718,9.87,-0.0,14.037
2023-11-06T08:00:00,8,0,11,0,12.09,75.23,335.37,26.32,19.17,15.328,10.0,-0.0,3.842
2023-11-06T09:00:00,9,0,11,0,12.01,71.54,537.54,30.75,18.988,24.728,15.28,5.74,0.0
2023-11-06T10:00:00,10,0,11,0,15.02,65.42,656.1,35.07,20.37,32.88,26.41,12.51,0.0
2023-11-06T11:00:00,11,0,11,0,16.23,61.33,876.84,16.91,14.639,44.672,45.23,20.0,0.0
2023-11-06T12:00:00,12,0,11,0,17.54,59.19,945.24,16.01,15.506,43.202,63.71,20.0,0.0
2023-11-06T13:00:00,13,0,11,0,21.81,63.11,950.92,10.74,12.733,46.517,82.06,20.0,0.0
2023-11-06T14:00:00,14,0,11,0,18.59,60.85,802.35,11.98,12.821,36.458,99.96,19.576,0.0
2023-11-06T15:00:00,15,0,11,0,21.88,56.48,678.0,0.0,14.937,34.421,99.78,0.0,0.0
2023-11-06T16:00:00,16,0,11,0,21.8,50.84,420.43,1.01,16.654,20.169,100.0,0.0,0.0
2023-11-06T17:00:00,17,0,11,0,19.4,60.55,110.08,0.1,18.796,5.75,86.84,-13.046,0.0
2023-11-06T18:00:00,18,0,11,0,16.64,60.46,0.0,14.4,22.986,0.001,66.91,-20.0,2.985
2023-11-06T19:00:00,19,0,11,0,14.19,62.38,1.1,0.0,24.69,0.011,46.96,-20.0,4.679
2023-11-06T20:00:00,20,0,11,0,16.71,64.0,0.0,0.0,26.878,0.0,27.07,-20.0,6.878
2023-11-06T21:00:00,21,0,11,0,12.58,53.11,0.0,0.0,25.204,0.0,10.16,-16.954,8.25
2023-11-06T22:00:00,22,0,11,0,10.65,60.87,1.88,0.0,20.607,0.008,10.03,-0.0,20.599
2023-11-06T23:00:00,23,0,11,0,12.37,60.19,0.0,6.65,15.08,0.0,10.0,-0.0,15.08
2023-11-07T00:00:00,0,1,11,0,8.0,62.22,0.0,7.07,12.455,0.0,10.12,-0.0,12.455
2023-11-07T01:00:00,1,1,11,0,7.85,59.34,0.0,6.96,10.319,0.0,9.87,-0.0,10.319
2023-11-07T02:00:00,2,1,11,0,7.33,61.47,0.0,6.29,9.497,0.0,9.9,-0.0,9.497
2023-11-07T03:00:00,3,1,11,0,6.12,59.56,0.55,1.41,10.646,0.0,10.22,-0.0,10.646
2023-11-07T04:00:00,4,1,11,0,6.98,68.96,0.74,3.19,10.587,0.0,10.22,-0.0,10.587
2023-11-07T05:00:00,5,1,11,0,10.01,64.58,0.0,0.0,12.41,0.0,9.74,-0.0,12.41
2023-11-07T06:00:00,6,1,11,0,9.1,64.73,1.39,0.0,15.538,0.027,9.93,-0.0,15.511
2023-11-07T07:00:00,7,1,11,0,10.77,53.15,102.56,3.39,18.182,5.044,10.14,-0.0,13.138
2023-11-07T08:00:00,8,1,11,0,13.64,70.83,377.85,2.55,20.018,17.078,10.06,-0.0,2.94
2023-11-07T09:00:00,9,1,11,0,13.21,62.5,568.74,24.07,19.791,27.986,17.52,8.195,0.0
2023-11-07T10:00:00,10,1,11,0,11.88,71.97,822.07,10.55,17.231,39.404,35.76,20.0,0.0
2023-11-07T11:00:00,11,1,11,0,14.51,66.76,878.12,18.64,15.762,43.632,54.26,20.0,0.0
2023-11-07T12:00:00,12,1,11,0,19.82,59.81,868.67,24.45,15.32,41.767,72.61,20.0,0.0
2023-11-07T13:00:00,13,1,11,0,16.78,73.4,809.72,28.05,13.924,40.789,91.34,20.0,0.0
2023-11-07T14:00:00,14,1,11,0,20.06,63.72,734.24,24.76,14.473,35.95,99.89,9.631,0.0
2023-11-07T15:00:00,15,1,11,0,20.15,60.7,511.82,31.5,15.959,25.515,100.0,0.0,0.0
2023-11-07T16:00:00,16,1,11,0,21.15,56.25,382.81,10.93,16.298,18.128,100.0,0.0,0.0
2023-11-07T17:00:00,17,1,11,0,18.96,67.36,87.57,29.54,19.924,4.139,84.2,-15.785,0.0
2023-11-07T18:00:00,18,1,11,0,17.15,61.79,0.0,38.02,23.222,0.008,64.21,-20.0,3.214
2023-11-07T19:00:00,19,1,11,0,16.57,57.19,0.0,0.0,25.183,0.0,44.02,-20.0,5.183
2023-11-07T20:00:00,20,1,11,0,14.92,59.51,0.22,16.71,24.137,0.031,24.16,-20.0,4.106
2023-11-07T21:00:00,21,1,11,0,12.99,59.15,0.0,12.49,21.942,0.0,9.95,-14.215,7.727
2023-11-07T22:00:00,22,1,11,0,13.32,59.39,0.0,13.25,20.592,0.032,9.91,-0.0,20.56
2023-11-07T23:00:00,23,1,11,0,8.48,74.52,0.91,14.13,14.796,0.0,10.21,-0.0,14.796
2023-11-08T00:00:00,0,2,11,0,8.56,71.6,0.0,20.48,13.909,0.005,10.29,-0.0,13.904
2023-11-08T01:00:00,1,2,11,0,8.01,64.97,0.0,0.0,10.206,0.0,10.15,-0.0,10.206
2023-11-08T02:00:00,2,2,11,0,6.5,61.89,1.15,0.0,8.184,0.0,10.23,-0.0,8.184
2023-11-08T03:00:00,3,2,11,0,8.6,60.71,0.39,0.0,9.263,0.028,9.91,-0.0,9.235
2023-11-08T04:00:00,4,2,11,0,7.03,65.77,0.3,21.79,7.982,0.0,9.97,-0.0,7.982
2023-11-08T05:00:00,5,2,11,0,8.32,72.94,0.0,2.5,10.401,0.019,9.87,-0.0,10.382
2023-11-08T06:00:00,6,2,11,0,10.3,66.2,0.25,14.75,15.59,0.001,10.02,-0.0,15.589
2023-11-08T07:00:00,7,2,11,0,10.29,66.62,76.82,2.26,17.444,3.62,9.87,-0.0,13.824
2023-11-08T08:00:00,8,2,11,0,10.67,63.87,396.99,3.57,19.465,18.716,9.84,-0.0,0.749
2023-11-08T09:00:00,9,2,11,0,12.27,57.02,671.81,0.0,20.158,31.633,20.15,11.475,0.0
2023-11-08T10:00:00,10,2,11,0,16.4,59.69,902.58,0.0,17.522,42.461,39.03,20.0,0.0
2023-11-08T11:00:00,11,2,11,0,17.38,57.49,810.04,28.17,15.851,39.957,57.53,20.0,0.0
2023-11-08T12:00:00,12,2,11,0,16.99,64.83,1083.52,0.0,14.596,50.0,75.92,20.0,0.0
2023-11-08T13:00:00,13,2,11,0,19.33,53.82,1026.37,0.0,14.054,48.561,94.27,20.0,0.0
2023-11-08T14:00:00,14,2,11,0,17.0,55.99,895.74,0.0,14.904,41.638,100.0,6.351,0.0
2023-11-08T15:00:00,15,2,11,0,19.54,62.88,633.42,9.11,15.945,29.052,99.95,0.0,0.0
2023-11-08T16:00:00,16,2,11,0,20.9,53.21,422.54,0.0,16.642,21.507,99.76,0.0,0.0
2023-11-08T17:00:00,17,2,11,0,18.92,56.7,98.29,0.0,20.005,4.878,84.71,-15.127,0.0
2023-11-08T18:00:00,18,2,11,0,18.57,45.82,0.76,6.78,20.105,0.0,64.83,-20.0,0.105
2023-11-08T19:00:00,19,2,11,0,12.04,59.97,0.0,0.0,25.049,0.012,44.55,-20.0,5.037
2023-11-08T20:00:00,20,2,11,0,15.69,64.9,0.0,15.75,27.114,0.0,24.96,-20.0,7.114
2023-11-08T21:00:00,21,2,11,0,13.45,57.98,1.18,2.04,22.363,0.0,10.06,-14.873,7.49
2023-11-08T22:00:00,22,2,11,0,12.01,64.39,2.78,0.0,19.999,0.0,10.08,-0.0,19.999
2023-11-08T23:00:00,23,2,11,0,10.66,65.01,2.24,18.4,16.828,0.012,10.14,-0.0,16.816
2023-11-09T00:00:00,0,3,11,0,7.65,73.98,0.0,30.32,11.261,0.0,9.73,-0.0,11.261
2023-11-09T01:00:00,1,3,11,0,7.76,64.41,1.88,27.69,11.446,0.008,9.88,-0.0,11.438
2023-11-09T02:00:00,2,3,11,0,6.24,64.87,0.0,8.7,9.625,0.0,9.83,-0.0,9.625
2023-11-09T03:00:00,3,3,11,0,6.06,60.34,2.7,18.79,9.316,0.003,9.91,-0.0,9.313
2023-11-09T04:00:00,4,3,11,0,5.37,67.87,0.0,20.52,9.906,0.027,9.89,-0.0,9.879
2023-11-09T05:00:00,5,3,11,0,5.19,66.03,0.0,18.65,11.32,0.0,9.68,-0.0,11.32
2023-11-09T06:00:00,6,3,11,0,7.61,71.62,0.0,18.68,14.375,0.01,10.1,-0.0,14.365
2023-11-09T07:00:00,7,3,11,0,12.93,58.47,108.97,3.36,18.626,5.405,10.2,-0.0,13.221
2023-11-09T08:00:00,8,3,11,0,11.84,59.57,426.61,0.0,21.202,18.802,9.89,-0.0,2.4
2023-11-09T09:00:00,9,3,11,0,13.28,61.11,563.28,23.96,19.678,26.991,16.63,7.313,0.0
2023-11-09T10:00:00,10,3,11,0,14.39,60.42,903.32,0.0,16.95,41.584,35.25,20.0,0.0
2023-11-09T11:00:00,11,3,11,0,14.35,70.25,1030.02,0.0,18.125,47.275,53.52,20.0,0.0
2023-11-09T12:00:00,12,3,11,0,18.92,40.31,1081.79,0.0,15.136,50.0,72.01,20.0,0.0
2023-11-09T13:00:00,13,3,11,0,15.37,64.24,760.33,31.57,12.299,36.523,90.18,20.0,0.0
2023-11-09T14:00:00,14,3,11,0,18.27,68.62,688.92,30.65,14.553,33.65,100.0,10.513,0.0
2023-11-09T15:00:00,15,3,11,0,20.12,61.2,452.47,44.22,15.266,22.05,100.0,0.0,0.0
2023-11-09T16:00:00,16,3,11,0,20.32,64.09,338.63,29.51,20.433,15.784,95.28,-4.649,0.0
2023-11-09T17:00:00,17,3,11,0,17.69,66.86,88.1,16.69,19.82,4.2,79.72,-15.62,0.0
2023-11-09T18:00:00,18,3,11,0,15.45,63.67,0.0,35.66,25.3,0.022,59.41,-20.0,5.278
2023-11-09T19:00:00,19,3,11,0,15.92,61.72,0.0,36.92,25.091,0.0,39.69,-20.0,5.091
2023-11-09T20:00:00,20,3,11,0,12.97,71.5,1.41,38.39,24.679,0.0,19.74,-20.0,4.679
2023-11-09T21:00:00,21,3,11,0,11.89,64.68,1.85,3.6,21.71,0.008,9.94,-9.731,11.971
2023-11-09T22:00:00,22,3,11,0,13.7,64.21,0.0,25.75,20.419,0.025,9.87,-0.0,20.394
2023-11-09T23:00:00,23,3,11,0,8.44,66.62,2.46,0.0,15.566,0.046,10.21,-0.0,15.52
2023-11-10T00:00:00,0,4,11,0,8.19,68.49,0.0,0.0,11.243,0.0,10.19,-0.0,11.243
2023-11-10T01:00:00,1,4,11,0,7.6,66.39,0.0,17.58,11.516,0.013,10.01,-0.0,11.503
2023-11-10T02:00:00,2,4,11,0,8.44,65.08,3.8,0.0,9.771,0.0,10.05,-0.0,9.771
2023-11-10T03:00:00,3,4,11,0,5.02,68.05,0.55,0.0,10.025,0.0,9.73,-0.0,10.025
2023-11-10T04:00:00,4,4,11,0,7.8,62.74,0.0,7.59,9.078,0.0,9.83,-0.0,9.078
2023-11-10T05:00:00,5,4,11,0,6.92,70.5,0.4,1.12,9.656,0.0,9.93,-0.0,9.656
2023-11-10T06:00:00,6,4,11,0,8.11,61.65,1.06,20.46,16.894,0.002,9.84,-0.0,16.892
2023-11-10T07:00:00,7,4,11,0,7.8,71.19,45.28,52.89,20.441,2.232,10.15,-0.0,18.209
2023-11-10T08:00:00,8,4,11,0,7.78,76.8,229.1,60.31,20.86,11.366,9.91,-0.0,9.494
2023-11-10T09:00:00,9,4,11,0,13.44,63.8,389.83,55.2,20.214,18.573,9.82,-0.0,1.641
2023-11-10T10:00:00,10,4,11,0,15.03,73.86,461.25,63.78,16.408,22.187,15.62,5.779,0.0
2023-11-10T11:00:00,11,4,11,0,16.32,64.11,808.29,26.27,15.017,37.146,33.99,20.0,0.0
2023-11-10T12:00:00,12,4,11,0,16.15,67.62,977.56,11.19,17.008,48.172,52.23,20.0,0.0
2023-11-10T13:00:00,13,4,11,0,20.18,65.13,762.36,33.11,16.089,36.114,70.23,20.0,0.0
2023-11-10T14:00:00,14,4,11,0,19.07,68.0,382.02,74.04,14.587,17.678,73.58,3.091,0.0
2023-11-10T15:00:00,15,4,11,0,20.13,65.01,442.81,44.8,12.855,20.619,80.72,7.764,0.0
2023-11-10T16:00:00,16,4,11,0,19.98,66.18,262.86,50.86,17.149,13.682,76.78,-3.467,0.0
2023-11-10T17:00:00,17,4,11,0,20.31,74.61,72.99,49.76,19.158,3.467,61.01,-15.691,0.0
2023-11-10T18:00:00,18,4,11,0,16.96,68.55,0.51,61.69,22.528,0.008,41.26,-20.0,2.52
2023-11-10T19:00:00,19,4,11,0,15.73,66.93,1.92,53.81,25.528,0.005,21.4,-20.0,5.523
2023-11-10T20:00:00,20,4,11,0,12.95,66.57,0.0,43.17,27.655,0.024,10.21,-11.345,16.286
2023-11-10T21:00:00,21,4,11,0,14.74,68.31,0.0,48.51,23.146,0.038,9.72,-0.0,23.108
2023-11-10T22:00:00,22,4,11,0,10.52,59.83,0.0,20.57,20.546,0.0,10.27,-0.0,20.546
2023-11-10T23:00:00,23,4,11,0,9.97,65.44,0.0,30.9,17.045,0.0,9.75,-0.0,17.045
2023-11-11T00:00:00,0,5,11,1,12.03,60.03,0.06,23.36,13.129,0.0,10.13,-0.0,13.129
2023-11-11T01:00:00,1,5,11,1,7.16,64.77,0.0,32.79,12.632,0.0,10.0,-0.0,12.632
2023-11-11T02:00:00,2,5,11,1,4.64,73.46,0.44,25.27,10.675,0.0,10.19,-0.0,10.675
2023-11-11T03:00:00,3,5,11,1,6.47,72.07,0.95,48.62,9.221,0.0,10.06,-0.0,9.221
2023-11-11T04:00:00,4,5,11,1,5.25,67.09,0.0,36.56,12.651,0.0,9.99,-0.0,12.651
2023-11-11T05:00:00,5,5,11,1,7.17,67.71,0.0,28.04,10.068,0.014,10.1,-0.0,10.054
2023-11-11T06:00:00,6,5,11,1,6.94,69.85,0.0,44.69,13.421,0.015,9.88,-0.0,13.406
2023-11-11T07:00:00,7,5,11,1,8.65,67.53,70.82,25.52,16.701,3.413,9.98,-0.0,13.288
2023-11-11T08:00:00,8,5,11,1,8.35,60.37,301.77,28.65,16.664,15.525,9.8,-0.0,1.139
2023-11-11T09:00:00,9,5,11,1,14.67,58.05,571.7,22.51,18.279,27.184,18.3,8.905,0.0
2023-11-11T10:00:00,10,5,11,1,14.37,55.61,781.97,16.79,19.185,37.539,35.25,18.354,0.0
2023-11-11T11:00:00,11,5,11,1,16.41,58.56,824.58,25.93,20.157,38.121,51.67,17.964,0.0
2023-11-11T12:00:00,12,5,11,1,18.6,58.27,874.47,26.13,20.157,40.979,70.04,20.0,0.0
2023-11-11T13:00:00,13,5,11,1,19.57,52.27,1056.95,0.0,16.461,50.0,88.36,20.0,0.0
2023-11-11T14:00:00,14,5,11,1,19.24,61.47,878.01,0.21,18.735,43.462,100.0,12.603,0.0
2023-11-11T15:00:00,15,5,11,1,19.7,67.58,665.87,6.76,16.707,32.3,99.99,0.0,0.0
2023-11-11T16:00:00,16,5,11,1,18.74,63.67,371.76,11.03,15.948,18.363,99.77,0.0,0.0
2023-11-11T17:00:00,17,5,11,1,19.45,58.16,62.57,23.23,16.208,2.898,86.77,-13.31,0.0
2023-11-11T18:00:00,18,5,11,1,19.3,62.26,0.0,24.14,18.673,0.007,68.03,-18.666,0.0
2023-11-11T19:00:00,19,5,11,1,16.48,61.61,0.0,18.75,18.696,0.0,49.64,-18.696,0.0
2023-11-11T20:00:00,20,5,11,1,14.03,61.9,1.36,29.75,19.739,0.0,29.59,-19.739,0.0
2023-11-11T21:00:00,21,5,11,1,14.71,70.87,1.47,27.59,19.187,0.0,10.2,-19.187,0.0
2023-11-11T22:00:00,22,5,11,1,10.5,75.99,0.0,23.55,18.395,0.0,10.25,-0.402,17.993
2023-11-11T23:00:00,23,5,11,1,11.09,56.8,1.04,13.67,17.605,0.0,10.05,-0.0,17.605
2023-11-12T00:00:00,0,6,11,1,9.23,72.68,2.06,15.71,13.989,0.0,9.91,-0.0,13.989
2023-11-12T01:00:00,1,6,11,1,6.38,65.36,1.81,24.15,13.169,0.004,10.34,-0.0,13.165
2023-11-12T02:00:00,2,6,11,1,5.4,65.04,0.31,7.51,12.802,0.0,10.0,-0.0,12.802
2023-11-12T03:00:00,3,6,11,1,5.86,67.56,0.0,7.79,10.423,0.001,9.92,-0.0,10.422
2023-11-12T04:00:00,4,6,11,1,6.0,72.72,0.0,0.54,10.087,0.0,10.14,-0.0,10.087
2023-11-12T05:00:00,5,6,11,1,4.94,68.95,0.0,13.73,11.647,0.012,10.14,-0.0,11.635
2023-11-12T06:00:00,6,6,11,1,6.81,66.86,0.0,2.3,12.561,0.009,10.14,-0.0,12.552
2023-11-12T07:00:00,7,6,11,1,10.29,66.81,93.09,0.0,13.257,4.438,10.2,-0.0,8.819
2023-11-12T08:00:00,8,6,11,1,12.65,68.11,362.96,12.08,15.997,17.066,10.7,1.069,0.0
2023-11-12T09:00:00,9,6,11,1,13.87,64.66,609.15,10.2,18.369,28.439,20.37,10.07,0.0
2023-11-12T10:00:00,10,6,11,1,11.8,66.8,898.62,0.0,19.849,44.535,38.66,20.0,0.0
2023-11-12T11:00:00,11,6,11,1,17.02,55.85,1035.36,0.0,18.766,47.085,57.07,20.0,0.0
2023-11-12T12:00:00,12,6,11,1,16.72,50.33,1074.35,0.0,19.847,50.0,75.37,20.0,0.0
2023-11-12T13:00:00,13,6,11,1,20.49,66.05,1012.91,0.0,18.039,48.018,93.78,20.0,0.0
2023-11-12T14:00:00,14,6,11,1,19.04,53.53,832.78,6.6,14.665,38.004,99.96,6.687,0.0
2023-11-12T15:00:00,15,6,11,1,18.38,59.03,575.58,24.06,15.276,27.249,100.0,0.0,0.0
2023-11-12T16:00:00,16,6,11,1,18.68,60.24,322.19,26.5,17.227,15.516,97.96,-1.711,0.0
2023-11-12T17:00:00,17,6,11,1,19.05,55.63,74.15,2.84,15.397,3.687,86.69,-11.71,0.0
2023-11-12T18:00:00,18,6,11,1,18.37,58.86,1.71,29.29,16.92,0.0,69.81,-16.92,0.0
2023-11-12T19:00:00,19,6,11,1,15.52,64.46,0.0,16.56,17.632,0.027,52.12,-17.605,0.0
2023-11-12T20:00:00,20,6,11,1,16.32,61.59,0.0,0.0,19.423,0.0,32.72,-19.423,0.0
2023-11-12T21:00:00,21,6,11,1,13.76,65.82,0.0,13.95,19.449,0.003,13.33,-19.446,0.0
2023-11-12T22:00:00,22,6,11,1,11.8,65.46,0.0,6.42,16.191,0.0,10.04,-3.185,13.006
2023-11-12T23:00:00,23,6,11,1,7.64,66.64,1.07,31.52,17.558,0.0,10.33,-0.0,17.558
2023-11-13T00:00:00,0,0,11,0,9.03,62.23,0.75,7.24,11.965,0.0,10.0,-0.0,11.965
2023-11-13T01:00:00,1,0,11,0,5.58,73.89,1.4,21.09,9.495,0.016,10.15,-0.0,9.479
2023-11-13T02:00:00,2,0,11,0,6.49,64.62,0.0,17.33,10.171,0.019,9.87,-0.0,10.152
2023-11-13T03:00:00,3,0,11,0,5.06,64.57,1.98,12.42,9.025,0.0,9.98,-0.0,9.025
2023-11-13T04:00:00,4,0,11,0,4.84,74.19,0.0,26.68,9.612,0.003,10.17,-0.0,9.609
2023-11-13T05:00:00,5,0,11,0,9.13,70.7,1.17,50.72,10.882,0.017,9.98,-0.0,10.865
2023-11-13T06:00:00,6,0,11,0,6.11,68.52,0.0,41.38,15.46,0.0,9.92,-0.0,15.46
2023-11-13T07:00:00,7,0,11,0,10.64,65.48,57.25,37.42,18.888,2.815,10.05,-0.0,16.073
2023-11-13T08:00:00,8,0,11,0,11.56,71.49,326.24,26.88,20.843,16.955,10.01,-0.0,3.888
2023-11-13T09:00:00,9,0,11,0,11.57,65.98,619.02,8.08,19.957,29.152,18.32,9.195,0.0
2023-11-13T10:00:00,10,0,11,0,13.83,63.34,816.28,10.39,17.699,38.091,36.8,20.0,0.0
2023-11-13T11:00:00,11,0,11,0,13.5,57.74,882.22,18.64,15.082,38.56,55.29,20.0,0.0
2023-11-13T12:00:00,12,0,11,0,16.93,65.24,807.72,34.28,12.155,35.966,73.3,20.0,0.0
2023-11-13T13:00:00,13,0,11,0,16.92,60.18,932.51,15.66,14.062,46.984,92.07,20.0,0.0
2023-11-13T14:00:00,14,0,11,0,19.36,52.99,904.48,0.0,13.211,43.151,99.86,8.631,0.0
2023-11-13T15:00:00,15,0,11,0,20.35,56.44,557.68,16.23,16.181,25.703,99.96,0.0,0.0
2023-11-13T16:00:00,16,0,11,0,19.12,61.17,390.69,0.0,17.041,18.755,99.81,0.0,0.0
2023-11-13T17:00:00,17,0,11,0,16.67,67.36,122.73,14.07,20.533,6.427,85.84,-14.106,0.0
2023-11-13T18:00:00,18,0,11,0,18.59,56.67,0.62,26.51,22.379,0.0,66.16,-20.0,2.379
2023-11-13T19:00:00,19,0,11,0,15.49,62.76,0.0,51.55,26.512,0.014,45.74,-20.0,6.498
2023-11-13T20:00:00,20,0,11,0,14.66,68.13,0.0,30.14,24.3,0.008,25.79,-20.0,4.292
2023-11-13T21:00:00,21,0,11,0,13.49,61.73,0.0,19.97,22.958,0.006,9.94,-15.894,7.058
2023-11-13T22:00:00,22,0,11,0,10.75,71.65,0.0,44.01,18.445,0.019,9.68,-0.0,18.426
2023-11-13T23:00:00,23,0,11,0,8.04,67.91,0.0,41.68,17.227,0.021,9.74,-0.0,17.206
2023-11-14T00:00:00,0,1,11,0,10.38,74.2,0.0,58.82,13.847,0.012,10.08,-0.0,13.835
2023-11-14T01:00:00,1,1,11,0,7.51,62.82,0.04,37.47,11.334,0.0,9.91,-0.0,11.334
2023-11-14T02:00:00,2,1,11,0,5.72,74.0,1.97,41.32,8.483,0.0,10.27,-0.0,8.483
2023-11-14T03:00:00,3,1,11,0,5.76,59.32,1.66,31.87,9.113,0.007,9.86,-0.0,9.106
2023-11-14T04:00:00,4,1,11,0,7.73,77.24,0.35,57.77,13.825,0.001,10.28,-0.0,13.824
2023-11-14T05:00:00,5,1,11,0,6.58,73.45,0.0,60.27,13.178,0.003,9.74,-0.0,13.175
2023-11-14T06:00:00,6,1,11,0,5.69,69.58,3.09,15.31,14.63,0.034,9.97,-0.0,14.596
2023-11-14T07:00:00,7,1,11,0,8.09,70.13,66.41,34.63,20.177,3.128,9.86,-0.0,17.049
2023-11-14T08:00:00,8,1,11,0,12.81,57.27,292.16,30.93,21.267,14.913,10.11,-0.0,6.354
2023-11-14T09:00:00,9,1,11,0,13.66,74.04,441.07,43.48,22.986,21.555,9.9,-0.0,1.431
2023-11-14T10:00:00,10,1,11,0,13.34,63.58,847.15,6.97,17.519,41.068,28.32,20.0,0.0
2023-11-14T11:00:00,11,1,11,0,18.11,62.74,1008.54,4.79,15.023,47.937,46.78,20.0,0.0
2023-11-14T12:00:00,12,1,11,0,18.33,59.34,802.61,34.81,14.263,37.739,65.58,20.0,0.0
2023-11-14T13:00:00,13,1,11,0,17.64,62.52,890.46,18.78,13.69,41.236,83.81,20.0,0.0
2023-11-14T14:00:00,14,1,11,0,18.23,54.02,796.98,15.97,13.491,40.025,99.93,17.826,0.0
2023-11-14T15:00:00,15,1,11,0,19.51,63.16,487.43,32.95,13.71,22.075,99.85,0.0,0.0
2023-11-14T16:00:00,16,1,11,0,17.92,56.53,345.7,19.27,16.046,16.383,99.87,0.0,0.0
2023-11-14T17:00:00,17,1,11,0,17.24,84.54,83.72,5.21,20.294,4.143,83.68,-16.151,0.0
2023-11-14T18:00:00,18,1,11,0,17.58,62.73,1.02,7.8,22.7,0.018,64.0,-20.0,2.682
2023-11-14T19:00:00,19,1,11,0,13.78,71.13,0.89,25.73,24.899,0.0,43.74,-20.0,4.899
2023-11-14T20:00:00,20,1,11,0,12.66,66.25,0.0,41.73,24.075,0.0,24.03,-20.0,4.075
2023-11-14T21:00:00,21,1,11,0,12.1,68.07,0.38,30.19,23.757,0.013,10.18,-13.849,9.895
2023-11-14T22:00:00,22,1,11,0,12.4,69.94,0.0,26.86,21.218,0.009,9.97,-0.0,21.209
2023-11-14T23:00:00,23,1,11,0,7.04,64.1,3.12,34.25,15.641,0.0,9.77,-0.0,15.641
2023-11-15T00:00:00,0,2,11,0,7.57,70.3,0.0,64.2,11.255,0.0,10.11,-0.0,11.255
2023-11-15T01:00:00,1,2,11,0,5.84,74.48,0.0,30.89,9.937,0.0,9.81,-0.0,9.937
2023-11-15T02:00:00,2,2,11,0,6.71,66.41,0.0,19.93,11.03,0.017,10.0,-0.0,11.013
2023-11-15T03:00:00,3,2,11,0,4.81,69.62,0.0,52.04,11.004,0.0,10.22,-0.0,11.004
2023-11-15T04:00:00,4,2,11,0,8.87,66.98,1.01,45.43,10.63,0.012,9.63,-0.0,10.618
2023-11-15T05:00:00,5,2,11,0,7.85,63.77,0.0,40.0,10.97,0.009,9.96,-0.0,10.961
2023-11-15T06:00:00,6,2,11,0,7.72,56.91,0.06,18.34,15.91,0.0,9.9,-0.0,15.91
2023-11-15T07:00:00,7,2,11,0,8.96,58.36,62.39,23.81,19.424,2.736,9.93,-0.0,16.688
2023-11-15T08:00:00,8,2,11,0,10.52,64.32,362.13,11.23,21.499,17.676,9.79,-0.0,3.823
2023-11-15T09:00:00,9,2,11,0,12.63,70.18,473.22,37.13,18.949,22.723,13.78,3.774,0.0
2023-11-15T10:00:00,10,2,11,0,11.78,78.45,704.88,27.54,16.219,33.179,29.1,16.96,0.0
2023-11-15T11:00:00,11,2,11,0,14.51,60.56,1015.04,3.62,13.518,49.17,47.17,20.0,0.0
2023-11-15T12:00:00,12,2,11,0,17.78,58.41,723.44,42.63,15.61,35.844,65.93,20.0,0.0
2023-11-15T13:00:00,13,2,11,0,20.33,59.93,872.65,20.36,15.42,40.602,84.44,20.0,0.0
2023-11-15T14:00:00,14,2,11,0,15.56,64.88,822.57,11.51,12.497,41.421,99.99,17.092,0.0
2023-11-15T15:00:00,15,2,11,0,20.12,62.61,681.87,2.19,14.07,34.043,100.0,0.0,0.0
2023-11-15T16:00:00,16,2,11,0,17.9,67.61,314.42,30.59,15.701,15.288,99.27,-0.413,0.0
2023-11-15T17:00:00,17,2,11,0,15.1,68.96,42.38,41.32,20.448,1.947,81.26,-18.501,0.0
2023-11-15T18:00:00,18,2,11,0,14.07,64.22,1.08,21.9,23.078,0.018,61.05,-20.0,3.06
2023-11-15T19:00:00,19,2,11,0,13.9,66.72,0.0,16.52,27.23,0.0,40.95,-20.0,7.23
2023-11-15T20:00:00,20,2,11,0,14.48,61.96,1.12,50.99,25.213,0.0,21.2,-20.0,5.213
2023-11-15T21:00:00,21,2,11,0,12.06,51.82,0.2,1.94,21.509,0.0,10.12,-11.086,10.423
2023-11-15T22:00:00,22,2,11,0,11.4,72.39,0.0,0.0,18.638,0.026,10.23,-0.0,18.612
2023-11-15T23:00:00,23,2,11,0,8.65,64.24,0.2,6.87,15.572,0.0,10.22,-0.0,15.572
2023-11-16T00:00:00,0,3,11,0,5.84,67.65,0.17,0.0,13.113,0.0,10.01,-0.0,13.113
2023-11-16T01:00:00,1,3,11,0,5.82,50.99,0.0,0.0,13.066,0.003,9.76,-0.0,13.063
2023-11-16T02:00:00,2,3,11,0,5.56,74.64,2.06,11.85,10.669,0.0,9.73,-0.0,10.669
2023-11-16T03:00:00,3,3,11,0,5.71,73.87,1.81,20.24,9.092,0.041,9.74,-0.0,9.051
2023-11-16T04:00:00,4,3,11,0,4.85,63.53,0.0,38.83,10.743,0.0,9.93,-0.0,10.743
2023-11-16T05:00:00,5,3,11,0,7.27,67.54,0.0,32.8,10.483,0.016,10.04,-0.0,10.467
2023-11-16T06:00:00,6,3,11,0,6.87,67.06,2.03,8.7,15.26,0.033,10.08,-0.0,15.227
2023-11-16T07:00:00,7,3,11,0,7.9,60.18,59.01,17.59,17.325,2.87,10.09,-0.0,14.455
2023-11-16T08:00:00,8,3,11,0,9.66,65.77,383.85,2.9,21.661,18.792,9.88,-0.0,2.869
2023-11-16T09:00:00,9,3,11,0,13.12,67.06,658.27,5.62,19.915,31.077,20.47,11.162,0.0
2023-11-16T10:00:00,10,3,11,0,13.7,63.42,823.67,7.57,18.344,39.704,38.91,20.0,0.0
2023-11-16T11:00:00,11,3,11,0,14.23,52.54,1054.16,0.0,16.12,49.74,56.92,20.0,0.0
2023-11-16T12:00:00,12,3,11,0,17.96,53.89,1047.58,5.02,13.732,50.0,75.45,20.0,0.0
2023-11-16T13:00:00,13,3,11,0,21.1,55.98,1049.92,0.0,15.234,50.0,93.97,20.0,0.0
2023-11-16T14:00:00,14,3,11,0,18.06,57.02,912.47,0.0,12.976,44.898,100.0,6.664,0.0
2023-11-16T15:00:00,15,3,11,0,21.33,55.32,726.04,0.0,17.846,34.503,100.0,0.0,0.0
2023-11-16T16:00:00,16,3,11,0,19.72,56.03,416.59,0.0,15.099,20.177,99.91,0.0,0.0
2023-11-16T17:00:00,17,3,11,0,17.18,54.01,50.0,28.52,20.268,2.443,82.02,-17.825,0.0
2023-11-16T18:00:00,18,3,11,0,16.39,63.21,1.0,0.0,24.351,0.014,62.01,-20.0,4.337
2023-11-16T19:00:00,19,3,11,0,14.29,63.48,0.58,0.0,25.732,0.0,42.14,-20.0,5.732
2023-11-16T20:00:00,20,3,11,0,13.49,63.5,0.65,0.72,24.397,0.007,22.1,-20.0,4.39
2023-11-16T21:00:00,21,3,11,0,11.12,64.23,0.56,0.0,22.131,0.027,9.81,-12.175,9.929
2023-11-16T22:00:00,22,3,11,0,9.64,61.48,0.0,0.0,18.324,0.0,10.11,-0.0,18.324
2023-11-16T23:00:00,23,3,11,0,7.78,62.96,0.0,13.83,16.568,0.022,9.95,-0.0,16.546
2023-11-17T00:00:00,0,4,11,0,7.25,60.82,1.5,11.31,12.827,0.01,10.07,-0.0,12.817
2023-11-17T01:00:00,1,4,11,0,7.16,73.12,0.98,7.59,11.483,0.038,9.8,-0.0,11.445
2023-11-17T02:00:00,2,4,11,0,5.55,67.47,0.43,16.15,10.191,0.009,10.15,-0.0,10.182
2023-11-17T03:00:00,3,4,11,0,2.73,61.98,0.0,23.88,8.322,0.003,10.12,-0.0,8.319
2023-11-17T04:00:00,4,4,11,0,4.38,68.79,1.48,20.95,12.332,0.014,10.17,-0.0,12.318
2023-11-17T05:00:00,5,4,11,0,4.17,58.78,0.0,21.99,12.085,0.0,9.98,-0.0,12.085
2023-11-17T06:00:00,6,4,11,0,7.96,67.89,2.22,18.87,15.063,0.0,9.96,-0.0,15.063
2023-11-17T07:00:00,7,4,11,0,9.74,65.49,77.92,12.88,19.42,3.733,10.09,-0.0,15.687
2023-11-17T08:00:00,8,4,11,0,11.06,62.4,358.82,19.97,19.307,17.084,10.19,-0.0,2.223
2023-11-17T09:00:00,9,4,11,0,10.98,59.94,576.58,16.54,20.034,28.265,17.57,8.231,0.0
2023-11-17T10:00:00,10,4,11,0,14.2,68.5,641.32,35.31,17.212,29.34,28.5,12.128,0.0
2023-11-17T11:00:00,11,4,11,0,14.56,64.83,762.99,33.72,15.116,37.729,47.06,20.0,0.0
2023-11-17T12:00:00,12,4,11,0,14.25,51.1,1070.72,2.96,15.685,48.958,65.73,20.0,0.0
2023-11-17T13:00:00,13,4,11,0,18.49,64.85,1012.88,5.33,12.742,46.28,84.05,20.0,0.0
2023-11-17T14:00:00,14,4,11,0,19.16,54.79,807.97,12.2,14.235,40.891,100.0,17.467,0.0
2023-11-17T15:00:00,15,4,11,0,19.22,53.39,586.29,15.71,14.269,26.091,99.94,0.0,0.0
2023-11-17T16:00:00,16,4,11,0,17.21,69.42,301.94,25.98,16.336,15.156,99.08,-1.18,0.0
2023-11-17T17:00:00,17,4,11,0,19.24,69.29,42.38,42.52,20.363,2.145,80.45,-18.218,0.0
2023-11-17T18:00:00,18,4,11,0,15.4,57.63,0.0,0.0,22.841,0.001,60.6,-20.0,2.84
2023-11-17T19:00:00,19,4,11,0,15.75,53.42,0.0,0.98,25.232,0.0,40.67,-20.0,5.232
2023-11-17T20:00:00,20,4,11,0,13.8,56.12,0.05,0.41,22.95,0.0,20.67,-20.0,2.95
2023-11-17T21:00:00,21,4,11,0,10.92,60.01,0.32,0.0,23.846,0.041,9.88,-10.602,13.203
2023-11-17T22:00:00,22,4,11,0,7.09,71.74,0.15,9.01,17.663,0.036,10.12,-0.0,17.627
2023-11-17T23:00:00,23,4,11,0,7.78,71.92,0.0,10.14,16.056,0.0,10.09,-0.0,16.056
2023-11-18T00:00:00,0,5,11,1,7.03,66.77,0.63,10.73,11.75,0.001,10.03,-0.0,11.749
2023-11-18T01:00:00,1,5,11,1,5.62,69.93,1.47,10.47,9.387,0.0,10.06,-0.0,9.387
2023-11-18T02:00:00,2,5,11,1,7.4,66.87,0.0,25.24,11.284,0.023,9.92,-0.0,11.261
2023-11-18T03:00:00,3,5,11,1,4.16,64.93,0.0,22.56,10.245,0.004,10.28,-0.0,10.241
2023-11-18T04:00:00,4,5,11,1,5.55,62.71,0.0,33.76,11.456,0.029,10.2,-0.0,11.427
2023-11-18T05:00:00,5,5,11,1,5.5,69.5,0.0,18.08,12.339,0.0,9.9,-0.0,12.339
2023-11-18T06:00:00,6,5,11,1,7.07,75.6,0.0,45.26,13.776,0.0,9.98,-0.0,13.776
2023-11-18T07:00:00,7,5,11,1,9.29,64.09,76.78,23.7,15.259,3.865,10.17,-0.0,11.394
2023-11-18T08:00:00,8,5,11,1,12.0,72.34,299.26,32.03,16.822,13.578,10.1,-0.0,3.244
2023-11-18T09:00:00,9,5,11,1,11.21,64.01,530.17,25.97,18.663,25.337,16.16,6.674,0.0
2023-11-18T10:00:00,10,5,11,1,13.06,66.68,670.96,35.01,18.913,33.185,29.12,14.272,0.0
2023-11-18T11:00:00,11,5,11,1,14.51,66.87,655.36,51.72,19.106,32.161,41.15,13.055,0.0
2023-11-18T12:00:00,12,5,11,1,18.71,67.19,914.43,20.66,18.474,44.362,59.7,20.0,0.0
2023-11-18T13:00:00,13,5,11,1,19.42,65.96,721.34,39.83,18.316,33.804,74.19,15.488,0.0
2023-11-18T14:00:00,14,5,11,1,19.34,61.94,685.6,31.14,17.858,34.419,89.35,16.561,0.0
2023-11-18T15:00:00,15,5,11,1,16.62,64.5,484.24,33.7,17.312,22.248,93.81,4.936,0.0
2023-11-18T16:00:00,16,5,11,1,16.32,57.83,292.86,30.35,16.581,14.398,91.64,-2.183,0.0
2023-11-18T17:00:00,17,5,11,1,17.83,54.26,53.02,46.9,19.723,2.559,74.02,-17.164,0.0
2023-11-18T18:00:00,18,5,11,1,16.74,66.15,0.0,65.4,20.073,0.0,54.41,-20.0,0.073
2023-11-18T19:00:00,19,5,11,1,12.48,63.36,2.44,20.01,18.407,0.0,36.0,-18.407,0.0
2023-11-18T20:00:00,20,5,11,1,12.29,64.69,0.0,3.95,19.645,0.0,16.09,-19.645,0.0
2023-11-18T21:00:00,21,5,11,1,13.72,60.05,0.0,1.43,20.96,0.024,10.34,-6.308,14.628
2023-11-18T22:00:00,22,5,11,1,9.86,61.51,1.07,7.19,17.097,0.009,10.08,-0.0,17.088
2023-11-18T23:00:00,23,5,11,1,11.05,47.39,0.92,0.0,15.367,0.0,10.09,-0.0,15.367
2023-11-19T00:00:00,0,6,11,1,8.57,69.66,0.0,23.56,15.636,0.001,9.89,-0.0,15.635
2023-11-19T01:00:00,1,6,11,1,4.25,72.59,2.8,37.78,11.361,0.0,10.05,-0.0,11.361
2023-11-19T02:00:00,2,6,11,1,6.15,70.44,0.3,10.34,8.909,0.0,10.03,-0.0,8.909
2023-11-19T03:00:00,3,6,11,1,5.17,66.52,1.36,6.83,9.804,0.024,10.29,-0.0,9.78
2023-11-19T04:00:00,4,6,11,1,4.37,73.8,0.0,15.14,10.42,0.0,10.15,-0.0,10.42
2023-11-19T05:00:00,5,6,11,1,4.07,64.34,0.0,7.51,12.629,0.029,10.04,-0.0,12.6
2023-11-19T06:00:00,6,6,11,1,8.82,65.7,0.0,17.04,13.135,0.0,9.78,-0.0,13.135
2023-11-19T07:00:00,7,6,11,1,7.77,68.83,62.99,24.7,13.148,3.076,9.82,-0.0,10.072
2023-11-19T08:00:00,8,6,11,1,11.57,67.55,345.33,16.1,13.046,15.49,11.87,2.444,0.0
2023-11-19T09:00:00,9,6,11,1,11.25,64.59,667.0,3.29,18.149,30.512,23.58,12.363,0.0
2023-11-19T10:00:00,10,6,11,1,13.53,66.89,738.57,24.95,18.583,35.285,39.07,16.702,0.0
2023-11-19T11:00:00,11,6,11,1,15.03,64.81,856.8,23.5,20.195,42.758,57.41,20.0,0.0
2023-11-19T12:00:00,12,6,11,1,15.54,59.71,1039.5,6.81,17.956,48.517,75.89,20.0,0.0
2023-11-19T13:00:00,13,6,11,1,18.84,64.69,915.49,15.62,17.731,44.258,94.51,20.0,0.0
2023-11-19T14:00:00,14,6,11,1,15.93,51.07,882.64,0.0,16.687,42.613,99.86,6.317,0.0
2023-11-19T15:00:00,15,6,11,1,18.78,56.55,616.49,12.15,16.093,28.512,99.86,0.0,0.0
2023-11-19T16:00:00,16,6,11,1,15.62,67.57,380.5,0.0,17.195,17.793,100.0,0.0,0.0
2023-11-19T17:00:00,17,6,11,1,16.47,57.62,61.39,12.28,16.88,2.944,85.83,-13.936,0.0
2023-11-19T18:00:00,18,6,11,1,16.99,59.77,0.0,8.68,16.53,0.003,69.53,-16.527,0.0
2023-11-19T19:00:00,19,6,11,1,16.76,65.92,1.76,0.0,20.747,0.017,49.47,-20.0,0.73
2023-11-19T20:00:00,20,6,11,1,12.05,63.93,0.0,19.91,19.89,0.019,29.48,-19.871,0.0
2023-11-19T21:00:00,21,6,11,1,10.1,58.47,0.04,0.0,19.906,0.0,9.81,-19.666,0.24
2023-11-19T22:00:00,22,6,11,1,9.16,69.88,0.9,4.85,19.507,0.001,9.92,-0.0,19.506
2023-11-19T23:00:00,23,6,11,1,8.36,62.16,0.64,0.0,16.491,0.0,9.9,-0.0,16.491
2023-11-20T00:00:00,0,0,11,0,4.55,65.28,0.0,4.61,11.725,0.008,9.95,-0.0,11.717
2023-11-20T01:00:00,1,0,11,0,6.1,57.89,0.0,19.67,9.757,0.004,10.21,-0.0,9.753
2023-11-20T02:00:00,2,0,11,0,5.79,66.25,0.0,12.49,11.067,0.0,10.16,-0.0,11.067
2023-11-20T03:00:00,3,0,11,0,4.2,71.63,0.0,15.48,8.144,0.003,10.06,-0.0,8.141
2023-11-20T04:00:00,4,0,11,0,6.19,66.27,0.0,24.21,10.676,0.0,10.11,-0.0,10.676
2023-11-20T05:00:00,5,0,11,0,6.05,61.29,0.0,18.84,12.846,0.0,9.85,-0.0,12.846
2023-11-20T06:00:00,6,0,11,0,5.86,64.46,0.0,12.55,14.025,0.002,10.1,-0.0,14.023
2023-11-20T07:00:00,7,0,11,0,6.52,61.54,40.57,0.0,20.517,1.898,9.85,-0.0,18.619
2023-11-20T08:00:00,8,0,11,0,11.23,60.76,369.01,0.0,18.946,17.27,10.09,-0.0,1.676
2023-11-20T09:00:00,9,0,11,0,11.38,59.35,672.82,0.0,18.636,32.955,23.45,14.319,0.0
2023-11-20T10:00:00,10,0,11,0,12.91,69.42,921.54,0.0,17.404,41.267,41.73,20.0,0.0
2023-11-20T11:00:00,11,0,11,0,15.39,62.14,1002.97,5.96,16.088,48.614,60.11,20.0,0.0
2023-11-20T12:00:00,12,0,11,0,18.05,49.99,1069.09,2.82,12.838,50.0,78.22,20.0,0.0
2023-11-20T13:00:00,13,0,11,0,17.43,60.42,976.56,9.65,14.913,47.919,96.78,20.0,0.0
2023-11-20T14:00:00,14,0,11,0,18.44,57.86,909.38,0.0,15.177,43.521,100.0,3.507,0.0
2023-11-20T15:00:00,15,0,11,0,16.93,69.63,495.36,31.79,14.512,22.433,100.0,0.0,0.0
2023-11-20T16:00:00,16,0,11,0,17.23,57.94,400.01,0.0,16.717,19.028,99.9,0.0,0.0
2023-11-20T17:00:00,17,0,11,0,17.05,62.09,67.1,27.94,20.733,3.387,82.65,-17.346,0.0
2023-11-20T18:00:00,18,0,11,0,18.25,68.91,0.0,9.56,24.661,0.0,62.91,-20.0,4.661
2023-11-20T19:00:00,19,0,11,0,13.78,56.29,0.0,6.74,24.966,0.0,42.67,-20.0,4.966
2023-11-20T20:00:00,20,0,11,0,12.9,68.75,0.0,24.36,24.617,0.0,22.33,-20.0,4.617
2023-11-20T21:00:00,21,0,11,0,13.32,62.94,0.0,11.67,22.807,0.0,9.84,-12.654,10.153
2023-11-20T22:00:00,22,0,11,0,10.61,61.17,0.0,8.7,18.259,0.015,9.91,-0.0,18.244
2023-11-20T23:00:00,23,0,11,0,6.31,67.87,0.04,42.53,17.95,0.009,9.86,-0.0,17.941
2023-11-21T00:00:00,0,1,11,0,9.58,69.72,0.0,0.0,12.493,0.019,10.05,-0.0,12.474
2023-11-21T01:00:00,1,1,11,0,4.04,70.55,0.0,14.95,10.946,0.042,10.18,-0.0,10.904
2023-11-21T02:00:00,2,1,11,0,4.41,72.89,0.97,27.4,11.36,0.022,10.21,-0.0,11.338
2023-11-21T03:00:00,3,1,11,0,4.76,76.7,0.0,44.42,10.709,0.0,10.22,-0.0,10.709
2023-11-21T04:00:00,4,1,11,0,5.12,69.91,0.98,18.78,11.533,0.0,9.92,-0.0,11.533
2023-11-21T05:00:00,5,1,11,0,6.28,67.89,0.59,56.36,12.888,0.027,9.98,-0.0,12.861
2023-11-21T06:00:00,6,1,11,0,6.55,61.23,0.0,29.96,17.038,0.0,10.0,-0.0,17.038
2023-11-21T07:00:00,7,1,11,0,8.0,71.5,71.89,0.0,17.659,3.711,10.45,-0.0,13.948
2023-11-21T08:00:00,8,1,11,0,7.93,64.88,402.86,0.0,21.706,20.031,10.07,-0.0,1.675
2023-11-21T09:00:00,9,1,11,0,14.65,64.38,531.2,25.64,21.826,26.61,14.39,4.784,0.0
2023-11-21T10:00:00,10,1,11,0,13.87,73.21,732.3,24.14,17.093,34.482,30.28,17.389,0.0
2023-11-21T11:00:00,11,1,11,0,15.12,59.98,745.54,36.13,14.675,35.023,48.99,20.0,0.0
2023-11-21T12:00:00,12,1,11,0,16.56,50.82,862.14,28.97,13.936,40.048,67.02,20.0,0.0
2023-11-21T13:00:00,13,1,11,0,16.89,54.29,816.68,29.56,14.12,34.865,85.65,20.0,0.0
2023-11-21T14:00:00,14,1,11,0,17.23,59.23,771.48,21.09,15.467,35.898,100.0,15.653,0.0
2023-11-21T15:00:00,15,1,11,0,16.22,63.42,541.23,23.72,14.954,26.27,99.96,0.0,0.0
2023-11-21T16:00:00,16,1,11,0,17.8,65.72,392.53,2.33,17.819,19.005,100.0,0.0,0.0
2023-11-21T17:00:00,17,1,11,0,17.57,68.47,49.94,38.08,19.98,2.345,82.46,-17.635,0.0
2023-11-21T18:00:00,18,1,11,0,17.92,50.55,0.0,33.44,24.013,0.0,62.53,-20.0,4.013
2023-11-21T19:00:00,19,1,11,0,13.5,77.31,0.06,16.87,25.587,0.007,42.2,-20.0,5.58
2023-11-21T20:00:00,20,1,11,0,12.26,59.54,0.67,0.91,25.267,0.0,22.53,-20.0,5.267
2023-11-21T21:00:00,21,1,11,0,10.79,75.67,0.0,48.45,21.521,0.034,10.22,-12.365,9.122
2023-11-21T22:00:00,22,1,11,0,11.25,69.0,0.91,28.43,16.774,0.0,10.05,-0.0,16.774
2023-11-21T23:00:00,23,1,11,0,7.21,66.74,2.61,16.56,16.142,0.048,9.94,-0.0,16.094
2023-11-22T00:00:00,0,2,11,0,9.01,71.93,0.0,65.78,9.177,0.0,9.89,-0.0,9.177
2023-11-22T01:00:00,1,2,11,0,5.81,65.31,1.95,39.13,10.847,0.0,10.01,-0.0,10.847
2023-11-22T02:00:00,2,2,11,0,5.08,64.42,0.71,36.38,10.857,0.0,9.98,-0.0,10.857
2023-11-22T03:00:00,3,2,11,0,3.28,72.91,0.4,48.95,9.884,0.0,9.92,-0.0,9.884
2023-11-22T04:00:00,4,2,11,0,3.27,65.41,0.0,39.67,7.352,0.014,10.08,-0.0,7.338
2023-11-22T05:00:00,5,2,11,0,6.82,78.37,0.0,37.85,11.811,0.0,10.04,-0.0,11.811
2023-11-22T06:00:00,6,2,11,0,5.24,68.03,0.0,14.85,16.055,0.0,9.95,-0.0,16.055
2023-11-22T07:00:00,7,2,11,0,8.57,76.25,62.8,15.33,20.54,2.902,9.95,-0.0,17.638
2023-11-22T08:00:00,8,2,11,0,10.01,64.98,288.08,29.76,21.684,13.768,9.75,-0.0,7.916
2023-11-22T09:00:00,9,2,11,0,11.68,65.07,477.34,41.63,20.069,23.168,12.83,3.099,0.0
2023-11-22T10:00:00,10,2,11,0,14.74,69.77,567.8,44.81,17.934,26.994,21.01,9.06,0.0
2023-11-22T11:00:00,11,2,11,0,13.34,67.15,635.55,50.57,17.308,30.998,33.73,13.69,0.0
2023-11-22T12:00:00,12,2,11,0,15.04,71.55,711.62,45.04,14.348,33.626,51.57,19.278,0.0
2023-11-22T13:00:00,13,2,11,0,17.66,72.41,681.49,44.88,12.457,32.393,69.59,19.936,0.0
2023-11-22T14:00:00,14,2,11,0,17.36,72.47,504.03,55.48,13.737,23.441,78.75,9.704,0.0
2023-11-22T15:00:00,15,2,11,0,14.72,73.9,415.27,46.47,14.102,19.838,84.12,5.736,0.0
2023-11-22T16:00:00,16,2,11,0,18.76,71.31,204.43,62.26,15.269,9.815,78.38,-5.454,0.0
2023-11-22T17:00:00,17,2,11,0,15.2,67.22,29.94,67.51,18.64,1.391,61.27,-17.249,0.0
2023-11-22T18:00:00,18,2,11,0,16.26,68.82,1.41,25.77,25.993,0.01,41.16,-20.0,5.983
2023-11-22T19:00:00,19,2,11,0,17.34,72.57,0.0,69.42,24.384,0.0,21.49,-20.0,4.384
2023-11-22T20:00:00,20,2,11,0,12.75,62.89,2.64,31.95,24.952,0.0,9.91,-11.36,13.592
2023-11-22T21:00:00,21,2,11,0,13.05,63.76,0.66,34.59,26.025,0.0,9.9,-0.0,26.025
2023-11-22T22:00:00,22,2,11,0,9.48,69.82,0.59,48.58,20.045,0.008,10.13,-0.0,20.037
2023-11-22T23:00:00,23,2,11,0,10.75,75.04,0.0,47.97,16.917,0.0,9.96,-0.0,16.917
2023-11-23T00:00:00,0,3,11,0,5.01,73.61,1.0,50.54,12.509,0.009,10.27,-0.0,12.5
2023-11-23T01:00:00,1,3,11,0,5.21,73.0,0.0,51.25,11.12,0.0,10.08,-0.0,11.12
2023-11-23T02:00:00,2,3,11,0,5.57,71.09,0.0,44.99,9.577,0.03,10.07,-0.0,9.547
2023-11-23T03:00:00,3,3,11,0,4.3,72.65,0.0,57.24,10.171,0.018,10.07,-0.0,10.153
2023-11-23T04:00:00,4,3,11,0,6.75,63.85,0.0,34.55,11.024,0.0,10.2,-0.0,11.024
2023-11-23T05:00:00,5,3,11,0,5.17,73.03,0.01,24.67,10.376,0.0,9.53,-0.0,10.376
2023-11-23T06:00:00,6,3,11,0,8.87,61.39,0.0,21.02,14.935,0.0,10.1,-0.0,14.935
2023-11-23T07:00:00,7,3,11,0,10.82,67.52,30.29,32.9,17.255,1.478,9.88,-0.0,15.777
2023-11-23T08:00:00,8,3,11,0,9.44,65.08,309.31,27.44,20.098,15.102,9.82,-0.0,4.996
2023-11-23T09:00:00,9,3,11,0,12.37,68.35,584.08,20.82,20.628,28.707,17.41,8.079,0.0
2023-11-23T10:00:00,10,3,11,0,14.97,59.94,840.02,11.23,16.924,40.349,35.82,20.0,0.0
2023-11-23T11:00:00,11,3,11,0,13.02,61.51,738.73,36.66,14.996,36.881,53.97,20.0,0.0
2023-11-23T12:00:00,12,3,11,0,14.35,69.86,840.17,30.74,11.303,40.22,72.45,20.0,0.0
2023-11-23T13:00:00,13,3,11,0,19.47,55.27,934.69,12.68,12.587,42.209,90.82,20.0,0.0
2023-11-23T14:00:00,14,3,11,0,17.88,64.06,676.96,32.78,12.954,33.91,99.87,9.747,0.0
2023-11-23T15:00:00,15,3,11,0,17.06,68.11,567.31,19.48,13.014,27.677,100.0,0.0,0.0
2023-11-23T16:00:00,16,3,11,0,17.91,58.95,293.85,28.33,16.738,14.031,97.24,-2.707,0.0
2023-11-23T17:00:00,17,3,11,0,13.29,61.84,65.48,9.76,19.496,3.156,81.0,-16.34,0.0
2023-11-23T18:00:00,18,3,11,0,15.57,58.07,0.0,3.93,23.864,0.019,60.83,-20.0,3.845
2023-11-23T19:00:00,19,3,11,0,13.3,65.33,0.77,25.24,26.931,0.0,41.16,-20.0,6.931
2023-11-23T20:00:00,20,3,11,0,13.85,60.24,3.19,0.0,27.044,0.0,20.88,-20.0,7.044
2023-11-23T21:00:00,21,3,11,0,12.5,66.19,0.0,1.76,23.372,0.0,10.13,-10.953,12.419
2023-11-23T22:00:00,22,3,11,0,10.84,60.34,0.0,8.06,19.657,0.0,10.01,-0.0,19.657
2023-11-23T23:00:00,23,3,11,0,9.14,70.77,2.49,8.18,16.883,0.0,9.88,-0.0,16.883
2023-11-24T00:00:00,0,4,11,0,5.15,74.98,0.0,10.61,10.84,0.007,10.33,-0.0,10.833
2023-11-24T01:00:00,1,4,11,0,6.53,68.7,0.66,18.76,11.249,0.0,10.19,-0.0,11.249
2023-11-24T02:00:00,2,4,11,0,5.64,63.73,0.59,17.24,9.563,0.017,9.97,-0.0,9.546
2023-11-24T03:00:00,3,4,11,0,5.17,67.43,0.99,15.18,8.506,0.015,10.14,-0.0,8.491
2023-11-24T04:00:00,4,4,11,0,7.89,64.9,2.75,11.04,8.483,0.0,10.0,-0.0,8.483
2023-11-24T05:00:00,5,4,11,0,2.26,77.75,0.0,12.87,9.612,0.0,9.96,-0.0,9.612
2023-11-24T06:00:00,6,4,11,0,5.16,64.84,0.29,0.0,15.199,0.0,9.89,-0.0,15.199
2023-11-24T07:00:00,7,4,11,0,6.93,71.3,76.32,0.0,18.416,3.734,10.0,-0.0,14.682
2023-11-24T08:00:00,8,4,11,0,9.9,64.98,348.98,11.13,20.305,16.96,10.05,-0.0,3.345
2023-11-24T09:00:00,9,4,11,0,11.02,66.54,532.49,27.84,18.825,24.035,14.83,5.21,0.0
2023-11-24T10:00:00,10,4,11,0,13.37,62.85,729.46,25.18,16.822,34.084,30.76,17.262,0.0
2023-11-24T11:00:00,11,4,11,0,16.04,59.59,974.3,10.1,14.096,43.352,49.07,20.0,0.0
2023-11-24T12:00:00,12,4,11,0,14.27,65.49,1075.43,4.61,14.443,49.24,67.28,20.0,0.0
2023-11-24T13:00:00,13,4,11,0,16.2,55.64,1035.76,0.0,14.928,50.0,85.93,20.0,0.0
2023-11-24T14:00:00,14,4,11,0,16.96,63.67,896.91,0.0,13.74,42.554,99.89,15.354,0.0
2023-11-24T15:00:00,15,4,11,0,17.51,65.77,673.53,0.0,16.144,33.256,99.75,0.0,0.0
2023-11-24T16:00:00,16,4,11,0,15.52,57.55,360.63,5.64,15.719,17.773,99.96,0.0,0.0
2023-11-24T17:00:00,17,4,11,0,16.52,65.16,66.83,0.0,17.324,3.082,85.67,-14.242,0.0
2023-11-24T18:00:00,18,4,11,0,14.88,68.69,0.0,22.88,24.481,0.0,65.63,-20.0,4.481
2023-11-24T19:00:00,19,4,11,0,13.43,66.5,0.0,8.92,23.284,0.029,45.56,-20.0,3.255
2023-11-24T20:00:00,20,4,11,0,13.52,60.52,0.07,19.61,24.917,0.004,25.79,-20.0,4.913
2023-11-24T21:00:00,21,4,11,0,10.98,62.29,0.0,4.87,23.844,0.0,9.89,-15.758,8.086
2023-11-24T22:00:00,22,4,11,0,11.06,62.27,0.0,5.06,20.811,0.0,9.85,-0.0,20.811
2023-11-24T23:00:00,23,4,11,0,6.73,74.95,0.0,0.0,16.395,0.0,10.05,-0.0,16.395
2023-11-25T00:00:00,0,5,11,1,5.87,64.92,3.19,0.0,12.061,0.008,9.96,-0.0,12.053
2023-11-25T01:00:00,1,5,11,1,4.52,64.8,0.0,0.0,14.206,0.036,10.05,-0.0,14.17
2023-11-25T02:00:00,2,5,11,1,4.82,59.81,1.84,0.0,12.142,0.016,9.97,-0.0,12.126
2023-11-25T03:00:00,3,5,11,1,5.31,60.42,0.0,0.0,11.893,0.0,10.04,-0.0,11.893
2023-11-25T04:00:00,4,5,11,1,4.18,62.48,0.14,0.0,11.413,0.0,9.77,-0.0,11.413
2023-11-25T05:00:00,5,5,11,1,5.82,66.98,2.95,1.15,12.404,0.028,10.21,-0.0,12.376
2023-11-25T06:00:00,6,5,11,1,4.75,58.47,1.19,0.0,13.382,0.0,9.73,-0.0,13.382
2023-11-25T07:00:00,7,5,11,1,8.6,61.48,35.9,8.9,14.556,1.712,10.12,-0.0,12.844
2023-11-25T08:00:00,8,5,11,1,8.59,58.16,315.91,26.61,14.24,14.986,10.66,0.746,0.0
2023-11-25T09:00:00,9,5,11,1,12.08,74.12,498.58,37.01,16.138,24.598,18.79,8.46,0.0
2023-11-25T10:00:00,10,5,11,1,12.95,66.53,681.41,32.77,19.262,32.438,30.59,13.176,0.0
2023-11-25T11:00:00,11,5,11,1,16.57,63.35,912.99,18.1,20.191,45.662,49.09,20.0,0.0
2023-11-25T12:00:00,12,5,11,1,14.57,55.21,1085.43,3.13,18.855,50.0,67.07,20.0,0.0
2023-11-25T13:00:00,13,5,11,1,14.52,67.04,998.67,6.79,16.819,49.267,85.97,20.0,0.0
2023-11-25T14:00:00,14,5,11,1,15.82,73.83,566.31,45.41,17.506,28.172,95.67,10.666,0.0
2023-11-25T15:00:00,15,5,11,1,16.47,63.38,532.92,26.02,17.187,24.417,99.73,4.778,0.0
2023-11-25T16:00:00,16,5,11,1,15.8,60.46,330.13,22.33,14.682,15.927,99.89,0.0,0.0
2023-11-25T17:00:00,17,5,11,1,17.09,67.86,48.72,41.99,19.04,2.433,83.34,-16.607,0.0
2023-11-25T18:00:00,18,5,11,1,15.86,68.49,0.0,35.57,19.336,0.0,64.21,-19.336,0.0
2023-11-25T19:00:00,19,5,11,1,14.29,69.11,0.0,29.45,18.14,0.007,45.88,-18.133,0.0
2023-11-25T20:00:00,20,5,11,1,13.17,68.57,0.0,28.61,19.56,0.0,26.16,-19.56,0.0
2023-11-25T21:00:00,21,5,11,1,10.48,70.47,1.55,21.43,18.821,0.013,9.93,-16.364,2.444
2023-11-25T22:00:00,22,5,11,1,12.12,64.03,0.07,39.71,19.489,0.0,10.08,-0.0,19.489
2023-11-25T23:00:00,23,5,11,1,6.32,70.38,0.0,7.29,16.101,0.0,9.98,-0.0,16.101
2023-11-26T00:00:00,0,6,11,1,4.7,67.98,2.58,30.88,11.373,0.0,10.09,-0.0,11.373
2023-11-26T01:00:00,1,6,11,1,6.28,55.22,2.37,20.13,11.764,0.022,9.63,-0.0,11.742
2023-11-26T02:00:00,2,6,11,1,4.65,65.57,1.05,14.91,9.979,0.0,10.27,-0.0,9.979
2023-11-26T03:00:00,3,6,11,1,7.99,63.79,0.0,18.4,11.768,0.0,9.99,-0.0,11.768
2023-11-26T04:00:00,4,6,11,1,4.2,72.9,0.0,38.69,10.785,0.004,10.04,-0.0,10.781
2023-11-26T05:00:00,5,6,11,1,6.04,73.98,0.0,32.74,10.428,0.0,10.12,-0.0,10.428
2023-11-26T06:00:00,6,6,11,1,7.22,73.16,0.0,53.09,12.286,0.046,10.18,-0.0,12.24
2023-11-26T07:00:00,7,6,11,1,7.93,80.4,44.55,43.43,14.18,2.038,10.17,-0.0,12.142
2023-11-26T08:00:00,8,6,11,1,8.65,62.31,361.46,9.97,15.922,18.052,11.84,2.13,0.0
2023-11-26T09:00:00,9,6,11,1,12.22,58.11,471.72,43.84,15.792,22.422,17.8,6.63,0.0
2023-11-26T10:00:00,10,6,11,1,13.29,70.91,500.06,57.58,17.22,23.787,24.17,6.567,0.0
2023-11-26T11:00:00,11,6,11,1,12.59,66.61,615.51,53.68,19.148,31.303,35.46,12.155,0.0
2023-11-26T12:00:00,12,6,11,1,13.67,61.82,729.65,43.77,20.046,36.056,50.08,16.01,0.0
2023-11-26T13:00:00,13,6,11,1,13.56,61.14,928.6,12.55,17.443,41.948,68.1,20.0,0.0
2023-11-26T14:00:00,14,6,11,1,17.5,57.88,757.36,21.51,17.367,36.254,86.09,18.887,0.0
2023-11-26T15:00:00,15,6,11,1,17.02,61.56,474.35,40.93,19.318,22.173,88.33,2.855,0.0
2023-11-26T16:00:00,16,6,11,1,16.78,70.49,314.55,26.07,17.023,14.869,86.39,-2.154,0.0
2023-11-26T17:00:00,17,6,11,1,12.84,69.03,55.43,48.48,15.224,2.648,73.4,-12.576,0.0
2023-11-26T18:00:00,18,6,11,1,14.03,59.16,0.0,0.0,18.985,0.0,54.91,-18.985,0.0
2023-11-26T19:00:00,19,6,11,1,13.22,71.67,1.41,18.32,19.525,0.0,35.32,-19.525,0.0
2023-11-26T20:00:00,20,6,11,1,11.74,61.61,2.96,8.99,19.154,0.016,15.97,-19.138,0.0
2023-11-26T21:00:00,21,6,11,1,11.19,59.37,1.91,23.14,17.919,0.0,10.19,-6.037,11.882
2023-11-26T22:00:00,22,6,11,1,11.0,56.48,0.0,6.41,18.953,0.0,10.03,-0.0,18.953
2023-11-26T23:00:00,23,6,11,1,10.89,62.5,0.38,4.61,13.717,0.052,10.12,-0.0,13.665
2023-11-27T00:00:00,0,0,11,0,6.49,59.99,0.6,23.82,11.463,0.001,9.98,-0.0,11.462
2023-11-27T01:00:00,1,0,11,0,7.02,58.48,0.0,0.0,10.536,0.028,9.89,-0.0,10.508
2023-11-27T02:00:00,2,0,11,0,4.03,65.31,0.0,8.19,9.33,0.013,10.27,-0.0,9.317
2023-11-27T03:00:00,3,0,11,0,2.5,72.49,0.0,0.0,9.718,0.015,10.07,-0.0,9.703
2023-11-27T04:00:00,4,0,11,0,4.35,72.91,3.19,4.3,9.068,0.0,9.79,-0.0,9.068
2023-11-27T05:00:00,5,0,11,0,3.6,69.52,0.58,0.0,12.867,0.0,10.02,-0.0,12.867
2023-11-27T06:00:00,6,0,11,0,5.16,65.66,0.0,2.14,18.673,0.022,10.1,-0.0,18.651
2023-11-27T07:00:00,7,0,11,0,7.73,66.46,44.91,35.78,18.152,2.213,10.17,-0.0,15.939
2023-11-27T08:00:00,8,0,11,0,7.52,69.53,340.25,23.51,21.569,16.819,10.32,-0.0,4.75
2023-11-27T09:00:00,9,0,11,0,13.31,72.56,590.92,18.47,20.257,28.283,17.48,8.026,0.0
2023-11-27T10:00:00,10,0,11,0,11.22,62.95,895.36,1.46,17.657,43.196,35.67,20.0,0.0
2023-11-27T11:00:00,11,0,11,0,12.67,61.56,890.9,17.62,14.782,40.399,54.15,20.0,0.0
2023-11-27T12:00:00,12,0,11,0,16.36,58.41,1100.0,0.0,14.345,50.0,72.78,20.0,0.0
2023-11-27T13:00:00,13,0,11,0,15.9,58.12,1048.4,0.0,14.344,45.916,90.88,20.0,0.0
2023-11-27T14:00:00,14,0,11,0,18.0,62.06,868.93,6.79,15.154,42.89,100.0,9.8,0.0
2023-11-27T15:00:00,15,0,11,0,17.61,56.21,624.81,10.06,15.747,32.331,99.93,0.0,0.0
2023-11-27T16:00:00,16,0,11,0,15.8,61.76,386.5,1.46,17.981,18.206,99.95,0.0,0.0
2023-11-27T17:00:00,17,0,11,0,17.06,61.66,68.77,0.0,18.635,3.327,84.66,-15.308,0.0
2023-11-27T18:00:00,18,0,11,0,15.25,62.34,0.0,5.39,23.181,0.011,64.73,-20.0,3.17
2023-11-27T19:00:00,19,0,11,0,15.18,59.56,0.67,34.25,25.36,0.011,44.67,-20.0,5.349
2023-11-27T20:00:00,20,0,11,0,12.3,65.75,0.0,33.79,26.472,0.0,24.45,-20.0,6.472
2023-11-27T21:00:00,21,0,11,0,12.2,58.85,0.0,0.0,21.259,0.0,10.18,-14.692,6.567
2023-11-27T22:00:00,22,0,11,0,10.02,62.32,1.1,0.0,20.65,0.026,10.17,-0.0,20.624
2023-11-27T23:00:00,23,0,11,0,8.53,62.44,2.1,15.1,16.921,0.007,10.03,-0.0,16.914
2023-11-28T00:00:00,0,1,11,0,5.57,73.1,1.82,11.64,13.275,0.0,10.19,-0.0,13.275
2023-11-28T01:00:00,1,1,11,0,3.21,67.37,0.0,0.0,11.002,0.0,10.11,-0.0,11.002
2023-11-28T02:00:00,2,1,11,0,5.23,63.61,0.0,42.5,9.93,0.0,10.12,-0.0,9.93
2023-11-28T03:00:00,3,1,11,0,4.67,60.46,0.0,9.86,9.131,0.0,10.05,-0.0,9.131
2023-11-28T04:00:00,4,1,11,0,4.23,74.18,1.58,15.23,10.013,0.0,10.11,-0.0,10.013
2023-11-28T05:00:00,5,1,11,0,7.26,63.31,0.0,0.0,10.045,0.052,9.85,-0.0,9.993
2023-11-28T06:00:00,6,1,11,0,4.54,66.17,0.0,16.09,15.3,0.0,9.95,-0.0,15.3
2023-11-28T07:00:00,7,1,11,0,10.08,70.45,48.48,14.34,18.582,2.291,9.78,-0.0,16.291
2023-11-28T08:00:00,8,1,11,0,8.7,63.67,363.54,6.78,21.23,17.29,9.82,-0.0,3.94
2023-11-28T09:00:00,9,1,11,0,11.47,58.71,562.48,18.65,19.322,27.119,17.36,7.797,0.0
2023-11-28T10:00:00,10,1,11,0,12.84,58.26,773.73,18.41,17.824,37.233,35.09,19.409,0.0
2023-11-28T11:00:00,11,1,11,0,11.11,66.13,1019.12,5.99,15.153,48.68,53.36,20.0,0.0
2023-11-28T12:00:00,12,1,11,0,15.52,70.15,1100.0,2.28,12.328,50.0,71.69,20.0,0.0
2023-11-28T13:00:00,13,1,11,0,17.27,62.98,1050.92,0.52,14.165,48.81,90.02,20.0,0.0
2023-11-28T14:00:00,14,1,11,0,18.75,56.38,901.16,2.67,15.178,44.629,99.82,10.62,0.0
2023-11-28T15:00:00,15,1,11,0,17.47,61.5,552.75,26.96,15.928,28.375,99.91,0.0,0.0
2023-11-28T16:00:00,16,1,11,0,14.34,65.8,268.61,35.0,15.589,12.23,96.22,-3.359,0.0
2023-11-28T17:00:00,17,1,11,0,14.7,55.84,42.94,38.85,17.785,1.92,80.91,-15.865,0.0
2023-11-28T18:00:00,18,1,11,0,17.76,58.55,0.72,0.0,24.178,0.0,60.82,-20.0,4.178
2023-11-28T19:00:00,19,1,11,0,12.5,67.84,0.79,23.97,25.984,0.0,40.84,-20.0,5.984
2023-11-28T20:00:00,20,1,11,0,13.73,70.84,0.0,8.84,24.463,0.0,20.87,-20.0,4.463
2023-11-28T21:00:00,21,1,11,0,10.39,74.0,2.78,40.38,22.06,0.0,10.0,-10.776,11.284
2023-11-28T22:00:00,22,1,11,0,9.17,77.74,0.0,32.91,19.476,0.0,10.03,-0.0,19.476
2023-11-28T23:00:00,23,1,11,0,7.97,76.72,2.13,30.0,17.514,0.034,9.99,-0.0,17.48
2023-11-29T00:00:00,0,2,11,0,5.25,73.71,0.0,9.49,11.582,0.018,10.22,-0.0,11.564
2023-11-29T01:00:00,1,2,11,0,7.8,64.44,0.41,2.7,9.305,0.0,9.86,-0.0,9.305
2023-11-29T02:00:00,2,2,11,0,5.1,67.12,0.0,0.0,8.027,0.033,10.12,-0.0,7.994
2023-11-29T03:00:00,3,2,11,0,4.42,57.42,0.0,0.0,8.954,0.0,9.84,-0.0,8.954
2023-11-29T04:00:00,4,2,11,0,2.59,67.43,1.14,0.0,9.538,0.0,9.82,-0.0,9.538
2023-11-29T05:00:00,5,2,11,0,6.21,68.4,0.0,5.24,11.043,0.0,9.78,-0.0,11.043
2023-11-29T06:00:00,6,2,11,0,7.79,67.14,0.0,30.93,17.03,0.0,9.71,-0.0,17.03
2023-11-29T07:00:00,7,2,11,0,7.67,57.76,46.96,9.94,17.437,2.368,10.04,-0.0,15.069
2023-11-29T08:00:00,8,2,11,0,11.82,69.61,372.91,0.0,20.311,17.405,9.84,-0.0,2.906
2023-11-29T09:00:00,9,2,11,0,10.54,64.43,631.31,0.0,22.454,29.638,16.66,7.184,0.0
2023-11-29T10:00:00,10,2,11,0,14.33,69.91,844.16,6.6,16.555,40.642,35.25,20.0,0.0
2023-11-29T11:00:00,11,2,11,0,15.29,64.27,1012.41,5.13,15.283,46.798,53.34,20.0,0.0
2023-11-29T12:00:00,12,2,11,0,14.86,66.91,1100.0,0.31,15.894,50.0,71.86,20.0,0.0
2023-11-29T13:00:00,13,2,11,0,17.38,64.46,1063.36,0.0,13.984,50.0,90.36,20.0,0.0
2023-11-29T14:00:00,14,2,11,0,17.8,55.01,917.36,0.0,14.7,43.657,100.0,10.642,0.0
2023-11-29T15:00:00,15,2,11,0,16.15,57.99,662.33,8.12,14.208,32.628,100.0,0.0,0.0
2023-11-29T16:00:00,16,2,11,0,16.88,58.92,331.89,14.28,15.615,15.431,99.56,-0.184,0.0
2023-11-29T17:00:00,17,2,11,0,17.84,53.56,30.91,0.0,17.675,1.485,83.64,-16.19,0.0
2023-11-29T18:00:00,18,2,11,0,15.31,68.68,0.0,0.5,22.744,0.0,63.72,-20.0,2.744
2023-11-29T19:00:00,19,2,11,0,14.56,63.09,5.64,17.89,25.947,0.013,43.9,-20.0,5.934
2023-11-29T20:00:00,20,2,11,0,12.07,63.91,0.3,0.38,27.663,0.007,23.57,-20.0,7.656
2023-11-29T21:00:00,21,2,11,0,10.79,60.28,0.21,31.15,22.386,0.0,10.18,-13.626,8.76
2023-11-29T22:00:00,22,2,11,0,8.06,73.97,0.65,40.7,20.761,0.009,9.91,-0.0,20.752
2023-11-29T23:00:00,23,2,11,0,6.49,67.84,0.0,35.04,17.601,0.01,10.14,-0.0,17.591
2023-11-30T00:00:00,0,3,11,0,9.51,76.21,1.38,46.24,11.141,0.0,9.88,-0.0,11.141
2023-11-30T01:00:00,1,3,11,0,3.47,70.02,1.07,47.7,10.983,0.0,10.02,-0.0,10.983
2023-11-30T02:00:00,2,3,11,0,4.2,78.02,0.0,36.46,10.175,0.016,9.9,-0.0,10.159
2023-11-30T03:00:00,3,3,11,0,3.0,78.93,3.61,51.19,8.333,0.009,10.0,-0.0,8.324
2023-11-30T04:00:00,4,3,11,0,7.41,66.97,0.0,34.49,10.184,0.035,10.0,-0.0,10.149
2023-11-30T05:00:00,5,3,11,0,3.97,78.46,0.0,35.72,11.351,0.009,10.01,-0.0,11.342
2023-11-30T06:00:00,6,3,11,0,7.83,79.36,0.47,64.85,15.226,0.0,9.88,-0.0,15.226
2023-11-30T07:00:00,7,3,11,0,8.13,74.61,32.44,56.2,18.986,1.572,9.99,-0.0,17.414
2023-11-30T08:00:00,8,3,11,0,9.23,61.73,311.59,23.82,21.074,15.334,10.05,-0.0,5.74
2023-11-30T09:00:00,9,3,11,0,11.68,74.08,377.1,55.32,19.433,18.051,9.95,-0.0,1.382
2023-11-30T10:00:00,10,3,11,0,14.88,69.38,487.56,60.25,16.274,23.763,16.76,7.489,0.0
2023-11-30T11:00:00,11,3,11,0,13.74,70.52,525.46,64.21,13.356,22.969,25.62,9.613,0.0
2023-11-30T12:00:00,12,3,11,0,15.54,71.4,473.16,75.88,15.364,22.847,32.77,7.483,0.0
2023-11-30T13:00:00,13,3,11,0,13.1,73.85,333.36,86.71,14.139,15.654,34.01,1.515,0.0
2023-11-30T14:00:00,14,3,11,0,16.65,66.37,354.56,77.71,15.4,16.274,35.03,0.874,0.0
2023-11-30T15:00:00,15,3,11,0,16.49,61.85,300.0,68.65,14.772,14.629,34.64,-0.143,0.0
2023-11-30T16:00:00,16,3,11,0,16.92,59.66,200.34,62.49,16.548,10.103,28.21,-6.445,0.0
2023-11-30T17:00:00,17,3,11,0,13.17,66.74,24.92,28.6,19.143,1.196,10.36,-17.947,0.0
2023-11-30T18:00:00,18,3,11,0,16.14,49.42,0.0,14.76,22.573,0.0,10.08,-0.281,22.292
2023-11-30T19:00:00,19,3,11,0,10.96,73.23,0.0,49.5,25.789,0.0,10.2,-0.0,25.789
2023-11-30T20:00:00,20,3,11,0,13.26,69.08,0.0,37.57,25.195,0.016,9.68,-0.0,25.179
2023-11-30T21:00:00,21,3,11,0,9.21,63.43,0.0,12.08,24.036,0.006,10.07,-0.0,24.03
2023-11-30T22:00:00,22,3,11,0,7.69,69.11,0.0,0.0,20.969,0.0,9.84,-0.0,20.969
2023-11-30T23:00:00,23,3,11,0,9.45,67.12,0.0,36.09,18.001,0.0,9.98,-0.0,18.001
2023-12-01T00:00:00,0,4,12,0,6.98,70.21,0.0,25.02,13.65,0.029,9.83,-0.0,13.621
2023-12-01T01:00:00,1,4,12,0,7.16,55.3,0.0,5.54,9.688,0.028,10.03,-0.0,9.66
2023-12-01T02:00:00,2,4,12,0,6.42,53.46,0.97,0.0,11.449,0.0,9.84,-0.0,11.449
2023-12-01T03:00:00,3,4,12,0,3.2,68.84,0.21,23.84,9.954,0.013,9.71,-0.0,9.941
2023-12-01T04:00:00,4,4,12,0,6.16,69.92,0.0,19.93,10.572,0.005,9.83,-0.0,10.567
2023-12-01T05:00:00,5,4,12,0,3.23,73.45,0.0,15.14,11.486,0.014,10.17,-0.0,11.472
2023-12-01T06:00:00,6,4,12,0,7.85,67.05,0.0,27.02,15.066,0.03,10.1,-0.0,15.036
2023-12-01T07:00:00,7,4,12,0,6.49,68.41,50.88,16.96,16.74,2.417,10.19,-0.0,14.323
2023-12-01T08:00:00,8,4,12,0,8.06,69.98,334.94,15.2,21.743,15.887,9.71,-0.0,5.856
2023-12-01T09:00:00,9,4,12,0,10.99,63.15,632.41,10.89,19.873,30.614,20.15,10.741,0.0
2023-12-01T10:00:00,10,4,12,0,12.51,71.07,592.82,45.39,16.872,29.549,31.9,12.677,0.0
2023-12-01T11:00:00,11,4,12,0,15.17,61.82,623.58,50.75,16.773,30.049,43.6,13.276,0.0
2023-12-01T12:00:00,12,4,12,0,15.69,57.1,745.23,38.72,14.353,36.294,62.21,20.0,0.0
2023-12-01T13:00:00,13,4,12,0,16.38,61.48,775.01,33.02,13.101,38.838,80.46,20.0,0.0
2023-12-01T14:00:00,14,4,12,0,16.85,64.91,813.1,14.01,14.258,40.653,99.07,20.0,0.0
2023-12-01T15:00:00,15,4,12,0,17.68,59.59,517.65,31.13,16.831,22.774,100.0,1.132,0.0
2023-12-01T16:00:00,16,4,12,0,17.75,68.8,239.58,47.37,16.43,11.821,95.24,-4.609,0.0
2023-12-01T17:00:00,17,4,12,0,16.08,63.14,28.75,59.43,20.336,1.418,76.28,-18.918,0.0
2023-12-01T18:00:00,18,4,12,0,15.65,66.66,0.0,66.53,22.189,0.029,56.43,-20.0,2.16
2023-12-01T19:00:00,19,4,12,0,11.64,71.99,0.0,59.88,26.078,0.01,37.02,-20.0,6.068
2023-12-01T20:00:00,20,4,12,0,12.47,65.39,1.32,49.25,25.76,0.0,16.6,-20.0,5.76
2023-12-01T21:00:00,21,4,12,0,9.04,69.59,0.0,59.0,22.984,0.0,10.07,-6.473,16.511
2023-12-01T22:00:00,22,4,12,0,8.87,58.76,0.14,56.53,18.911,0.0,10.15,-0.0,18.911
2023-12-01T23:00:00,23,4,12,0,9.58,76.16,0.0,60.24,16.262,0.055,10.18,-0.0,16.207
2023-12-02T00:00:00,0,5,12,1,5.79,70.08,0.0,37.73,10.618,0.001,10.05,-0.0,10.617
2023-12-02T01:00:00,1,5,12,1,4.51,68.65,1.83,51.08,10.12,0.016,9.99,-0.0,10.104
2023-12-02T02:00:00,2,5,12,1,5.3,86.72,0.0,81.8,9.418,0.008,9.91,-0.0,9.41
2023-12-02T03:00:00,3,5,12,1,2.04,76.35,0.0,88.16,9.031,0.0,10.03,-0.0,9.031
2023-12-02T04:00:00,4,5,12,1,2.97,70.64,0.0,44.36,10.578,0.01,10.17,-0.0,10.568
2023-12-02T05:00:00,5,5,12,1,5.98,69.97,0.26,65.78,11.184,0.0,10.16,-0.0,11.184
2023-12-02T06:00:00,6,5,12,1,3.01,77.36,0.0,35.29,11.937,0.0,9.92,-0.0,11.937
2023-12-02T07:00:00,7,5,12,1,5.93,79.11,39.86,46.67,16.019,1.926,9.98,-0.0,14.093
2023-12-02T08:00:00,8,5,12,1,10.14,75.87,252.9,43.82,15.978,12.466,9.82,-0.0,3.512
2023-12-02T09:00:00,9,5,12,1,12.38,75.59,424.16,50.49,18.588,19.232,10.75,0.644,0.0
2023-12-02T10:00:00,10,5,12,1,12.64,67.56,478.49,61.99,16.89,24.024,17.23,7.134,0.0
2023-12-02T11:00:00,11,5,12,1,13.78,75.14,717.43,41.04,19.327,33.805,30.43,14.478,0.0
2023-12-02T12:00:00,12,5,12,1,15.39,66.51,665.22,51.7,19.736,31.781,41.49,12.045,0.0
2023-12-02T13:00:00,13,5,12,1,17.15,57.95,673.15,45.94,18.465,30.321,52.32,11.856,0.0
2023-12-02T14:00:00,14,5,12,1,16.8,65.0,509.2,54.51,16.79,24.353,59.43,7.563,0.0
2023-12-02T15:00:00,15,5,12,1,16.77,65.59,507.01,33.24,16.453,24.321,66.89,7.868,0.0
2023-12-02T16:00:00,16,5,12,1,15.88,58.2,324.2,13.08,17.146,15.518,64.92,-1.628,0.0
2023-12-02T17:00:00,17,5,12,1,18.32,64.72,32.03,39.08,17.446,1.498,48.88,-15.948,0.0
2023-12-02T18:00:00,18,5,12,1,17.11,65.53,0.0,27.01,19.584,0.012,29.53,-19.572,0.0
2023-12-02T19:00:00,19,5,12,1,14.84,65.88,0.0,25.26,18.268,0.0,11.42,-18.268,0.0
2023-12-02T20:00:00,20,5,12,1,12.33,69.79,0.0,33.99,20.707,0.018,10.14,-1.245,19.444
2023-12-02T21:00:00,21,5,12,1,9.21,67.33,0.0,34.0,19.507,0.011,10.18,-0.0,19.496
2023-12-02T22:00:00,22,5,12,1,11.08,63.67,2.59,34.68,18.285,0.025,9.92,-0.0,18.26
2023-12-02T23:00:00,23,5,12,1,7.32,65.69,0.0,59.13,16.523,0.01,10.13,-0.0,16.513
2023-12-03T00:00:00,0,6,12,1,6.27,73.59,0.5,61.87,13.855,0.0,10.06,-0.0,13.855
2023-12-03T01:00:00,1,6,12,1,4.3,63.15,0.0,0.0,10.916,0.022,9.96,-0.0,10.894
2023-12-03T02:00:00,2,6,12,1,4.73,69.3,0.0,28.58,9.86,0.023,10.0,-0.0,9.837
2023-12-03T03:00:00,3,6,12,1,1.99,62.13,1.35,35.85,10.732,0.018,10.12,-0.0,10.714
2023-12-03T04:00:00,4,6,12,1,3.85,63.59,0.87,33.99,10.128,0.015,10.09,-0.0,10.113
2023-12-03T05:00:00,5,6,12,1,7.42,74.51,0.84,52.27,12.057,0.0,10.08,-0.0,12.057
2023-12-03T06:00:00,6,6,12,1,8.14,66.21,0.82,71.09,15.181,0.017,10.1,-0.0,15.164
2023-12-03T07:00:00,7,6,12,1,8.75,65.49,18.97,20.35,14.781,0.899,9.94,-0.0,13.882
2023-12-03T08:00:00,8,6,12,1,7.48,65.11,259.75,34.55,16.493,12.174,9.8,-0.0,4.319
2023-12-03T09:00:00,9,6,12,1,11.05,68.54,316.59,72.57,19.347,15.183,9.9,-0.0,4.164
2023-12-03T10:00:00,10,6,12,1,14.8,64.3,725.71,25.43,18.934,34.867,24.79,15.933,0.0
2023-12-03T11:00:00,11,6,12,1,12.86,65.96,790.7,31.26,20.029,37.217,40.26,17.188,0.0
2023-12-03T12:00:00,12,6,12,1,15.73,65.98,898.61,24.69,18.353,42.161,58.87,20.0,0.0
2023-12-03T13:00:00,13,6,12,1,18.0,61.61,583.76,58.83,17.963,28.636,68.71,10.673,0.0
2023-12-03T14:00:00,14,6,12,1,18.53,61.49,544.71,52.7,16.543,26.787,78.22,10.244,0.0
2023-12-03T15:00:00,15,6,12,1,19.47,69.64,438.3,43.55,17.265,20.44,80.84,3.175,0.0
2023-12-03T16:00:00,16,6,12,1,15.02,65.32,245.39,43.38,17.3,11.756,75.15,-5.544,0.0
2023-12-03T17:00:00,17,6,12,1,15.33,62.35,41.93,4.99,18.166,1.952,59.19,-16.214,0.0
2023-12-03T18:00:00,18,6,12,1,16.27,63.25,0.0,43.23,18.853,0.0,40.51,-18.853,0.0
2023-12-03T19:00:00,19,6,12,1,13.21,65.92,0.66,18.07,19.148,0.0,21.49,-19.148,0.0
2023-12-03T20:00:00,20,6,12,1,12.59,52.91,0.0,27.18,20.252,0.0,9.9,-11.277,8.975
2023-12-03T21:00:00,21,6,12,1,11.2,75.99,0.0,54.62,20.803,0.0,9.87,-0.0,20.803
2023-12-03T22:00:00,22,6,12,1,10.6,66.19,5.19,40.63,18.208,0.004,10.04,-0.0,18.204
2023-12-03T23:00:00,23,6,12,1,7.58,64.73,0.0,46.31,15.26,0.0,10.31,-0.0,15.26
2023-12-04T00:00:00,0,0,12,0,5.6,68.96,0.0,61.01,10.866,0.027,10.07,-0.0,10.839
2023-12-04T01:00:00,1,0,12,0,5.03,71.16,0.0,46.96,11.212,0.024,10.08,-0.0,11.188
2023-12-04T02:00:00,2,0,12,0,4.99,70.2,0.0,35.32,9.178,0.004,10.29,-0.0,9.174
2023-12-04T03:00:00,3,0,12,0,9.96,67.76,0.0,28.9,9.304,0.016,10.14,-0.0,9.288
2023-12-04T04:00:00,4,0,12,0,5.39,65.02,0.34,38.32,9.877,0.0,10.03,-0.0,9.877
2023-12-04T05:00:00,5,0,12,0,4.9,77.94,0.0,53.87,12.712,0.0,9.83,-0.0,12.712
2023-12-04T06:00:00,6,0,12,0,4.37,70.12,0.43,46.3,17.225,0.003,10.01,-0.0,17.222
2023-12-04T07:00:00,7,0,12,0,6.59,66.69,36.7,33.21,17.526,1.736,10.11,-0.0,15.79
2023-12-04T08:00:00,8,0,12,0,8.37,66.65,292.23,27.91,22.257,14.518,9.84,-0.0,7.739
2023-12-04T09:00:00,9,0,12,0,10.45,70.14,519.81,29.15,21.175,23.337,12.13,2.162,0.0
2023-12-04T10:00:00,10,0,12,0,12.79,68.08,548.25,47.22,17.735,27.251,20.73,9.516,0.0
2023-12-04T11:00:00,11,0,12,0,16.07,61.52,803.64,32.47,15.075,39.465,39.11,20.0,0.0
2023-12-04T12:00:00,12,0,12,0,16.35,57.59,1100.0,0.0,15.18,49.5,57.4,20.0,0.0
2023-12-04T13:00:00,13,0,12,0,16.51,70.12,805.14,32.71,14.18,39.375,76.0,20.0,0.0
2023-12-04T14:00:00,14,0,12,0,14.13,68.77,760.15,20.46,14.1,35.299,94.45,20.0,0.0
2023-12-04T15:00:00,15,0,12,0,18.89,63.01,557.67,22.5,12.957,27.303,99.84,6.148,0.0
2023-12-04T16:00:00,16,0,12,0,17.02,60.65,373.3,7.12,17.079,18.314,100.0,0.0,0.0
2023-12-04T17:00:00,17,0,12,0,13.4,72.91,61.15,3.41,20.983,3.017,82.17,-17.966,0.0
2023-12-04T18:00:00,18,0,12,0,16.44,61.77,0.23,1.95,21.447,0.0,62.16,-20.0,1.447
2023-12-04T19:00:00,19,0,12,0,15.0,61.36,0.0,3.41,24.56,0.004,42.07,-20.0,4.556
2023-12-04T20:00:00,20,0,12,0,8.69,66.36,0.0,26.31,25.016,0.013,21.99,-20.0,5.003
2023-12-04T21:00:00,21,0,12,0,9.84,67.33,2.38,18.43,22.674,0.0,9.96,-12.034,10.64
2023-12-04T22:00:00,22,0,12,0,8.07,50.15,0.87,10.72,18.658,0.0,9.79,-0.0,18.658
2023-12-04T23:00:00,23,0,12,0,8.57,74.03,0.26,36.06,17.966,0.016,9.91,-0.0,17.95
2023-12-05T00:00:00,0,1,12,0,4.12,64.22,0.64,30.98,14.148,0.0,9.96,-0.0,14.148
2023-12-05T01:00:00,1,1,12,0,3.81,66.65,0.06,27.57,11.192,0.0,9.88,-0.0,11.192
2023-12-05T02:00:00,2,1,12,0,5.07,60.16,0.83,11.62,9.397,0.02,10.02,-0.0,9.377
2023-12-05T03:00:00,3,1,12,0,3.0,63.44,0.0,3.8,10.032,0.0,10.22,-0.0,10.032
2023-12-05T04:00:00,4,1,12,0,5.0,65.56,3.32,12.08,9.225,0.009,10.25,-0.0,9.216
2023-12-05T05:00:00,5,1,12,0,3.26,73.34,0.28,16.59,12.042,0.003,9.91,-0.0,12.039
2023-12-05T06:00:00,6,1,12,0,4.55,72.14,4.24,0.0,16.079,0.018,10.26,-0.0,16.061
2023-12-05T07:00:00,7,1,12,0,8.39,74.28,65.71,6.61,19.882,3.095,10.17,-0.0,16.787
2023-12-05T08:00:00,8,1,12,0,9.25,64.33,382.06,4.71,21.741,17.218,9.9,-0.0,4.523
2023-12-05T09:00:00,9,1,12,0,11.72,64.75,558.66,27.25,19.578,28.038,17.86,8.46,0.0
2023-12-05T10:00:00,10,1,12,0,11.13,71.05,691.51,33.83,17.583,32.385,31.4,14.802,0.0
2023-12-05T11:00:00,11,1,12,0,12.44,61.55,814.67,29.77,14.913,38.732,49.49,20.0,0.0
2023-12-05T12:00:00,12,1,12,0,16.87,55.16,1046.72,7.11,15.304,47.107,68.01,20.0,0.0
2023-12-05T13:00:00,13,1,12,0,13.94,63.61,777.92,32.75,14.572,36.641,86.71,20.0,0.0
2023-12-05T14:00:00,14,1,12,0,18.84,63.44,641.83,38.47,16.098,31.893,99.77,14.564,0.0
2023-12-05T15:00:00,15,1,12,0,18.64,50.17,587.41,17.02,15.304,29.114,100.0,0.0,0.0
2023-12-05T16:00:00,16,1,12,0,17.96,70.45,244.32,45.29,15.63,11.738,96.26,-3.892,0.0
2023-12-05T17:00:00,17,1,12,0,14.41,64.96,26.89,23.22,18.114,1.262,79.36,-16.852,0.0
2023-12-05T18:00:00,18,1,12,0,14.38,67.8,3.33,23.45,23.155,0.0,59.02,-20.0,3.155
2023-12-05T19:00:00,19,1,12,0,13.06,60.27,0.0,47.39,22.967,0.0,39.41,-20.0,2.967
2023-12-05T20:00:00,20,1,12,0,9.85,64.6,0.36,34.32,25.084,0.0,19.4,-20.0,5.084
2023-12-05T21:00:00,21,1,12,0,9.95,65.68,0.55,43.52,22.337,0.033,10.14,-9.256,13.048
2023-12-05T22:00:00,22,1,12,0,9.88,65.19,1.4,22.91,18.562,0.0,10.14,-0.0,18.562
2023-12-05T23:00:00,23,1,12,0,8.46,68.43,0.2,33.67,16.723,0.0,10.26,-0.0,16.723
2023-12-06T00:00:00,0,2,12,0,4.59,74.85,1.81,32.16,10.811,0.0,9.89,-0.0,10.811
2023-12-06T01:00:00,1,2,12,0,5.53,72.12,0.0,43.09,9.207,0.0,9.97,-0.0,9.207
2023-12-06T02:00:00,2,2,12,0,4.5,67.85,0.0,38.84,10.663,0.0,9.87,-0.0,10.663
2023-12-06T03:00:00,3,2,12,0,6.18,80.43,0.0,31.23,9.449,0.011,10.12,-0.0,9.438
2023-12-06T04:00:00,4,2,12,0,5.35,71.47,0.0,50.29,10.823,0.002,9.96,-0.0,10.821
2023-12-06T05:00:00,5,2,12,0,6.04,66.98,0.0,44.21,12.463,0.0,9.8,-0.0,12.463
2023-12-06T06:00:00,6,2,12,0,7.38,61.91,1.33,47.98,16.057,0.014,10.01,-0.0,16.043
2023-12-06T07:00:00,7,2,12,0,8.25,72.72,16.12,57.37,19.394,0.811,9.7,-0.0,18.583
2023-12-06T08:00:00,8,2,12,0,6.27,73.63,273.15,36.2,21.765,13.384,10.01,-0.0,8.381
2023-12-06T09:00:00,9,2,12,0,9.3,65.65,359.49,55.09,21.955,17.603,10.02,-0.0,4.352
2023-12-06T10:00:00,10,2,12,0,11.11,69.74,702.82,30.2,17.801,31.6,22.63,13.799,0.0
2023-12-06T11:00:00,11,2,12,0,13.05,68.07,708.93,44.19,15.913,35.118,40.51,19.205,0.0
2023-12-06T12:00:00,12,2,12,0,15.38,55.72,845.13,32.32,14.459,40.168,58.49,20.0,0.0
2023-12-06T13:00:00,13,2,12,0,17.12,67.87,747.95,39.73,12.03,36.195,77.18,20.0,0.0
2023-12-06T14:00:00,14,2,12,0,17.1,63.74,605.9,41.79,14.123,28.365,90.3,14.242,0.0
2023-12-06T15:00:00,15,2,12,0,17.01,59.19,478.74,39.87,16.42,24.306,97.51,7.886,0.0
2023-12-06T16:00:00,16,2,12,0,15.67,72.59,219.63,54.79,17.103,10.183,90.79,-6.92,0.0
2023-12-06T17:00:00,17,2,12,0,17.39,70.11,18.26,45.23,18.913,0.936,72.53,-17.977,0.0
2023-12-06T18:00:00,18,2,12,0,15.08,64.76,0.0,70.61,23.388,0.006,52.61,-20.0,3.382
2023-12-06T19:00:00,19,2,12,0,12.96,73.8,0.0,75.04,24.308,0.027,32.64,-20.0,4.281
2023-12-06T20:00:00,20,2,12,0,10.99,72.19,1.13,60.1,26.291,0.006,12.57,-20.0,6.285
2023-12-06T21:00:00,21,2,12,0,8.21,69.28,1.84,39.55,22.445,0.0,9.76,-2.624,19.821
2023-12-06T22:00:00,22,2,12,0,8.6,69.75,0.0,59.04,19.634,0.0,10.23,-0.0,19.634
2023-12-06T23:00:00,23,2,12,0,7.21,73.81,0.0,68.79,15.451,0.003,9.88,-0.0,15.448
2023-12-07T00:00:00,0,3,12,0,4.92,79.23,0.0,60.31,12.191,0.007,9.89,-0.0,12.184
2023-12-07T01:00:00,1,3,12,0,6.71,75.42,1.67,59.1,8.306,0.0,9.66,-0.0,8.306
2023-12-07T02:00:00,2,3,12,0,2.36,61.32,1.76,27.03,9.652,0.0,10.01,-0.0,9.652
2023-12-07T03:00:00,3,3,12,0,5.39,58.06,0.5,23.59,9.015,0.013,10.03,-0.0,9.002
2023-12-07T04:00:00,4,3,12,0,6.84,61.37,0.37,41.47,9.657,0.009,10.19,-0.0,9.648
2023-12-07T05:00:00,5,3,12,0,7.03,61.74,0.0,27.97,8.49,0.0,9.94,-0.0,8.49
2023-12-07T06:00:00,6,3,12,0,5.77,62.33,0.7,7.19,14.719,0.013,10.04,-0.0,14.706
2023-12-07T07:00:00,7,3,12,0,5.56,67.77,27.11,32.61,19.449,1.253,10.15,-0.0,18.196
2023-12-07T08:00:00,8,3,12,0,6.75,66.13,347.81,13.1,20.144,16.817,10.21,-0.0,3.327
2023-12-07T09:00:00,9,3,12,0,10.02,62.52,664.03,0.0,20.602,30.663,19.31,10.061,0.0
2023-12-07T10:00:00,10,3,12,0,10.77,64.26,798.43,14.86,18.425,39.689,37.6,20.0,0.0
2023-12-07T11:00:00,11,3,12,0,12.66,71.43,823.1,29.83,15.621,39.908,56.24,20.0,0.0
2023-12-07T12:00:00,12,3,12,0,14.45,55.26,898.66,22.62,14.759,44.841,74.64,20.0,0.0
2023-12-07T13:00:00,13,3,12,0,15.93,64.65,881.26,23.65,14.404,44.041,92.6,20.0,0.0
2023-12-07T14:00:00,14,3,12,0,17.36,67.83,573.19,50.21,14.87,27.938,100.0,7.765,0.0
2023-12-07T15:00:00,15,3,12,0,15.37,54.68,650.98,8.32,14.199,30.507,100.0,0.0,0.0
2023-12-07T16:00:00,16,3,12,0,15.71,67.18,283.9,33.03,15.62,12.558,97.05,-3.062,0.0
2023-12-07T17:00:00,17,3,12,0,16.48,64.01,30.71,20.07,18.524,1.502,79.88,-17.022,0.0
2023-12-07T18:00:00,18,3,12,0,14.83,67.52,1.18,51.29,23.712,0.0,59.84,-20.0,3.712
2023-12-07T19:00:00,19,3,12,0,17.21,50.66,0.25,26.8,24.594,0.0,40.12,-20.0,4.594
2023-12-07T20:00:00,20,3,12,0,12.28,71.15,0.3,32.55,25.197,0.013,19.95,-20.0,5.184
2023-12-07T21:00:00,21,3,12,0,8.66,73.74,0.0,61.14,22.499,0.016,9.97,-9.916,12.567
2023-12-07T22:00:00,22,3,12,0,8.77,74.5,1.75,60.69,19.629,0.013,9.98,-0.0,19.616
2023-12-07T23:00:00,23,3,12,0,8.43,56.84,0.0,68.22,17.246,0.0,10.0,-0.0,17.246
2023-12-08T00:00:00,0,4,12,0,5.12,67.22,0.0,29.94,12.628,0.008,9.98,-0.0,12.62
2023-12-08T01:00:00,1,4,12,0,3.25,66.18,0.69,46.22,8.969,0.001,10.17,-0.0,8.968
2023-12-08T02:00:00,2,4,12,0,6.1,77.45,1.71,40.94,10.496,0.008,10.07,-0.0,10.488
2023-12-08T03:00:00,3,4,12,0,2.56,66.4,1.58,34.26,9.793,0.036,10.06,-0.0,9.757
2023-12-08T04:00:00,4,4,12,0,4.69,76.56,1.71,23.65,10.638,0.0,9.97,-0.0,10.638
2023-12-08T05:00:00,5,4,12,0,4.46,76.96,0.0,43.02,11.892,0.0,10.09,-0.0,11.892
2023-12-08T06:00:00,6,4,12,0,6.28,72.71,3.49,45.68,14.586,0.0,9.86,-0.0,14.586
2023-12-08T07:00:00,7,4,12,0,9.97,75.89,33.49,50.0,20.215,1.653,10.03,-0.0,18.562
2023-12-08T08:00:00,8,4,12,0,9.51,66.01,244.31,51.77,20.893,11.18,9.76,-0.0,9.713
2023-12-08T09:00:00,9,4,12,0,8.86,71.69,248.5,81.27,21.425,11.755,9.96,-0.0,9.67
2023-12-08T10:00:00,10,4,12,0,13.9,71.29,613.37,40.79,17.392,27.281,19.02,9.889,0.0
2023-12-08T11:00:00,11,4,12,0,12.21,59.9,884.46,20.75,15.282,40.922,37.49,20.0,0.0
2023-12-08T12:00:00,12,4,12,0,15.41,59.42,778.27,42.14,13.565,35.313,55.84,20.0,0.0
2023-12-08T13:00:00,13,4,12,0,14.45,65.67,653.3,46.84,14.086,32.164,72.61,18.078,0.0
2023-12-08T14:00:00,14,4,12,0,15.47,64.16,477.18,59.22,15.281,23.054,79.58,7.773,0.0
2023-12-08T15:00:00,15,4,12,0,17.72,72.04,526.89,28.41,14.794,24.575,88.81,9.781,0.0
2023-12-08T16:00:00,16,4,12,0,16.57,68.29,264.84,35.51,16.792,11.289,83.41,-5.503,0.0
2023-12-08T17:00:00,17,4,12,0,13.95,60.14,45.83,16.61,21.228,2.082,63.87,-19.146,0.0
2023-12-08T18:00:00,18,4,12,0,16.1,59.0,1.63,31.06,21.655,0.0,44.12,-20.0,1.655
2023-12-08T19:00:00,19,4,12,0,12.09,63.54,0.0,1.97,24.5,0.0,23.99,-20.0,4.5
2023-12-08T20:00:00,20,4,12,0,13.2,68.03,0.0,7.66,25.863,0.0,10.14,-14.03,11.833
2023-12-08T21:00:00,21,4,12,0,9.63,69.64,1.14,35.18,21.096,0.0,9.84,-0.0,21.096
2023-12-08T22:00:00,22,4,12,0,7.25,63.85,0.0,29.25,20.009,0.0,10.18,-0.0,20.009
2023-12-08T23:00:00,23,4,12,0,6.37,60.3,0.0,18.58,15.691,0.0,9.94,-0.0,15.691
2023-12-09T00:00:00,0,5,12,1,4.68,66.96,0.12,21.49,12.193,0.0,9.97,-0.0,12.193
2023-12-09T01:00:00,1,5,12,1,5.5,73.26,0.0,43.36,12.826,0.0,9.97,-0.0,12.826
2023-12-09T02:00:00,2,5,12,1,4.56,68.59,0.54,34.98,9.747,0.021,9.83,-0.0,9.726
2023-12-09T03:00:00,3,5,12,1,3.75,74.12,0.96,19.64,8.515,0.005,10.12,-0.0,8.51
2023-12-09T04:00:00,4,5,12,1,5.63,67.74,0.0,0.0,8.559,0.015,9.91,-0.0,8.544
2023-12-09T05:00:00,5,5,12,1,3.59,72.61,1.72,34.63,12.049,0.02,10.07,-0.0,12.029
2023-12-09T06:00:00,6,5,12,1,3.76,70.97,1.28,15.34,14.021,0.028,9.96,-0.0,13.993
2023-12-09T07:00:00,7,5,12,1,7.07,63.41,28.37,40.27,13.517,1.466,9.97,-0.0,12.051
2023-12-09T08:00:00,8,5,12,1,7.19,65.51,304.8,25.02,17.446,14.363,10.15,-0.0,3.083
2023-12-09T09:00:00,9,5,12,1,8.74,64.85,446.02,44.37,17.535,21.021,12.98,3.486,0.0
2023-12-09T10:00:00,10,5,12,1,13.55,66.88,703.71,28.1,18.554,33.144,26.29,14.59,0.0
2023-12-09T11:00:00,11,5,12,1,13.66,60.91,778.47,35.64,19.878,39.329,44.42,19.451,0.0
2023-12-09T12:00:00,12,5,12,1,14.16,65.86,827.83,33.6,16.687,40.485,62.91,20.0,0.0
2023-12-09T13:00:00,13,5,12,1,15.65,61.68,890.5,19.39,18.731,43.534,81.29,20.0,0.0
2023-12-09T14:00:00,14,5,12,1,15.19,72.31,458.46,63.08,15.244,22.258,87.66,7.014,0.0
2023-12-09T15:00:00,15,5,12,1,19.89,53.07,596.15,11.99,14.966,28.158,100.0,13.192,0.0
2023-12-09T16:00:00,16,5,12,1,17.25,62.3,352.57,8.84,15.146,16.732,100.0,0.093,0.0
2023-12-09T17:00:00,17,5,12,1,15.37,60.23,33.99,38.86,18.006,1.576,83.17,-16.43,0.0
2023-12-09T18:00:00,18,5,12,1,14.89,61.26,0.0,40.52,19.07,0.019,64.42,-19.051,0.0
2023-12-09T19:00:00,19,5,12,1,12.6,64.33,0.07,25.16,20.225,0.0,44.58,-20.0,0.225
2023-12-09T20:00:00,20,5,12,1,10.17,72.08,0.0,23.36,19.552,0.017,25.03,-19.535,0.0
2023-12-09T21:00:00,21,5,12,1,9.6,62.37,0.0,24.42,18.711,0.006,9.88,-14.984,3.721
2023-12-09T22:00:00,22,5,12,1,8.78,56.79,1.72,15.38,18.557,0.027,10.2,-0.0,18.53
2023-12-09T23:00:00,23,5,12,1,7.47,64.05,0.94,31.27,16.496,0.001,9.86,-0.0,16.495
2023-12-10T00:00:00,0,6,12,1,6.35,65.15,0.0,15.82,12.848,0.023,10.0,-0.0,12.825
2023-12-10T01:00:00,1,6,12,1,4.68,77.95,0.34,19.86,11.741,0.002,9.99,-0.0,11.739
2023-12-10T02:00:00,2,6,12,1,4.17,69.73,0.0,12.56,10.994,0.003,10.04,-0.0,10.991
2023-12-10T03:00:00,3,6,12,1,3.21,65.82,0.0,20.97,12.87,0.013,9.91,-0.0,12.857
2023-12-10T04:00:00,4,6,12,1,3.53,65.55,2.31,0.0,11.81,0.0,10.07,-0.0,11.81
2023-12-10T05:00:00,5,6,12,1,5.65,72.95,3.82,0.0,12.191,0.011,9.87,-0.0,12.18
2023-12-10T06:00:00,6,6,12,1,5.96,67.1,2.67,22.55,12.602,0.0,10.05,-0.0,12.602
2023-12-10T07:00:00,7,6,12,1,6.77,67.98,5.27,30.98,14.693,0.247,9.91,-0.0,14.446
2023-12-10T08:00:00,8,6,12,1,7.17,65.9,331.62,24.46,17.284,15.898,10.21,-0.0,1.386
2023-12-10T09:00:00,9,6,12,1,9.22,67.94,614.48,8.85,17.739,29.672,20.94,11.933,0.0
2023-12-10T10:00:00,10,6,12,1,12.41,63.82,661.52,33.81,18.002,30.469,32.47,12.467,0.0
2023-12-10T11:00:00,11,6,12,1,15.81,66.59,928.57,18.18,16.962,43.34,51.01,20.0,0.0
2023-12-10T12:00:00,12,6,12,1,14.84,68.61,928.63,21.76,18.179,44.365,69.28,20.0,0.0
2023-12-10T13:00:00,13,6,12,1,15.31,68.42,747.83,37.15,18.711,35.766,85.06,17.055,0.0
2023-12-10T14:00:00,14,6,12,1,16.91,59.53,825.21,11.64,15.826,37.639,99.82,16.371,0.0
2023-12-10T15:00:00,15,6,12,1,15.32,56.36,539.76,23.87,18.309,25.911,100.0,0.0,0.0
2023-12-10T16:00:00,16,6,12,1,18.94,56.87,361.75,1.37,16.976,17.389,99.97,0.0,0.0
2023-12-10T17:00:00,17,6,12,1,16.21,57.4,45.87,9.68,18.857,2.272,83.54,-16.585,0.0
2023-12-10T18:00:00,18,6,12,1,13.72,57.94,0.42,7.86,18.226,0.01,65.27,-18.216,0.0
2023-12-10T19:00:00,19,6,12,1,13.45,62.08,0.28,16.47,16.813,0.0,48.46,-16.813,0.0
2023-12-10T20:00:00,20,6,12,1,11.65,69.79,1.53,37.36,19.141,0.011,29.36,-19.13,0.0
2023-12-10T21:00:00,21,6,12,1,12.24,65.27,0.15,46.08,18.376,0.0,11.03,-18.376,0.0
2023-12-10T22:00:00,22,6,12,1,8.56,64.22,0.0,50.71,17.045,0.0,9.69,-0.88,16.165
2023-12-10T23:00:00,23,6,12,1,6.35,65.16,2.73,35.02,17.168,0.001,9.88,-0.0,17.167
2023-12-11T00:00:00,0,0,12,0,5.02,74.63,0.0,4.94,10.868,0.001,10.0,-0.0,10.867
2023-12-11T01:00:00,1,0,12,0,4.16,70.22,1.81,10.41,9.275,0.0,9.82,-0.0,9.275
2023-12-11T02:00:00,2,0,12,0,4.31,66.98,1.14,39.6,9.34,0.014,9.96,-0.0,9.326
2023-12-11T03:00:00,3,0,12,0,3.96,78.19,2.79,38.14,10.677,0.019,10.03,-0.0,10.658
2023-12-11T04:00:00,4,0,12,0,2.16,67.2,1.29,9.24,10.07,0.051,10.24,-0.0,10.019
2023-12-11T05:00:00,5,0,12,0,5.78,80.27,0.0,25.7,11.18,0.001,10.11,-0.0,11.179
2023-12-11T06:00:00,6,0,12,0,6.17,66.12,1.63,0.0,14.929,0.021,10.11,-0.0,14.908
2023-12-11T07:00:00,7,0,12,0,7.52,68.92,43.13,13.53,20.259,2.031,10.01,-0.0,18.228
2023-12-11T08:00:00,8,0,12,0,8.04,70.17,320.65,14.68,21.556,16.092,9.74,-0.0,5.464
2023-12-11T09:00:00,9,0,12,0,10.08,70.09,669.03,0.0,20.574,33.071,21.39,12.497,0.0
2023-12-11T10:00:00,10,0,12,0,12.34,61.68,802.12,16.45,17.85,41.394,39.65,20.0,0.0
2023-12-11T11:00:00,11,0,12,0,12.15,69.5,983.41,6.56,13.374,42.832,58.38,20.0,0.0
2023-12-11T12:00:00,12,0,12,0,14.82,62.1,827.03,34.49,14.094,40.313,76.71,20.0,0.0
2023-12-11T13:00:00,13,0,12,0,17.21,62.27,763.58,35.58,15.11,33.476,93.63,18.366,0.0
2023-12-11T14:00:00,14,0,12,0,17.36,66.52,529.15,52.17,11.755,25.281,100.0,6.963,0.0
2023-12-11T15:00:00,15,0,12,0,17.14,74.56,287.61,74.55,12.691,13.652,99.93,0.0,0.0
2023-12-11T16:00:00,16,0,12,0,19.69,62.76,254.99,46.92,15.269,11.707,96.24,-3.562,0.0
2023-12-11T17:00:00,17,0,12,0,16.13,72.73,24.43,34.34,18.506,1.144,79.01,-17.362,0.0
2023-12-11T18:00:00,18,0,12,0,16.1,69.05,0.0,20.46,22.905,0.0,59.14,-20.0,2.905
2023-12-11T19:00:00,19,0,12,0,12.48,69.49,0.0,53.06,23.986,0.0,38.82,-20.0,3.986
2023-12-11T20:00:00,20,0,12,0,11.39,65.64,0.0,56.88,25.965,0.0,19.11,-20.0,5.965
2023-12-11T21:00:00,21,0,12,0,9.06,76.7,0.0,56.5,25.316,0.0,9.82,-9.076,16.24
2023-12-11T22:00:00,22,0,12,0,9.26,58.8,0.0,41.14,18.699,0.004,10.09,-0.0,18.695
2023-12-11T23:00:00,23,0,12,0,6.43,74.22,2.15,39.0,14.901,0.021,9.81,-0.0,14.88
2023-12-12T00:00:00,0,1,12,0,6.16,67.53,0.0,45.57,11.362,0.007,10.12,-0.0,11.355
2023-12-12T01:00:00,1,1,12,0,4.18,74.54,0.0,15.7,11.427,0.027,9.79,-0.0,11.4
2023-12-12T02:00:00,2,1,12,0,3.14,62.52,0.0,19.88,10.175,0.027,9.86,-0.0,10.148
2023-12-12T03:00:00,3,1,12,0,2.89,65.28,0.26,13.19,10.548,0.001,10.1,-0.0,10.547
2023-12-12T04:00:00,4,1,12,0,4.75,72.18,0.0,29.34,10.034,0.0,9.97,-0.0,10.034
2023-12-12T05:00:00,5,1,12,0,5.28,76.7,1.7,55.96,12.518,0.0,9.71,-0.0,12.518
2023-12-12T06:00:00,6,1,12,0,4.11,69.79,0.24,46.56,18.183,0.0,10.11,-0.0,18.183
2023-12-12T07:00:00,7,1,12,0,8.81,68.11,31.84,42.76,18.606,1.536,9.68,-0.0,17.07
2023-12-12T08:00:00,8,1,12,0,7.65,69.85,370.01,7.27,21.0,18.002,9.97,-0.0,2.998
2023-12-12T09:00:00,9,1,12,0,10.96,71.4,515.03,28.01,20.474,25.445,14.88,4.971,0.0
2023-12-12T10:00:00,10,1,12,0,11.29,64.35,690.28,27.43,20.071,32.782,26.28,12.711,0.0
2023-12-12T11:00:00,11,1,12,0,14.98,58.04,1018.8,7.46,16.127,50.0,44.62,20.0,0.0
2023-12-12T12:00:00,12,1,12,0,14.13,53.72,1100.0,0.93,14.339,50.0,63.06,20.0,0.0
2023-12-12T13:00:00,13,1,12,0,17.2,61.45,991.54,9.59,13.491,47.848,81.3,20.0,0.0
2023-12-12T14:00:00,14,1,12,0,17.01,62.91,892.62,0.0,15.64,39.866,99.89,20.0,0.0
2023-12-12T15:00:00,15,1,12,0,15.63,60.36,683.18,0.0,14.733,32.419,100.0,0.144,0.0
2023-12-12T16:00:00,16,1,12,0,15.86,54.85,386.81,0.0,18.132,20.127,99.94,0.0,0.0
2023-12-12T17:00:00,17,1,12,0,13.99,69.44,63.58,0.0,19.04,3.07,83.91,-15.97,0.0
2023-12-12T18:00:00,18,1,12,0,13.62,55.1,0.0,32.73,22.207,0.0,64.1,-20.0,2.207
2023-12-12T19:00:00,19,1,12,0,13.96,66.05,0.0,7.54,23.812,0.0,44.14,-20.0,3.812
2023-12-12T20:00:00,20,1,12,0,13.51,61.85,0.82,0.0,25.979,0.0,24.05,-20.0,5.979
2023-12-12T21:00:00,21,1,12,0,10.13,70.16,2.1,34.58,20.87,0.011,9.95,-14.03,6.829
2023-12-12T22:00:00,22,1,12,0,8.97,60.93,4.04,10.62,20.707,0.006,10.08,-0.0,20.701
2023-12-12T23:00:00,23,1,12,0,6.07,68.83,0.0,31.55,14.873,0.02,9.78,-0.0,14.853
2023-12-13T00:00:00,0,2,12,0,3.1,69.97,0.0,13.35,9.832,0.008,9.93,-0.0,9.824
2023-12-13T01:00:00,1,2,12,0,5.31,70.54,0.0,37.93,10.781,0.0,9.65,-0.0,10.781
2023-12-13T02:00:00,2,2,12,0,2.07,63.6,1.02,36.69,11.061,0.015,9.98,-0.0,11.046
2023-12-13T03:00:00,3,2,12,0,4.37,81.36,0.0,46.7,9.608,0.0,9.97,-0.0,9.608
2023-12-13T04:00:00,4,2,12,0,2.86,74.2,0.41,28.81,11.182,0.02,10.16,-0.0,11.162
2023-12-13T05:00:00,5,2,12,0,4.91,68.76,1.85,20.63,12.51,0.0,9.87,-0.0,12.51
2023-12-13T06:00:00,6,2,12,0,3.53,69.1,0.0,15.63,16.114,0.0,10.16,-0.0,16.114
2023-12-13T07:00:00,7,2,12,0,7.13,75.6,34.6,19.35,20.781,1.721,9.97,-0.0,19.06
2023-12-13T08:00:00,8,2,12,0,9.68,59.16,380.62,0.0,20.237,18.789,10.1,-0.0,1.448
2023-12-13T09:00:00,9,2,12,0,8.83,61.59,563.34,20.58,20.149,27.522,16.9,7.373,0.0
2023-12-13T10:00:00,10,2,12,0,10.52,76.1,482.17,62.89,15.176,22.698,23.71,7.522,0.0
2023-12-13T11:00:00,11,2,12,0,13.69,65.68,912.04,17.97,16.69,45.367,42.14,20.0,0.0
2023-12-13T12:00:00,12,2,12,0,16.22,61.05,727.54,45.48,13.85,36.566,60.42,20.0,0.0
2023-12-13T13:00:00,13,2,12,0,13.08,73.21,684.66,45.08,14.06,33.807,78.85,19.747,0.0
2023-12-13T14:00:00,14,2,12,0,19.47,68.36,479.27,62.6,13.803,25.375,89.72,11.572,0.0
2023-12-13T15:00:00,15,2,12,0,16.86,56.74,593.72,15.36,14.082,29.246,99.78,11.612,0.0
2023-12-13T16:00:00,16,2,12,0,16.53,66.25,307.53,31.29,17.285,15.354,98.08,-1.931,0.0
2023-12-13T17:00:00,17,2,12,0,16.05,64.52,28.86,22.96,19.955,1.416,79.49,-18.539,0.0
2023-12-13T18:00:00,18,2,12,0,12.7,62.44,0.0,11.12,22.256,0.011,59.6,-20.0,2.245
2023-12-13T19:00:00,19,2,12,0,14.26,62.28,1.98,0.0,27.323,0.0,39.29,-20.0,7.323
2023-12-13T20:00:00,20,2,12,0,10.83,65.8,1.07,2.84,26.357,0.023,19.37,-20.0,6.334
2023-12-13T21:00:00,21,2,12,0,10.04,68.48,0.0,8.19,24.638,0.019,10.26,-9.53,15.089
2023-12-13T22:00:00,22,2,12,0,8.53,66.31,0.21,15.11,17.278,0.0,10.22,-0.0,17.278
2023-12-13T23:00:00,23,2,12,0,7.72,67.16,0.0,30.4,15.765,0.03,9.76,-0.0,15.735
2023-12-14T00:00:00,0,3,12,0,4.1,71.38,1.59,28.25,12.908,0.0,10.3,-0.0,12.908
2023-12-14T01:00:00,1,3,12,0,5.16,75.32,0.18,26.69,9.489,0.009,9.89,-0.0,9.48
2023-12-14T02:00:00,2,3,12,0,2.84,76.53,2.29,44.94,9.56,0.028,10.13,-0.0,9.532
2023-12-14T03:00:00,3,3,12,0,6.14,71.18,0.0,53.25,8.613,0.0,9.98,-0.0,8.613
2023-12-14T04:00:00,4,3,12,0,7.56,71.95,0.34,50.9,10.788,0.042,10.04,-0.0,10.746
2023-12-14T05:00:00,5,3,12,0,6.48,78.67,0.0,38.03,11.792,0.003,10.02,-0.0,11.789
2023-12-14T06:00:00,6,3,12,0,6.91,77.07,0.38,59.5,14.259,0.007,10.15,-0.0,14.252
2023-12-14T07:00:00,7,3,12,0,6.7,69.02,39.42,24.97,20.966,2.031,9.93,-0.0,18.935
2023-12-14T08:00:00,8,3,12,0,9.68,68.66,383.55,0.56,21.741,17.904,10.28,-0.0,3.837
2023-12-14T09:00:00,9,3,12,0,10.48,65.74,466.18,40.11,20.685,21.939,11.32,1.254,0.0
2023-12-14T10:00:00,10,3,12,0,10.15,65.85,831.63,10.61,17.556,40.083,29.5,20.0,0.0
2023-12-14T11:00:00,11,3,12,0,15.79,71.82,901.05,19.51,16.142,43.849,47.97,20.0,0.0
2023-12-14T12:00:00,12,3,12,0,16.2,62.56,1100.0,0.0,14.851,50.0,66.38,20.0,0.0
2023-12-14T13:00:00,13,3,12,0,15.4,67.83,1067.12,0.0,12.016,50.0,84.7,20.0,0.0
2023-12-14T14:00:00,14,3,12,0,14.72,59.68,904.38,0.0,16.33,44.21,99.96,16.572,0.0
2023-12-14T15:00:00,15,3,12,0,15.57,60.47,542.71,21.42,16.818,26.599,100.0,0.0,0.0
2023-12-14T16:00:00,16,3,12,0,14.69,68.15,323.71,14.85,16.017,15.517,99.59,-0.5,0.0
2023-12-14T17:00:00,17,3,12,0,17.4,52.72,26.94,21.57,17.566,1.376,83.23,-16.19,0.0
2023-12-14T18:00:00,18,3,12,0,12.51,66.97,0.0,31.66,21.735,0.023,63.33,-20.0,1.712
2023-12-14T19:00:00,19,3,12,0,13.2,75.36,0.0,61.75,24.323,0.008,43.16,-20.0,4.315
2023-12-14T20:00:00,20,3,12,0,11.4,73.34,1.02,57.29,25.815,0.0,23.57,-20.0,5.815
2023-12-14T21:00:00,21,3,12,0,8.26,57.76,0.08,30.77,22.487,0.0,10.12,-13.31,9.177
2023-12-14T22:00:00,22,3,12,0,8.6,62.5,0.0,38.4,18.733,0.0,9.99,-0.0,18.733
2023-12-14T23:00:00,23,3,12,0,7.13,66.07,0.0,15.79,17.22,0.0,10.03,-0.0,17.22
2023-12-15T00:00:00,0,4,12,0,6.26,69.77,0.0,17.6,11.794,0.0,10.12,-0.0,11.794
2023-12-15T01:00:00,1,4,12,0,2.59,73.09,0.0,24.95,11.967,0.0,9.92,-0.0,11.967
2023-12-15T02:00:00,2,4,12,0,2.65,72.88,1.56,41.08,10.038,0.0,10.0,-0.0,10.038
2023-12-15T03:00:00,3,4,12,0,-0.24,75.62,0.86,24.29,11.691,0.0,10.11,-0.0,11.691
2023-12-15T04:00:00,4,4,12,0,1.07,77.1,0.0,48.71,12.9,0.011,9.82,-0.0,12.889
2023-12-15T05:00:00,5,4,12,0,6.35,75.96,3.79,79.35,12.514,0.021,10.08,-0.0,12.493
2023-12-15T06:00:00,6,4,12,0,7.85,72.64,0.0,40.44,15.107,0.0,10.38,-0.0,15.107
2023-12-15T07:00:00,7,4,12,0,6.54,66.36,23.68,33.29,19.07,1.143,9.75,-0.0,17.927
2023-12-15T08:00:00,8,4,12,0,6.98,72.25,292.5,31.33,22.273,14.524,10.14,-0.0,7.749
2023-12-15T09:00:00,9,4,12,0,9.22,63.71,517.52,32.08,21.034,24.754,13.24,3.72,0.0
2023-12-15T10:00:00,10,4,12,0,12.97,64.35,884.68,5.62,15.322,44.419,31.62,20.0,0.0
2023-12-15T11:00:00,11,4,12,0,12.53,70.9,656.32,48.53,15.892,30.664,45.35,14.772,0.0
2023-12-15T12:00:00,12,4,12,0,14.95,64.36,773.93,39.19,13.892,35.131,63.89,20.0,0.0
2023-12-15T13:00:00,13,4,12,0,16.81,65.14,892.78,20.07,14.398,42.285,82.3,20.0,0.0
2023-12-15T14:00:00,14,4,12,0,15.49,70.54,777.01,20.97,14.252,37.182,99.98,19.334,0.0
2023-12-15T15:00:00,15,4,12,0,16.14,57.13,577.31,19.37,14.484,28.135,99.84,0.0,0.0
2023-12-15T16:00:00,16,4,12,0,17.04,68.65,279.9,33.7,14.716,13.647,98.91,-1.069,0.0
2023-12-15T17:00:00,17,4,12,0,14.35,69.45,35.85,24.73,17.678,1.678,82.66,-16.0,0.0
2023-12-15T18:00:00,18,4,12,0,15.35,61.32,1.07,17.29,22.651,0.014,63.06,-20.0,2.637
2023-12-15T19:00:00,19,4,12,0,12.67,67.39,0.01,14.37,25.36,0.0,42.87,-20.0,5.36
2023-12-15T20:00:00,20,4,12,0,11.97,65.65,0.0,35.41,25.439,0.005,23.1,-20.0,5.434
2023-12-15T21:00:00,21,4,12,0,11.53,76.41,0.52,55.14,23.248,0.024,9.85,-12.931,10.293
2023-12-15T22:00:00,22,4,12,0,7.88,54.73,0.0,30.38,18.522,0.01,10.08,-0.0,18.512
2023-12-15T23:00:00,23,4,12,0,7.98,72.9,0.0,12.42,15.013,0.0,9.73,-0.0,15.013
2023-12-16T00:00:00,0,5,12,1,2.1,68.08,1.98,43.97,13.755,0.0,10.2,-0.0,13.755
2023-12-16T01:00:00,1,5,12,1,4.52,76.76,0.94,70.67,12.489,0.038,10.07,-0.0,12.451
2023-12-16T02:00:00,2,5,12,1,4.85,70.15,1.08,57.9,10.336,0.039,9.95,-0.0,10.297
2023-12-16T03:00:00,3,5,12,1,6.1,77.06,0.0,31.57,11.646,0.014,9.93,-0.0,11.632
2023-12-16T04:00:00,4,5,12,1,1.52,70.89,0.53,31.16,9.764,0.027,9.95,-0.0,9.737
2023-12-16T05:00:00,5,5,12,1,4.8,69.24,0.0,42.57,11.967,0.0,10.0,-0.0,11.967
2023-12-16T06:00:00,6,5,12,1,6.65,72.18,0.75,13.59,13.34,0.015,9.76,-0.0,13.325
2023-12-16T07:00:00,7,5,12,1,6.21,72.77,25.09,28.79,13.983,1.219,9.95,-0.0,12.764
2023-12-16T08:00:00,8,5,12,1,7.84,70.02,217.43,52.03,16.805,10.625,9.95,-0.0,6.18
2023-12-16T09:00:00,9,5,12,1,11.59,64.58,403.58,51.38,16.166,18.678,12.46,2.512,0.0
2023-12-16T10:00:00,10,5,12,1,11.84,60.1,732.15,26.95,18.471,35.373,27.78,16.902,0.0
2023-12-16T11:00:00,11,5,12,1,15.75,75.8,538.31,65.9,18.826,24.827,33.23,6.001,0.0
2023-12-16T12:00:00,12,5,12,1,15.1,66.59,846.61,30.7,17.426,41.939,51.77,20.0,0.0
2023-12-16T13:00:00,13,5,12,1,18.47,58.91,1064.62,0.0,18.715,50.0,70.27,20.0,0.0
2023-12-16T14:00:00,14,5,12,1,15.57,65.58,749.68,23.19,18.508,35.919,86.21,17.411,0.0
2023-12-16T15:00:00,15,5,12,1,16.13,53.17,546.43,23.92,16.691,26.693,95.41,10.002,0.0
2023-12-16T16:00:00,16,5,12,1,16.31,62.53,270.67,32.8,16.855,12.769,91.32,-4.086,0.0
2023-12-16T17:00:00,17,5,12,1,14.34,64.5,23.45,37.86,17.067,1.106,75.33,-15.961,0.0
2023-12-16T18:00:00,18,5,12,1,15.35,68.2,0.0,23.58,18.272,0.017,57.02,-18.255,0.0
2023-12-16T19:00:00,19,5,12,1,12.43,56.93,0.0,19.41,18.731,0.0,38.25,-18.731,0.0
2023-12-16T20:00:00,20,5,12,1,9.53,71.64,2.03,22.76,19.647,0.0,18.73,-19.647,0.0
2023-12-16T21:00:00,21,5,12,1,11.2,74.16,0.0,20.99,18.887,0.018,10.05,-8.722,10.147
2023-12-16T22:00:00,22,5,12,1,6.6,58.0,0.86,13.48,19.851,0.038,10.01,-0.0,19.813
2023-12-16T23:00:00,23,5,12,1,8.35,63.69,0.0,0.0,16.456,0.025,9.73,-0.0,16.431
2023-12-17T00:00:00,0,6,12,1,4.96,68.11,0.0,0.97,11.617,0.007,10.14,-0.0,11.61
2023-12-17T01:00:00,1,6,12,1,6.48,69.12,2.28,0.77,9.964,0.005,9.79,-0.0,9.959
2023-12-17T02:00:00,2,6,12,1,3.62,55.39,0.55,0.0,12.206,0.006,9.8,-0.0,12.2
2023-12-17T03:00:00,3,6,12,1,3.09,68.19,3.31,0.0,12.263,0.0,9.84,-0.0,12.263
2023-12-17T04:00:00,4,6,12,1,4.27,67.59,1.34,18.87,9.569,0.0,9.94,-0.0,9.569
2023-12-17T05:00:00,5,6,12,1,5.17,66.66,0.0,18.13,12.378,0.0,9.98,-0.0,12.378
2023-12-17T06:00:00,6,6,12,1,6.13,78.54,0.66,22.47,13.646,0.0,10.15,-0.0,13.646
2023-12-17T07:00:00,7,6,12,1,4.89,65.4,22.84,6.42,14.681,1.101,10.15,-0.0,13.58
2023-12-17T08:00:00,8,6,12,1,9.94,75.02,190.71,66.89,15.015,8.558,9.74,-0.0,6.457
2023-12-17T09:00:00,9,6,12,1,9.75,67.45,489.57,34.8,18.133,24.104,15.22,5.971,0.0
2023-12-17T10:00:00,10,6,12,1,12.26,68.96,618.95,41.99,19.932,30.702,25.56,10.77,0.0
2023-12-17T11:00:00,11,6,12,1,13.94,66.65,881.63,22.36,20.381,39.816,43.26,19.435,0.0
2023-12-17T12:00:00,12,6,12,1,12.7,73.35,671.39,51.11,19.195,32.741,55.59,13.546,0.0
2023-12-17T13:00:00,13,6,12,1,14.15,60.79,835.59,28.37,18.957,38.907,74.19,19.95,0.0
2023-12-17T14:00:00,14,6,12,1,16.4,61.75,834.75,12.08,15.256,39.454,92.67,20.0,0.0
2023-12-17T15:00:00,15,6,12,1,15.39,64.98,525.97,28.72,17.407,25.557,100.0,8.15,0.0
2023-12-17T16:00:00,16,6,12,1,17.56,54.57,287.95,28.42,17.43,14.241,96.69,-3.189,0.0
2023-12-17T17:00:00,17,6,12,1,15.67,54.81,22.02,0.0,17.002,1.069,80.55,-15.933,0.0
2023-12-17T18:00:00,18,6,12,1,15.92,67.27,2.52,22.45,18.46,0.021,62.51,-18.439,0.0
2023-12-17T19:00:00,19,6,12,1,13.56,59.6,0.33,7.73,18.703,0.006,43.72,-18.697,0.0
2023-12-17T20:00:00,20,6,12,1,11.59,79.24,0.97,29.05,17.921,0.0,25.69,-17.921,0.0
2023-12-17T21:00:00,21,6,12,1,9.36,70.92,2.12,20.36,19.84,0.005,9.76,-15.817,4.018
2023-12-17T22:00:00,22,6,12,1,8.21,66.89,0.0,6.32,20.128,0.026,10.03,-0.0,20.102
2023-12-17T23:00:00,23,6,12,1,8.27,71.33,1.05,0.86,15.746,0.0,9.92,-0.0,15.746
2023-12-18T00:00:00,0,0,12,0,4.57,71.44,2.02,12.63,12.018,0.0,10.02,-0.0,12.018
2023-12-18T01:00:00,1,0,12,0,5.41,66.14,0.0,0.0,9.47,0.0,10.14,-0.0,9.47
2023-12-18T02:00:00,2,0,12,0,3.5,62.46,1.57,21.71,10.361,0.002,9.9,-0.0,10.359
2023-12-18T03:00:00,3,0,12,0,3.85,71.41,0.0,13.32,9.139,0.0,10.32,-0.0,9.139
2023-12-18T04:00:00,4,0,12,0,6.41,73.66,0.0,13.32,10.288,0.0,9.98,-0.0,10.288
2023-12-18T05:00:00,5,0,12,0,6.1,62.84,1.19,6.4,13.352,0.032,10.11,-0.0,13.32
2023-12-18T06:00:00,6,0,12,0,5.91,62.07,0.0,41.67,15.789,0.004,9.92,-0.0,15.785
2023-12-18T07:00:00,7,0,12,0,6.0,65.12,30.42,37.11,19.021,1.505,10.09,-0.0,17.516
2023-12-18T08:00:00,8,0,12,0,7.16,86.6,125.13,90.31,20.095,5.971,9.86,-0.0,14.124
2023-12-18T09:00:00,9,0,12,0,10.33,72.13,353.46,61.39,20.85,17.297,10.1,-0.0,3.553
2023-12-18T10:00:00,10,0,12,0,12.34,77.66,478.23,59.66,16.206,23.152,16.76,6.946,0.0
2023-12-18T11:00:00,11,0,12,0,15.28,68.23,625.61,55.62,16.756,28.582,27.11,11.826,0.0
2023-12-18T12:00:00,12,0,12,0,16.42,64.73,648.25,53.62,14.457,29.83,41.06,15.373,0.0
2023-12-18T13:00:00,13,0,12,0,14.34,78.04,657.95,47.01,12.977,31.181,58.07,18.204,0.0
2023-12-18T14:00:00,14,0,12,0,17.42,63.69,587.94,46.19,12.609,28.074,72.43,15.465,0.0
2023-12-18T15:00:00,15,0,12,0,15.91,61.2,551.37,19.95,14.582,25.741,82.67,11.159,0.0
2023-12-18T16:00:00,16,0,12,0,14.76,68.09,261.16,38.03,16.177,12.0,78.41,-4.177,0.0
2023-12-18T17:00:00,17,0,12,0,17.16,61.24,21.99,26.19,19.948,0.95,59.64,-18.998,0.0
2023-12-18T18:00:00,18,0,12,0,16.2,65.8,0.0,17.46,21.852,0.0,39.41,-20.0,1.852
2023-12-18T19:00:00,19,0,12,0,13.13,69.58,0.97,42.51,26.399,0.033,19.61,-20.0,6.366
2023-12-18T20:00:00,20,0,12,0,12.81,73.07,0.0,63.21,22.747,0.005,9.94,-9.48,13.262
2023-12-18T21:00:00,21,0,12,0,11.85,65.31,1.16,44.73,23.073,0.0,9.87,-0.0,23.073
2023-12-18T22:00:00,22,0,12,0,10.6,58.18,0.0,27.5,18.652,0.004,10.02,-0.0,18.648
2023-12-18T23:00:00,23,0,12,0,7.54,62.77,2.27,19.16,16.675,0.0,10.03,-0.0,16.675
2023-12-19T00:00:00,0,1,12,0,4.19,68.12,1.71,39.59,13.281,0.0,10.28,-0.0,13.281
2023-12-19T01:00:00,1,1,12,0,7.16,72.69,2.31,46.39,11.945,0.012,10.06,-0.0,11.933
2023-12-19T02:00:00,2,1,12,0,5.09,61.63,0.7,2.0,10.497,0.034,10.04,-0.0,10.463
2023-12-19T03:00:00,3,1,12,0,2.79,68.62,0.0,61.87,11.32,0.0,10.02,-0.0,11.32
2023-12-19T04:00:00,4,1,12,0,2.28,68.55,0.0,48.95,11.967,0.013,9.92,-0.0,11.954
2023-12-19T05:00:00,5,1,12,0,5.35,70.7,0.0,23.35,13.967,0.0,9.96,-0.0,13.967
2023-12-19T06:00:00,6,1,12,0,5.11,77.51,0.0,57.9,14.812,0.01,9.92,-0.0,14.802
2023-12-19T07:00:00,7,1,12,0,6.82,71.2,16.12,61.89,19.986,0.741,10.02,-0.0,19.245
2023-12-19T08:00:00,8,1,12,0,8.9,67.92,260.75,44.08,21.975,13.411,9.77,-0.0,8.564
2023-12-19T09:00:00,9,1,12,0,9.42,70.8,521.72,31.41,20.107,24.422,13.71,4.315,0.0
2023-12-19T10:00:00,10,1,12,0,10.45,72.36,479.67,60.53,18.578,22.678,17.63,4.1,0.0
2023-12-19T11:00:00,11,1,12,0,13.6,69.76,894.86,20.7,15.344,44.176,36.01,20.0,0.0
2023-12-19T12:00:00,12,1,12,0,13.34,64.49,869.04,29.44,12.704,43.525,54.59,20.0,0.0
2023-12-19T13:00:00,13,1,12,0,16.45,55.37,1053.07,2.51,15.514,48.214,72.86,20.0,0.0
2023-12-19T14:00:00,14,1,12,0,15.05,69.18,749.35,25.52,13.605,37.783,91.42,20.0,0.0
2023-12-19T15:00:00,15,1,12,0,15.18,63.34,512.0,33.62,13.017,24.571,99.9,9.411,0.0
2023-12-19T16:00:00,16,1,12,0,17.88,59.3,261.62,32.48,20.082,12.519,92.77,-7.563,0.0
2023-12-19T17:00:00,17,1,12,0,16.31,68.54,6.75,32.34,18.258,0.322,74.46,-17.936,0.0
2023-12-19T18:00:00,18,1,12,0,13.67,69.91,0.0,13.2,23.685,0.036,54.56,-20.0,3.649
2023-12-19T19:00:00,19,1,12,0,12.3,66.54,0.49,27.91,24.369,0.0,34.4,-20.0,4.369
2023-12-19T20:00:00,20,1,12,0,12.53,58.29,0.0,13.36,25.068,0.0,14.44,-20.0,5.068
2023-12-19T21:00:00,21,1,12,0,11.23,71.73,0.0,13.52,22.213,0.0,10.06,-4.501,17.712
2023-12-19T22:00:00,22,1,12,0,8.97,70.87,0.0,38.13,18.352,0.01,10.0,-0.0,18.342
2023-12-19T23:00:00,23,1,12,0,5.4,74.4,0.0,53.77,17.528,0.001,10.11,-0.0,17.527
2023-12-20T00:00:00,0,2,12,0,4.78,73.96,0.0,69.43,14.454,0.0,10.15,-0.0,14.454
2023-12-20T01:00:00,1,2,12,0,6.77,81.39,0.88,75.12,10.957,0.013,10.31,-0.0,10.944
2023-12-20T02:00:00,2,2,12,0,4.66,66.53,0.0,42.95,8.176,0.0,10.11,-0.0,8.176
2023-12-20T03:00:00,3,2,12,0,0.97,66.92,0.0,35.15,8.709,0.017,10.01,-0.0,8.692
2023-12-20T04:00:00,4,2,12,0,3.86,82.37,0.0,45.46,9.542,0.0,9.94,-0.0,9.542
2023-12-20T05:00:00,5,2,12,0,6.75,68.91,0.0,58.24,12.389,0.013,9.89,-0.0,12.376
2023-12-20T06:00:00,6,2,12,0,3.44,74.98,2.0,25.84,15.023,0.017,9.94,-0.0,15.006
2023-12-20T07:00:00,7,2,12,0,7.33,75.99,21.6,32.86,21.493,1.075,10.03,-0.0,20.418
2023-12-20T08:00:00,8,2,12,0,8.14,67.48,347.55,18.05,21.025,16.482,10.17,-0.0,4.543
2023-12-20T09:00:00,9,2,12,0,10.01,61.03,584.37,18.28,20.986,28.91,17.35,7.924,0.0
2023-12-20T10:00:00,10,2,12,0,13.27,66.86,779.47,18.7,17.254,39.297,35.65,20.0,0.0
2023-12-20T11:00:00,11,2,12,0,14.02,71.71,824.11,28.42,15.259,39.475,53.91,20.0,0.0
2023-12-20T12:00:00,12,2,12,0,14.99,65.67,898.29,26.69,13.947,44.434,72.37,20.0,0.0
2023-12-20T13:00:00,13,2,12,0,16.77,59.55,833.65,28.69,14.111,40.898,90.92,20.0,0.0
2023-12-20T14:00:00,14,2,12,0,16.05,69.92,489.11,60.15,13.732,23.627,100.0,9.895,0.0
2023-12-20T15:00:00,15,2,12,0,16.12,60.13,418.09,51.45,14.988,20.492,100.0,0.007,0.0
2023-12-20T16:00:00,16,2,12,0,15.84,65.76,169.82,74.24,15.962,8.072,92.25,-7.89,0.0
2023-12-20T17:00:00,17,2,12,0,13.14,67.24,26.21,50.39,21.943,1.33,71.96,-20.0,0.613
2023-12-20T18:00:00,18,2,12,0,14.78,65.58,0.0,34.68,23.415,0.0,52.01,-20.0,3.415
2023-12-20T19:00:00,19,2,12,0,15.79,56.67,0.07,21.08,26.171,0.0,32.24,-20.0,6.171
2023-12-20T20:00:00,20,2,12,0,11.74,68.97,0.68,39.87,25.348,0.0,12.27,-20.0,5.348
2023-12-20T21:00:00,21,2,12,0,11.21,70.96,0.0,42.14,21.36,0.0,10.0,-2.11,19.25
2023-12-20T22:00:00,22,2,12,0,7.93,64.62,0.0,12.37,17.964,0.0,10.24,-0.0,17.964
2023-12-20T23:00:00,23,2,12,0,6.65,54.38,0.0,4.21,16.382,0.006,10.17,-0.0,16.376
2023-12-21T00:00:00,0,3,12,0,6.66,66.67,1.17,10.73,11.728,0.0,10.1,-0.0,11.728
2023-12-21T01:00:00,1,3,12,0,6.9,76.33,2.75,18.99,11.38,0.005,10.05,-0.0,11.375
2023-12-21T02:00:00,2,3,12,0,6.26,71.17,2.78,27.47,10.334,0.0,9.74,-0.0,10.334
2023-12-21T03:00:00,3,3,12,0,5.07,65.49,1.91,0.0,9.341,0.001,9.86,-0.0,9.34
2023-12-21T04:00:00,4,3,12,0,4.49,70.54,0.0,44.47,13.377,0.051,9.99,-0.0,13.326
2023-12-21T05:00:00,5,3,12,0,4.84,76.75,0.0,55.55,12.66,0.0,10.24,-0.0,12.66
2023-12-21T06:00:00,6,3,12,0,5.11,73.87,2.08,49.63,14.995,0.0,10.2,-0.0,14.995
2023-12-21T07:00:00,7,3,12,0,4.67,76.09,16.68,46.18,18.753,0.821,9.89,-0.0,17.932
2023-12-21T08:00:00,8,3,12,0,6.77,66.49,204.71,49.94,21.925,9.913,10.15,-0.0,12.012
2023-12-21T09:00:00,9,3,12,0,10.68,71.65,379.54,58.1,19.851,18.487,9.87,-0.0,1.364
2023-12-21T10:00:00,10,3,12,0,11.74,70.31,412.04,72.49,18.49,19.78,10.79,1.29,0.0
2023-12-21T11:00:00,11,3,12,0,11.21,74.91,459.57,73.47,15.209,21.652,17.4,6.443,0.0
2023-12-21T12:00:00,12,3,12,0,14.04,57.09,749.4,42.27,13.918,35.316,35.18,20.0,0.0
2023-12-21T13:00:00,13,3,12,0,15.13,66.49,581.09,57.17,12.536,28.972,50.21,16.436,0.0
2023-12-21T14:00:00,14,3,12,0,14.42,66.78,724.22,25.32,15.421,34.338,68.08,18.917,0.0
2023-12-21T15:00:00,15,3,12,0,16.89,69.95,424.03,50.17,13.752,21.348,74.98,7.596,0.0
2023-12-21T16:00:00,16,3,12,0,16.25,65.91,231.75,45.37,17.399,10.877,68.56,-6.522,0.0
2023-12-21T17:00:00,17,3,12,0,14.46,56.78,45.51,48.91,18.791,2.188,52.18,-16.603,0.0
2023-12-21T18:00:00,18,3,12,0,15.29,63.0,2.29,0.0,23.929,0.0,32.05,-20.0,3.929
2023-12-21T19:00:00,19,3,12,0,10.4,70.92,1.19,3.44,26.945,0.0,11.99,-20.0,6.945
2023-12-21T20:00:00,20,3,12,0,8.83,63.06,1.21,26.1,24.705,0.0,9.87,-1.902,22.803
2023-12-21T21:00:00,21,3,12,0,9.93,62.78,0.0,14.48,22.058,0.001,9.92,-0.0,22.057
2023-12-21T22:00:00,22,3,12,0,9.01,71.26,2.57,26.56,21.888,0.0,10.09,-0.0,21.888
2023-12-21T23:00:00,23,3,12,0,6.81,74.07,0.0,36.32,17.078,0.0,9.94,-0.0,17.078
2023-12-22T00:00:00,0,4,12,0,5.87,72.5,0.0,13.63,12.75,0.016,10.12,-0.0,12.734
2023-12-22T01:00:00,1,4,12,0,2.73,77.27,1.2,36.65,9.463,0.026,10.03,-0.0,9.437
2023-12-22T02:00:00,2,4,12,0,3.03,61.05,0.0,14.54,9.01,0.0,9.97,-0.0,9.01
2023-12-22T03:00:00,3,4,12,0,3.8,70.17,0.0,43.04,10.091,0.007,10.17,-0.0,10.084
2023-12-22T04:00:00,4,4,12,0,6.42,70.36,1.32,17.11,10.044,0.0,9.96,-0.0,10.044
2023-12-22T05:00:00,5,4,12,0,3.88,66.16,0.0,3.52,11.173,0.0,9.79,-0.0,11.173
2023-12-22T06:00:00,6,4,12,0,5.55,66.98,0.68,0.0,15.788,0.038,10.19,-0.0,15.75
2023-12-22T07:00:00,7,4,12,0,10.2,65.31,29.47,22.5,17.287,1.354,10.0,-0.0,15.933
2023-12-22T08:00:00,8,4,12,0,8.16,64.9,314.57,22.46,21.465,15.27,9.97,-0.0,6.195
2023-12-22T09:00:00,9,4,12,0,10.1,61.44,653.35,0.0,19.108,32.163,21.99,13.055,0.0
2023-12-22T10:00:00,10,4,12,0,11.31,57.17,887.34,5.31,18.222,43.118,40.33,20.0,0.0
2023-12-22T11:00:00,11,4,12,0,13.8,59.35,924.98,15.74,15.415,42.811,59.2,20.0,0.0
2023-12-22T12:00:00,12,4,12,0,15.91,64.74,797.13,37.45,14.923,36.007,77.02,20.0,0.0
2023-12-22T13:00:00,13,4,12,0,16.83,58.92,1055.3,1.49,15.591,47.029,95.66,20.0,0.0
2023-12-22T14:00:00,14,4,12,0,16.3,67.5,653.93,36.17,13.543,30.049,100.0,4.771,0.0
2023-12-22T15:00:00,15,4,12,0,15.3,60.47,583.8,14.04,13.871,27.016,100.0,0.0,0.0
2023-12-22T16:00:00,16,4,12,0,16.87,69.16,327.51,12.4,17.895,15.468,97.52,-2.427,0.0
2023-12-22T17:00:00,17,4,12,0,18.51,64.67,22.27,3.33,21.31,1.079,77.76,-20.0,0.231
2023-12-22T18:00:00,18,4,12,0,16.5,58.1,0.0,9.88,24.392,0.016,57.52,-20.0,4.376
2023-12-22T19:00:00,19,4,12,0,12.41,63.88,2.4,10.08,22.97,0.003,37.5,-20.0,2.967
2023-12-22T20:00:00,20,4,12,0,14.4,70.42,0.69,27.17,26.196,0.0,17.59,-20.0,6.196
2023-12-22T21:00:00,21,4,12,0,9.46,63.2,1.61,22.7,21.955,0.0,10.05,-7.573,14.382
2023-12-22T22:00:00,22,4,12,0,7.91,60.48,0.0,2.46,20.434,0.008,10.16,-0.0,20.426
2023-12-22T23:00:00,23,4,12,0,7.65,74.19,0.0,24.67,16.295,0.021,9.81,-0.0,16.274
2023-12-23T00:00:00,0,5,12,1,7.87,69.4,0.0,13.84,12.323,0.0,10.14,-0.0,12.323
2023-12-23T01:00:00,1,5,12,1,3.66,74.94,0.92,22.55,11.464,0.015,10.15,-0.0,11.449
2023-12-23T02:00:00,2,5,12,1,3.18,73.03,0.11,33.37,10.471,0.0,10.11,-0.0,10.471
2023-12-23T03:00:00,3,5,12,1,6.61,63.6,1.73,2.03,9.302,0.0,9.99,-0.0,9.302
2023-12-23T04:00:00,4,5,12,1,3.83,64.2,0.82,32.11,10.471,0.0,9.93,-0.0,10.471
2023-12-23T05:00:00,5,5,12,1,6.98,69.04,0.0,26.66,11.884,0.003,10.08,-0.0,11.881
2023-12-23T06:00:00,6,5,12,1,6.08,74.76,0.7,24.94,14.744,0.002,10.04,-0.0,14.742
2023-12-23T07:00:00,7,5,12,1,7.28,76.69,36.59,41.88,15.264,1.702,9.78,-0.0,13.562
2023-12-23T08:00:00,8,5,12,1,8.11,76.01,234.46,46.1,15.961,11.095,10.14,-0.0,4.866
2023-12-23T09:00:00,9,5,12,1,11.96,68.0,593.24,16.29,17.213,28.674,20.44,11.461,0.0
2023-12-23T10:00:00,10,5,12,1,12.69,75.57,745.6,21.95,15.233,32.779,36.59,17.546,0.0
2023-12-23T11:00:00,11,5,12,1,11.55,57.86,842.27,25.13,18.439,40.452,55.25,20.0,0.0
2023-12-23T12:00:00,12,5,12,1,14.19,67.16,804.45,37.38,18.806,39.543,73.51,20.0,0.0
2023-12-23T13:00:00,13,5,12,1,16.5,62.95,595.7,56.71,17.359,29.041,84.21,11.682,0.0
2023-12-23T14:00:00,14,5,12,1,15.95,72.11,665.18,32.84,16.706,34.283,99.95,17.137,0.0
2023-12-23T15:00:00,15,5,12,1,16.54,56.99,662.37,4.36,14.042,31.307,99.96,0.0,0.0
2023-12-23T16:00:00,16,5,12,1,17.56,66.6,281.48,20.1,15.249,13.467,98.21,-1.782,0.0
2023-12-23T17:00:00,17,5,12,1,16.19,59.41,20.8,15.77,16.179,1.043,83.33,-15.136,0.0
2023-12-23T18:00:00,18,5,12,1,13.84,67.31,0.26,30.8,17.593,0.008,65.21,-17.585,0.0
2023-12-23T19:00:00,19,5,12,1,13.6,62.33,1.91,14.34,15.965,0.006,49.92,-15.959,0.0
2023-12-23T20:00:00,20,5,12,1,10.17,62.54,0.0,0.0,19.446,0.014,30.46,-19.432,0.0
2023-12-23T21:00:00,21,5,12,1,9.16,65.68,0.0,5.66,19.089,0.042,11.01,-19.047,0.0
2023-12-23T22:00:00,22,5,12,1,8.76,70.14,0.6,14.42,18.524,0.015,10.03,-1.059,17.45
2023-12-23T23:00:00,23,5,12,1,6.76,65.84,2.12,12.73,16.255,0.0,10.03,-0.0,16.255
2023-12-24T00:00:00,0,6,12,1,3.61,72.72,0.0,13.67,13.6,0.0,10.16,-0.0,13.6
2023-12-24T01:00:00,1,6,12,1,3.28,79.21,0.89,50.82,13.859,0.0,10.02,-0.0,13.859
2023-12-24T02:00:00,2,6,12,1,2.09,67.62,0.05,17.69,9.583,0.0,10.06,-0.0,9.583
2023-12-24T03:00:00,3,6,12,1,4.01,77.06,0.0,10.96,9.337,0.017,10.18,-0.0,9.32
2023-12-24T04:00:00,4,6,12,1,1.57,71.33,1.73,1.76,11.26,0.036,9.71,-0.0,11.224
2023-12-24T05:00:00,5,6,12,1,3.32,68.27,0.16,27.03,12.384,0.0,9.98,-0.0,12.384
2023-12-24T06:00:00,6,6,12,1,3.46,74.02,0.0,30.99,11.758,0.025,10.04,-0.0,11.733
2023-12-24T07:00:00,7,6,12,1,7.17,75.85,43.52,42.63,16.556,2.165,9.95,-0.0,14.391
2023-12-24T08:00:00,8,6,12,1,6.79,73.11,250.5,37.98,15.243,11.777,9.75,-0.0,3.466
2023-12-24T09:00:00,9,6,12,1,10.44,72.18,386.29,58.12,17.343,18.424,11.0,1.081,0.0
2023-12-24T10:00:00,10,6,12,1,13.93,52.18,498.13,59.3,19.252,24.969,16.17,5.717,0.0
2023-12-24T11:00:00,11,6,12,1,15.79,64.09,547.49,62.77,20.448,26.234,21.51,5.786,0.0
2023-12-24T12:00:00,12,6,12,1,11.97,70.89,782.26,39.22,17.563,38.633,39.98,20.0,0.0
2023-12-24T13:00:00,13,6,12,1,15.03,58.22,876.46,21.46,18.847,41.204,58.12,20.0,0.0
2023-12-24T14:00:00,14,6,12,1,14.75,66.03,773.76,22.47,17.165,36.883,76.47,19.718,0.0
2023-12-24T15:00:00,15,6,12,1,15.39,70.29,456.05,40.84,15.158,22.281,82.97,7.123,0.0
2023-12-24T16:00:00,16,6,12,1,16.23,59.11,377.33,2.65,16.105,18.368,84.96,2.263,0.0
2023-12-24T17:00:00,17,6,12,1,17.22,49.91,28.54,0.0,16.064,1.41,70.57,-14.654,0.0
2023-12-24T18:00:00,18,6,12,1,15.01,57.39,0.0,7.56,19.139,0.021,51.19,-19.118,0.0
2023-12-24T19:00:00,19,6,12,1,11.41,68.14,0.0,18.58,17.743,0.005,33.73,-17.738,0.0
2023-12-24T20:00:00,20,6,12,1,13.37,73.27,0.0,40.95,20.134,0.017,13.78,-20.0,0.117
2023-12-24T21:00:00,21,6,12,1,7.04,54.8,0.0,5.87,19.171,0.0,9.98,-3.643,15.528
2023-12-24T22:00:00,22,6,12,1,7.19,64.66,0.09,0.04,18.437,0.023,10.16,-0.0,18.414
2023-12-24T23:00:00,23,6,12,1,5.41,60.32,0.43,16.21,16.721,0.025,10.35,-0.0,16.696
2023-12-25T00:00:00,0,0,12,0,6.22,70.0,0.0,31.79,10.985,0.01,10.09,-0.0,10.975
2023-12-25T01:00:00,1,0,12,0,4.64,68.28,0.0,22.74,11.365,0.006,9.95,-0.0,11.359
2023-12-25T02:00:00,2,0,12,0,3.14,85.07,0.0,45.31,10.265,0.0,10.18,-0.0,10.265
2023-12-25T03:00:00,3,0,12,0,3.94,66.51,0.0,21.13,9.285,0.019,9.71,-0.0,9.266
2023-12-25T04:00:00,4,0,12,0,3.77,73.02,0.0,11.01,13.273,0.0,10.35,-0.0,13.273
2023-12-25T05:00:00,5,0,12,0,4.86,74.21,1.35,24.24,10.971,0.0,10.02,-0.0,10.971
2023-12-25T06:00:00,6,0,12,0,5.54,64.18,2.05,0.0,16.031,0.019,10.04,-0.0,16.012
2023-12-25T07:00:00,7,0,12,0,6.08,65.45,52.63,0.0,19.812,2.502,9.77,-0.0,17.31
2023-12-25T08:00:00,8,0,12,0,8.27,69.07,250.3,36.08,20.809,11.997,10.14,-0.0,8.812
2023-12-25T09:00:00,9,0,12,0,11.55,63.55,483.91,36.14,20.366,22.762,12.22,2.396,0.0
2023-12-25T10:00:00,10,0,12,0,10.94,65.33,554.31,48.66,17.928,27.285,20.79,9.357,0.0
2023-12-25T11:00:00,11,0,12,0,13.57,62.42,864.22,24.88,15.218,41.752,39.12,20.0,0.0
2023-12-25T12:00:00,12,0,12,0,16.34,60.58,709.77,47.04,13.723,32.699,56.54,18.976,0.0
2023-12-25T13:00:00,13,0,12,0,14.56,64.15,697.8,43.07,14.025,33.363,74.35,19.338,0.0
2023-12-25T14:00:00,14,0,12,0,17.69,62.35,684.07,32.37,13.607,31.646,90.81,18.039,0.0
2023-12-25T15:00:00,15,0,12,0,14.41,66.36,490.96,35.2,16.451,23.583,97.65,7.132,0.0
2023-12-25T16:00:00,16,0,12,0,16.2,67.59,247.79,40.55,17.532,12.178,92.5,-5.354,0.0
2023-12-25T17:00:00,17,0,12,0,13.84,63.54,23.17,26.25,19.527,1.12,73.92,-18.407,0.0
2023-12-25T18:00:00,18,0,12,0,17.71,59.62,0.0,33.4,22.16,0.0,53.73,-20.0,2.16
2023-12-25T19:00:00,19,0,12,0,11.99,68.9,0.0,34.46,25.181,0.0,33.91,-20.0,5.181
2023-12-25T20:00:00,20,0,12,0,11.13,71.45,0.0,36.11,24.88,0.022,13.46,-20.0,4.858
2023-12-25T21:00:00,21,0,12,0,10.41,62.0,0.13,13.05,22.87,0.0,10.26,-3.858,19.012
2023-12-25T22:00:00,22,0,12,0,8.92,64.03,1.04,37.63,17.677,0.015,9.92,-0.0,17.662
2023-12-25T23:00:00,23,0,12,0,5.49,68.9,0.0,39.62,15.955,0.0,10.08,-0.0,15.955
2023-12-26T00:00:00,0,1,12,0,5.77,71.79,0.0,51.13,10.743,0.0,9.99,-0.0,10.743
2023-12-26T01:00:00,1,1,12,0,0.81,81.06,3.68,50.52,10.173,0.013,10.09,-0.0,10.16
2023-12-26T02:00:00,2,1,12,0,5.31,76.52,0.0,51.82,12.136,0.006,10.35,-0.0,12.13
2023-12-26T03:00:00,3,1,12,0,3.88,75.72,1.35,64.49,9.497,0.0,9.68,-0.0,9.497
2023-12-26T04:00:00,4,1,12,0,4.51,82.53,2.23,48.7,10.669,0.0,10.04,-0.0,10.669
2023-12-26T05:00:00,5,1,12,0,6.41,68.51,0.0,26.71,12.026,0.007,10.04,-0.0,12.019
2023-12-26T06:00:00,6,1,12,0,6.07,80.47,0.66,56.92,16.167,0.0,9.94,-0.0,16.167
2023-12-26T07:00:00,7,1,12,0,7.83,75.03,40.37,33.57,18.732,2.093,9.89,-0.0,16.639
2023-12-26T08:00:00,8,1,12,0,7.52,72.98,297.14,21.12,20.522,14.48,10.14,-0.0,6.042
2023-12-26T09:00:00,9,1,12,0,10.69,67.06,585.24,20.9,19.34,28.044,18.0,8.704,0.0
2023-12-26T10:00:00,10,1,12,0,11.24,72.04,474.49,62.92,16.622,22.876,23.76,6.254,0.0
2023-12-26T11:00:00,11,1,12,0,10.58,69.15,691.42,44.96,16.956,33.729,39.15,16.773,0.0
2023-12-26T12:00:00,12,1,12,0,14.0,67.81,950.48,20.36,14.761,47.816,57.57,20.0,0.0
2023-12-26T13:00:00,13,1,12,0,17.56,61.92,672.22,48.81,13.438,31.786,74.56,18.348,0.0
2023-12-26T14:00:00,14,1,12,0,16.45,64.12,606.65,41.9,15.2,28.395,86.7,13.195,0.0
2023-12-26T15:00:00,15,1,12,0,17.91,73.96,430.18,48.49,16.21,22.543,92.32,6.333,0.0
2023-12-26T16:00:00,16,1,12,0,15.17,69.85,234.66,45.84,15.788,10.819,87.42,-4.969,0.0
2023-12-26T17:00:00,17,1,12,0,17.27,68.54,36.18,33.78,19.125,1.789,70.29,-17.336,0.0
2023-12-26T18:00:00,18,1,12,0,13.82,60.85,0.0,42.36,22.991,0.016,50.39,-20.0,2.975
2023-12-26T19:00:00,19,1,12,0,13.69,63.29,0.04,31.87,24.687,0.0,30.39,-20.0,4.687
2023-12-26T20:00:00,20,1,12,0,12.45,69.9,1.74,45.87,24.989,0.0,10.37,-20.0,4.989
2023-12-26T21:00:00,21,1,12,0,10.8,69.32,0.18,48.48,22.439,0.022,10.03,-0.133,22.284
2023-12-26T22:00:00,22,1,12,0,9.44,61.52,0.06,30.94,19.286,0.0,10.16,-0.0,19.286
2023-12-26T23:00:00,23,1,12,0,5.41,75.87,2.6,45.63,19.939,0.0,10.06,-0.0,19.939
2023-12-27T00:00:00,0,2,12,0,7.66,74.71,1.23,35.55,10.962,0.0,9.89,-0.0,10.962
2023-12-27T01:00:00,1,2,12,0,7.33,65.55,1.06,18.7,9.332,0.005,9.98,-0.0,9.327
2023-12-27T02:00:00,2,2,12,0,2.93,73.98,0.0,22.8,11.206,0.038,9.97,-0.0,11.168
2023-12-27T03:00:00,3,2,12,0,1.12,82.13,0.0,29.35,10.06,0.003,10.14,-0.0,10.057
2023-12-27T04:00:00,4,2,12,0,4.62,78.09,0.56,32.07,10.123,0.0,10.12,-0.0,10.123
2023-12-27T05:00:00,5,2,12,0,4.39,67.83,0.01,21.65,13.23,0.0,9.98,-0.0,13.23
2023-12-27T06:00:00,6,2,12,0,5.93,60.23,1.14,5.39,14.135,0.008,9.97,-0.0,14.127
2023-12-27T07:00:00,7,2,12,0,6.95,65.53,32.27,0.0,19.512,1.57,9.9,-0.0,17.942
2023-12-27T08:00:00,8,2,12,0,8.09,78.27,316.36,18.55,20.925,15.585,9.95,-0.0,5.34
2023-12-27T09:00:00,9,2,12,0,8.74,73.48,587.16,22.68,20.136,28.963,18.1,8.827,0.0
2023-12-27T10:00:00,10,2,12,0,11.61,64.0,797.0,14.81,17.497,37.297,36.39,19.8,0.0
2023-12-27T11:00:00,11,2,12,0,16.04,67.19,1050.09,0.0,17.926,48.029,54.75,20.0,0.0
2023-12-27T12:00:00,12,2,12,0,14.08,69.96,921.57,24.39,13.789,44.005,73.02,20.0,0.0
2023-12-27T13:00:00,13,2,12,0,13.37,52.54,996.82,7.93,13.19,48.714,91.46,20.0,0.0
2023-12-27T14:00:00,14,2,12,0,14.98,69.41,721.12,27.65,14.867,34.745,99.98,9.199,0.0
2023-12-27T15:00:00,15,2,12,0,17.52,63.34,536.36,27.91,16.071,24.061,100.0,0.0,0.0
2023-12-27T16:00:00,16,2,12,0,15.12,59.16,282.49,24.07,15.087,13.587,98.43,-1.5,0.0
2023-12-27T17:00:00,17,2,12,0,12.8,67.23,39.46,37.4,19.878,1.828,80.23,-18.05,0.0
2023-12-27T18:00:00,18,2,12,0,14.73,67.22,0.19,33.65,21.699,0.0,60.28,-20.0,1.699
2023-12-27T19:00:00,19,2,12,0,14.34,62.61,0.07,41.78,24.044,0.0,40.5,-20.0,4.044
2023-12-27T20:00:00,20,2,12,0,10.76,69.53,0.05,52.31,25.29,0.004,20.52,-20.0,5.286
2023-12-27T21:00:00,21,2,12,0,10.6,68.34,0.0,50.8,22.253,0.018,9.91,-10.45,11.785
2023-12-27T22:00:00,22,2,12,0,8.81,74.06,0.0,44.89,18.03,0.018,9.85,-0.0,18.012
2023-12-27T23:00:00,23,2,12,0,7.44,72.4,0.0,65.3,15.637,0.007,9.79,-0.0,15.63
2023-12-28T00:00:00,0,3,12,0,7.28,62.39,0.0,44.64,11.384,0.024,9.8,-0.0,11.36
2023-12-28T01:00:00,1,3,12,0,1.47,70.18,0.0,33.51,11.633,0.0,9.94,-0.0,11.633
2023-12-28T02:00:00,2,3,12,0,4.2,65.11,0.0,26.36,9.05,0.0,9.76,-0.0,9.05
2023-12-28T03:00:00,3,3,12,0,4.82,65.05,0.0,39.84,9.938,0.0,10.02,-0.0,9.938
2023-12-28T04:00:00,4,3,12,0,3.3,75.7,2.89,22.73,8.433,0.006,10.08,-0.0,8.427
2023-12-28T05:00:00,5,3,12,0,4.51,75.57,0.0,38.88,12.036,0.078,9.8,-0.0,11.958
2023-12-28T06:00:00,6,3,12,0,6.42,65.63,0.07,38.65,16.288,0.0,9.84,-0.0,16.288
2023-12-28T07:00:00,7,3,12,0,7.38,65.61,28.41,52.11,18.64,1.45,9.99,-0.0,17.19
2023-12-28T08:00:00,8,3,12,0,10.14,73.25,150.15,74.28,21.72,7.43,9.88,-0.0,14.29
2023-12-28T09:00:00,9,3,12,0,12.51,58.82,552.47,27.45,17.989,25.735,17.15,7.746,0.0
2023-12-28T10:00:00,10,3,12,0,11.34,63.48,782.3,18.18,16.214,38.324,35.67,20.0,0.0
2023-12-28T11:00:00,11,3,12,0,13.29,65.59,838.09,28.99,15.922,40.972,53.9,20.0,0.0
2023-12-28T12:00:00,12,3,12,0,10.96,67.92,858.6,28.15,15.037,43.697,72.07,20.0,0.0
2023-12-28T13:00:00,13,3,12,0,15.17,62.79,1007.06,8.19,16.173,47.512,90.75,20.0,0.0
2023-12-28T14:00:00,14,3,12,0,15.79,55.61,927.16,0.0,15.053,44.142,99.95,10.08,0.0
2023-12-28T15:00:00,15,3,12,0,16.75,59.34,679.1,0.0,16.222,33.091,100.0,0.0,0.0
2023-12-28T16:00:00,16,3,12,0,16.51,66.84,361.23,8.8,15.519,17.35,100.0,0.0,0.0
2023-12-28T17:00:00,17,3,12,0,16.39,48.7,28.52,0.0,19.443,1.302,81.72,-18.141,0.0
2023-12-28T18:00:00,18,3,12,0,16.62,61.36,0.02,4.49,21.465,0.004,61.75,-20.0,1.461
2023-12-28T19:00:00,19,3,12,0,13.35,54.96,0.32,0.0,26.728,0.035,41.9,-20.0,6.693
2023-12-28T20:00:00,20,3,12,0,14.27,72.54,0.0,34.45,25.215,0.011,21.99,-20.0,5.204
2023-12-28T21:00:00,21,3,12,0,10.28,72.49,0.0,39.02,23.516,0.0,10.31,-11.859,11.657
2023-12-28T22:00:00,22,3,12,0,7.11,72.38,0.0,27.77,16.921,0.034,9.94,-0.0,16.887
2023-12-28T23:00:00,23,3,12,0,6.72,60.6,0.0,2.4,13.803,0.006,9.87,-0.0,13.797
2023-12-29T00:00:00,0,4,12,0,5.16,72.78,1.76,40.67,13.894,0.0,9.88,-0.0,13.894
2023-12-29T01:00:00,1,4,12,0,5.4,75.2,0.0,53.96,14.753,0.0,9.93,-0.0,14.753
2023-12-29T02:00:00,2,4,12,0,2.54,62.49,2.4,50.26,10.518,0.0,9.96,-0.0,10.518
2023-12-29T03:00:00,3,4,12,0,3.09,73.78,0.0,43.68,11.562,0.0,10.03,-0.0,11.562
2023-12-29T04:00:00,4,4,12,0,3.28,76.15,0.0,44.56,9.652,0.0,10.0,-0.0,9.652
2023-12-29T05:00:00,5,4,12,0,3.24,63.73,2.9,29.22,10.545,0.014,9.81,-0.0,10.531
2023-12-29T06:00:00,6,4,12,0,6.34,75.08,0.0,49.0,17.297,0.025,9.77,-0.0,17.272
2023-12-29T07:00:00,7,4,12,0,8.26,66.69,26.56,16.94,19.018,1.262,9.98,-0.0,17.756
2023-12-29T08:00:00,8,4,12,0,9.85,72.71,309.48,20.14,20.898,14.765,9.89,-0.0,6.133
2023-12-29T09:00:00,9,4,12,0,9.62,67.51,450.1,44.47,21.929,21.594,9.91,-0.0,0.335
2023-12-29T10:00:00,10,4,12,0,13.29,66.7,679.22,32.79,17.062,32.757,24.57,15.695,0.0
2023-12-29T11:00:00,11,4,12,0,12.33,69.24,718.83,40.78,14.008,35.727,42.94,20.0,0.0
2023-12-29T12:00:00,12,4,12,0,12.56,52.26,819.79,33.38,12.817,40.034,61.18,20.0,0.0
2023-12-29T13:00:00,13,4,12,0,14.42,61.06,924.66,17.07,14.113,42.542,79.79,20.0,0.0
2023-12-29T14:00:00,14,4,12,0,16.48,63.73,706.03,27.77,15.237,32.108,95.32,16.871,0.0
2023-12-29T15:00:00,15,4,12,0,18.33,49.93,557.9,23.92,14.631,27.389,100.0,5.26,0.0
2023-12-29T16:00:00,16,4,12,0,15.85,66.55,316.92,24.6,16.449,15.499,99.28,-0.95,0.0
2023-12-29T17:00:00,17,4,12,0,15.27,67.46,35.23,48.16,18.592,1.766,82.19,-16.826,0.0
2023-12-29T18:00:00,18,4,12,0,14.94,60.5,0.0,0.76,22.414,0.026,62.39,-20.0,2.388
2023-12-29T19:00:00,19,4,12,0,14.21,70.55,0.0,43.75,27.262,0.032,42.18,-20.0,7.23
2023-12-29T20:00:00,20,4,12,0,12.16,59.47,0.0,0.07,25.382,0.0,22.41,-20.0,5.382
2023-12-29T21:00:00,21,4,12,0,9.56,66.85,0.0,24.61,22.13,0.0,9.96,-12.224,9.906
2023-12-29T22:00:00,22,4,12,0,5.94,70.64,0.0,9.23,21.256,0.0,10.0,-0.0,21.256
2023-12-29T23:00:00,23,4,12,0,6.55,68.67,0.0,25.29,16.263,0.015,9.85,-0.0,16.248
2023-12-30T00:00:00,0,5,12,1,7.4,60.17,1.63,35.07,12.497,0.0,9.85,-0.0,12.497
2023-12-30T01:00:00,1,5,12,1,4.78,68.65,0.63,18.8,11.61,0.03,10.06,-0.0,11.58
2023-12-30T02:00:00,2,5,12,1,2.9,70.79,0.0,25.8,9.337,0.009,10.15,-0.0,9.328
2023-12-30T03:00:00,3,5,12,1,4.32,74.09,0.0,25.1,10.239,0.0,9.84,-0.0,10.239
2023-12-30T04:00:00,4,5,12,1,2.26,67.14,0.0,12.63,11.11,0.0,10.2,-0.0,11.11
2023-12-30T05:00:00,5,5,12,1,7.31,65.16,0.98,39.18,11.26,0.009,10.18,-0.0,11.251
2023-12-30T06:00:00,6,5,12,1,7.21,62.33,1.62,19.81,14.169,0.0,10.06,-0.0,14.169
2023-12-30T07:00:00,7,5,12,1,7.58,71.49,33.28,1.66,13.587,1.482,10.14,-0.0,12.105
2023-12-30T08:00:00,8,5,12,1,5.84,66.55,366.69,0.8,16.578,17.003,10.31,0.425,0.0
2023-12-30T09:00:00,9,5,12,1,12.73,70.42,582.64,15.11,17.028,28.269,20.52,11.241,0.0
2023-12-30T10:00:00,10,5,12,1,12.8,69.5,895.56,4.37,19.533,41.996,39.05,20.0,0.0
2023-12-30T11:00:00,11,5,12,1,13.05,60.64,870.88,22.21,20.538,41.733,57.71,20.0,0.0
2023-12-30T12:00:00,12,5,12,1,16.38,60.56,799.94,36.49,19.986,38.119,74.4,18.133,0.0
2023-12-30T13:00:00,13,5,12,1,16.81,64.29,739.0,39.81,18.097,34.091,88.75,15.994,0.0
2023-12-30T14:00:00,14,5,12,1,18.15,68.22,565.61,46.24,17.232,25.186,96.07,7.954,0.0
2023-12-30T15:00:00,15,5,12,1,15.57,57.1,528.08,29.84,16.644,25.969,99.87,4.079,0.0
2023-12-30T16:00:00,16,5,12,1,16.37,66.52,288.55,33.66,15.579,13.764,97.89,-1.815,0.0
2023-12-30T17:00:00,17,5,12,1,15.06,65.0,35.68,20.43,18.363,1.733,81.46,-16.63,0.0
2023-12-30T18:00:00,18,5,12,1,16.52,56.92,0.0,22.85,16.034,0.03,65.62,-16.004,0.0
2023-12-30T19:00:00,19,5,12,1,12.97,63.98,0.0,55.76,18.855,0.0,46.25,-18.855,0.0
2023-12-30T20:00:00,20,5,12,1,11.77,68.66,0.0,31.39,21.413,0.0,26.68,-20.0,1.413
2023-12-30T21:00:00,21,5,12,1,9.91,77.58,0.46,29.79,17.374,0.0,10.21,-16.696,0.678
2023-12-30T22:00:00,22,5,12,1,8.44,63.23,1.32,7.62,18.582,0.041,10.14,-0.0,18.541
2023-12-30T23:00:00,23,5,12,1,5.8,71.84,0.0,34.57,17.544,0.0,10.06,-0.0,17.544
2023-12-31T00:00:00,0,6,12,1,7.0,63.1,0.0,11.87,12.045,0.006,10.02,-0.0,12.039
2023-12-31T01:00:00,1,6,12,1,6.61,69.14,1.17,22.61,10.726,0.0,10.17,-0.0,10.726
2023-12-31T02:00:00,2,6,12,1,3.26,63.84,2.24,3.78,9.26,0.0,10.08,-0.0,9.26
2023-12-31T03:00:00,3,6,12,1,5.75,66.49,0.0,18.3,10.17,0.006,9.96,-0.0,10.164
2023-12-31T04:00:00,4,6,12,1,4.34,84.43,0.13,42.51,10.005,0.009,10.14,-0.0,9.996
2023-12-31T05:00:00,5,6,12,1,5.52,68.52,0.0,18.8,10.127,0.012,9.8,-0.0,10.115
2023-12-31T06:00:00,6,6,12,1,4.47,59.54,0.12,10.8,14.167,0.02,10.12,-0.0,14.147
2023-12-31T07:00:00,7,6,12,1,5.63,71.67,44.72,22.37,13.724,2.119,10.08,-0.0,11.605
2023-12-31T08:00:00,8,6,12,1,6.66,78.49,217.61,55.39,16.755,10.766,10.03,-0.0,5.989
2023-12-31T09:00:00,9,6,12,1,7.56,75.5,396.16,53.89,16.634,18.474,11.71,1.84,0.0
2023-12-31T10:00:00,10,6,12,1,13.58,64.85,668.61,33.38,19.081,30.895,22.81,11.814,0.0
2023-12-31T11:00:00,11,6,12,1,14.06,59.65,865.27,25.14,19.073,39.648,41.12,20.0,0.0
2023-12-31T12:00:00,12,6,12,1,14.35,62.79,725.63,46.3,19.773,34.435,54.66,14.662,0.0
2023-12-31T13:00:00,13,6,12,1,13.48,66.74,675.97,46.03,16.251,31.911,68.93,15.66,0.0
2023-12-31T14:00:00,14,6,12,1,14.72,61.62,731.61,22.37,16.42,34.357,85.53,17.937,0.0
2023-12-31T15:00:00,15,6,12,1,17.4,60.7,516.66,32.41,17.762,24.872,91.97,7.11,0.0
2023-12-31T16:00:00,16,6,12,1,18.97,71.22,238.82,49.21,16.04,10.996,86.84,-5.044,0.0
2023-12-31T17:00:00,17,6,12,1,14.51,75.18,28.26,69.07,16.935,1.392,71.43,-15.543,0.0
2023-12-31T18:00:00,18,6,12,1,16.22,69.68,0.0,27.08,18.965,0.014,52.32,-18.951,0.0
2023-12-31T19:00:00,19,6,12,1,13.83,60.17,2.13,23.43,18.957,0.011,33.59,-18.946,0.0
2023-12-31T20:00:00,20,6,12,1,12.11,62.53,1.33,37.33,19.752,0.0,13.48,-19.752,0.0
2023-12-31T21:00:00,21,6,12,1,12.13,69.55,2.61,50.88,19.031,0.0,9.96,-3.665,15.366
2023-12-31T22:00:00,22,6,12,1,8.07,70.93,0.0,33.96,17.677,0.0,9.9,-0.0,17.677
2023-12-31T23:00:00,23,6,12,1,5.92,71.92,3.11,44.12,15.189,0.0,10.35,-0.0,15.189
